{"condition_name": "Coronary artery stenosis", "guideline": "guideline_aafp.jsonl_4.json", "patient_nb": "1", "structured_patient": "{\n  \"symptoms\": [\n    {\n      \"name of the symptom\": \"exertional chest discomfort\",\n      \"intensity of symptom\": \"3/10\",\n      \"specific attributes of the symptom\": {\n        \"location\": \"chest\",\n        \"Quality of\": \"dull, pressure-like\",\n        \"temporalisation\": \"occurs during brisk walking, subsides with rest\"\n      },\n      \"When did the symptom appear\": \"during exertion\",\n      \"previous treatments\": \"\",\n      \"reaction to previous treatments\": \"\",\n      \"behaviour affecting the symptom\": \"brisk walking\"\n    }\n  ],\n  \"socio economic context\": {},\n  \"geographic_context\": {\n    \"location\": \"\",\n    \"recent travels\": \"\",\n    \"level of care\": \"\"\n  },\n  \"physiological context\": {},\n  \"psychological context\": {},\n  \"personal medical_history\": {\n    \"history of cardiovascular disease\": \"no\",\n    \"relevant risk factors\": \"no\",\n    \"history of diabetes\": \"no\",\n    \"history of hypertension\": \"no\",\n    \"history of hyperlipidemia\": \"no\"\n  },\n  \"family medical_history\": {\n    \"coronary artery disease in father\": \"yes\"\n  },\n  \"current medication\": {},\n  \"lifestyle factors\": {},\n  \"results of recent medical tests\": {\n    \"physical examination\": \"no significant abnormalities\",\n    \"resting electrocardiogram\": \"no significant abnormalities\"\n  }\n}"}