{"condition_name": "Growth plate fracture", "guideline": "guideline_mayo.jsonl_446.json", "patient_nb": "3", "structured_patient": "{\n    \"symptoms\": [\n        {\n            \"name of the symptom\": \"persistent knee pain\",\n            \"intensity of symptom\": \"6/10\",\n            \"specific attributes of the symptom\": {\n                \"location\": \"left knee joint\",\n                \"Quality of\": \"pain\",\n                \"temporalisation\": \"ongoing for two weeks\"\n            },\n            \"When did the symptom appear\": \"two weeks ago\",\n            \"previous treatments\": \"rest\",\n            \"reaction to previous treatments\": \"no improvement\",\n            \"behaviour affecting the symptom\": \"physical activities such as gymnastics\"\n        },\n        {\n            \"name of the symptom\": \"tenderness\",\n            \"intensity of symptom\": \"\",\n            \"specific attributes of the symptom\": {\n                \"location\": \"knee joint\",\n                \"Quality of\": \"tenderness\",\n                \"temporalisation\": \"\"\n            },\n            \"When did the symptom appear\": \"two weeks ago\",\n            \"previous treatments\": \"\",\n            \"reaction to previous treatments\": \"\",\n            \"behaviour affecting the symptom\": \"pressure applied to the knee\"\n        },\n        {\n            \"name of the symptom\": \"difficulty bearing weight\",\n            \"intensity of symptom\": \"\",\n            \"specific attributes of the symptom\": {\n                \"location\": \"left leg\",\n                \"Quality of\": \"difficulty bearing weight\",\n                \"temporalisation\": \"\"\n            },\n            \"When did the symptom appear\": \"two weeks ago\",\n            \"previous treatments\": \"\",\n            \"reaction to previous treatments\": \"\",\n            \"behaviour affecting the symptom\": \"weight-bearing on the affected leg\"\n        },\n        {\n            \"name of the symptom\": \"swelling\",\n            \"intensity of symptom\": \"\",\n            \"specific attributes of the symptom\": {\n                \"location\": \"around the affected knee\",\n                \"Quality of\": \"swelling\",\n                \"temporalisation\": \"\"\n            },\n            \"When did the symptom appear\": \"two weeks ago\",\n            \"previous treatments\": \"\",\n            \"reaction to previous treatments\": \"\",\n            \"behaviour affecting the symptom\": \"\"\n        },\n        {\n            \"name of the symptom\": \"warmth\",\n            \"intensity of symptom\": \"\",\n            \"specific attributes of the symptom\": {\n                \"location\": \"around the affected knee\",\n                \"Quality of\": \"warmth\",\n                \"temporalisation\": \"\"\n            },\n            \"When did the symptom appear\": \"two weeks ago\",\n            \"previous treatments\": \"\",\n            \"reaction to previous treatments\": \"\",\n            \"behaviour affecting the symptom\": \"\"\n        }\n    ],\n    \"socio economic context\": {},\n    \"geographic_context\": {\n        \"location\": \"\",\n        \"recent travels\": \"\",\n        \"level of care\": \"\"\n    },\n    \"physiological context\": {},\n    \"psychological context\": {},\n    \"personal medical_history\": {},\n    \"family medical_history\": {},\n    \"current medication\": {},\n    \"lifestyle factors\": {},\n    \"results of recent medical tests\": {}\n}"}