{"condition_name": "Chlamydia trachomatis", "guideline": "guideline_rch.jsonl_23.json", "patient_nb": "1", "structured_patient": "{\n  \"symptoms\": [\n    {\n      \"name of the symptom\": \"dysuria\",\n      \"intensity of symptom\": \"6/10\",\n      \"specific attributes of the symptom\": {\n        \"location\": \"urethra\",\n        \"Quality of\": \"painful urination\",\n        \"temporalisation\": \"two-week history\"\n      },\n      \"When did the symptom appear\": \"two weeks ago\",\n      \"previous treatments\": \"successfully treated STI six months ago\",\n      \"reaction to previous treaments\": \"unknown\",\n      \"behaviour affecting the symptom\": \"unprotected sexual activity with multiple partners\"\n    },\n    {\n      \"name of the symptom\": \"creamy urethral discharge\",\n      \"intensity of symptom\": \"\",\n      \"specific attributes of the symptom\": {\n        \"location\": \"urethra\",\n        \"Quality of\": \"discharge\",\n        \"temporalisation\": \"two-week history\"\n      },\n      \"When did the symptom appear\": \"two weeks ago\",\n      \"previous treatments\": \"successfully treated STI six months ago\",\n      \"reaction to previous treaments\": \"unknown\",\n      \"behaviour affecting the symptom\": \"unprotected sexual activity with multiple partners\"\n    },\n    {\n      \"name of the symptom\": \"testicular pain\",\n      \"intensity of symptom\": \"\",\n      \"specific attributes of the symptom\": {\n        \"location\": \"testicles\",\n        \"Quality of\": \"tenderness\",\n        \"temporalisation\": \"\"\n      },\n      \"When did the symptom appear\": \"\",\n      \"previous treatments\": \"successfully treated STI six months ago\",\n      \"reaction to previous treaments\": \"unknown\",\n      \"behaviour affecting the symptom\": \"unprotected sexual activity with multiple partners\"\n    }\n  ],\n  \"socio economic context\": {},\n  \"geographic_context\": {\n    \"location\": \"\",\n    \"recent travels\": \"\",\n    \"level of care\": \"\"\n  },\n  \"physiological context\": {},\n  \"psychological context\": {},\n  \"personal medical_history\": {\n    \"STI\": \"successfully treated six months ago\"\n  },\n  \"family medical_history\": {},\n  \"current medication\": {},\n  \"lifestyle factors\": {},\n  \"results of recent medical tests\": {}\n}"}