{"condition_name": "Acute Liver Failure", "guideline": "guideline_gc.jsonl_38.json", "patient_nb": "3", "structured_patient": "{\n    \"symptoms\": [\n        {\n            \"name of the symptom\": \"upper right quadrant abdominal pain\",\n            \"intensity of symptom\": \"severe\",\n            \"specific attributes of the symptom\": {\n                \"location\": \"upper right quadrant\",\n                \"Quality of\": \"pain\",\n                \"temporalisation\": \"N/A\"\n            },\n            \"When did the symptom appear\": \"N/A\",\n            \"previous treatments\": \"N/A\",\n            \"reaction to previous treaments\": \"N/A\",\n            \"behaviour affecting the symptom\": \"N/A\"\n        },\n        {\n            \"name of the symptom\": \"nausea\",\n            \"intensity of symptom\": \"N/A\",\n            \"specific attributes of the symptom\": {\n                \"location\": \"N/A\",\n                \"Quality of\": \"N/A\",\n                \"temporalisation\": \"N/A\"\n            },\n            \"When did the symptom appear\": \"N/A\",\n            \"previous treatments\": \"N/A\",\n            \"reaction to previous treaments\": \"N/A\",\n            \"behaviour affecting the symptom\": \"N/A\"\n        },\n        {\n            \"name of the symptom\": \"jaundice\",\n            \"intensity of symptom\": \"N/A\",\n            \"specific attributes of the symptom\": {\n                \"location\": \"N/A\",\n                \"Quality of\": \"yellow discoloration of skin and eyes\",\n                \"temporalisation\": \"N/A\"\n            },\n            \"When did the symptom appear\": \"N/A\",\n            \"previous treatments\": \"N/A\",\n            \"reaction to previous treaments\": \"N/A\",\n            \"behaviour affecting the symptom\": \"N/A\"\n        }\n    ],\n    \"socio economic context\": {},\n    \"geographic_context\": {\n        \"location\": \"N/A\",\n        \"recent travels\": \"N/A\",\n        \"level of care\": \"N/A\"\n    },\n    \"physiological context\": {},\n    \"psychological context\": {},\n    \"personal medical_history\": {\n        \"recurrent herpes simplex virus (HSV) infections\": \"present\"\n    },\n    \"family medical_history\": {},\n    \"current medication\": {},\n    \"lifestyle factors\": {},\n    \"results of recent medical tests\": {}\n}"}