{"condition_name": "Cardiac arrest", "guideline": "guideline_rch.jsonl_136.json", "patient_nb": "1", "structured_patient": "{\n    \"symptoms\": [\n        {\n            \"name of the symptom\": \"unconsciousness\",\n            \"intensity of symptom\": \"complete loss of consciousness\",\n            \"specific attributes of the symptom\": {\n                \"location\": \"n/a\",\n                \"Quality of\": \"n/a\",\n                \"temporalisation\": \"sudden onset\"\n            },\n            \"When did the symptom appear\": \"at home\",\n            \"previous treatments\": \"unknown\",\n            \"reaction to previous treatments\": \"unknown\",\n            \"behaviour affecting the symptom\": \"n/a\"\n        },\n        {\n            \"name of the symptom\": \"abnormal breathing\",\n            \"intensity of symptom\": \"abnormal and agonal\",\n            \"specific attributes of the symptom\": {\n                \"location\": \"respiratory system\",\n                \"Quality of\": \"irregular, gasping\",\n                \"temporalisation\": \"sudden onset\"\n            },\n            \"When did the symptom appear\": \"on arrival at the emergency room\",\n            \"previous treatments\": \"unknown\",\n            \"reaction to previous treatments\": \"unknown\",\n            \"behaviour affecting the symptom\": \"n/a\"\n        },\n        {\n            \"name of the symptom\": \"absence of palpable pulse\",\n            \"intensity of symptom\": \"complete absence\",\n            \"specific attributes of the symptom\": {\n                \"location\": \"vascular system\",\n                \"Quality of\": \"n/a\",\n                \"temporalisation\": \"n/a\"\n            },\n            \"When did the symptom appear\": \"on arrival at the emergency room\",\n            \"previous treatments\": \"unknown\",\n            \"reaction to previous treatments\": \"unknown\",\n            \"behaviour affecting the symptom\": \"n/a\"\n        }\n    ],\n    \"socio economic context\": {},\n    \"geographic_context\": {\n        \"location\": \"patient's home\",\n        \"recent travels\": \"\",\n        \"level of care\": \"emergency room\"\n    },\n    \"physiological context\": {},\n    \"psychological context\": {},\n    \"personal medical_history\": {\n        \"hypertension\": \"history of\"\n    },\n    \"family medical_history\": {\n        \"hypertension\": \"unknown\",\n        \"smoking-related conditions\": \"unknown\"\n    },\n    \"current medication\": {\n        \"hypertension medication\": \"unknown\"\n    },\n    \"lifestyle factors\": {\n        \"smoking\": \"history of\"\n    },\n    \"results of recent medical tests\": {}\n}"}