{"condition_name": "Infantile spasms (IS)", "guideline": "guideline_rch.jsonl_243.json", "patient_nb": "1", "structured_patient": "{\n    \"symptoms\": [\n        {\n            \"name of the symptom\": \"sudden muscle contractions\",\n            \"intensity of symptom\": \"undescribed\",\n            \"specific attributes of the symptom\": {\n                \"location\": \"neck, trunk, extremities\",\n                \"Quality of\": \"brief, clustered\",\n                \"temporalisation\": \"sudden onset\"\n            },\n            \"When did the symptom appear\": \"unclear, but recent\",\n            \"previous treatments\": \"\",\n            \"reaction to previous treatments\": \"\",\n            \"behaviour affecting the symptom\": \"\"\n        },\n        {\n            \"name of the symptom\": \"head nodding\",\n            \"intensity of symptom\": \"undescribed\",\n            \"specific attributes of the symptom\": {\n                \"location\": \"head\",\n                \"Quality of\": \"noticeable\",\n                \"temporalisation\": \"accompanies muscle contractions\"\n            },\n            \"When did the symptom appear\": \"unclear, but recent\",\n            \"previous treatments\": \"\",\n            \"reaction to previous treatments\": \"\",\n            \"behaviour affecting the symptom\": \"\"\n        },\n        {\n            \"name of the symptom\": \"facial or eye movements\",\n            \"intensity of symptom\": \"undescribed\",\n            \"specific attributes of the symptom\": {\n                \"location\": \"face, eyes\",\n                \"Quality of\": \"noticeable\",\n                \"temporalisation\": \"accompanies muscle contractions\"\n            },\n            \"When did the symptom appear\": \"unclear, but recent\",\n            \"previous treatments\": \"\",\n            \"reaction to previous treatments\": \"\",\n            \"behaviour affecting the symptom\": \"\"\n        }\n    ],\n    \"socio economic context\": {},\n    \"geographic_context\": {\n        \"location\": \"\",\n        \"recent travels\": \"\",\n        \"level of care\": \"\"\n    },\n    \"physiological context\": {},\n    \"psychological context\": {},\n    \"personal medical_history\": {},\n    \"family medical_history\": {},\n    \"current medication\": {},\n    \"lifestyle factors\": {},\n    \"results of recent medical tests\": {}\n}"}