{"condition_name": "Esophageal cancer", "guideline": "guideline_mayo.jsonl_370.json", "patient_nb": "2", "structured_patient": "{\n    \"symptoms\": [\n        {\n            \"name of the symptom\": \"chest pain\",\n            \"intensity of symptom\": \"5/10\",\n            \"specific attributes of the symptom\": {\n                \"location\": \"chest\",\n                \"Quality of\": \"burning sensation\",\n                \"temporalisation\": \"persistent\"\n            },\n            \"When did the symptom appear\": \"recently\",\n            \"previous treatments\": \"proton-pump inhibitor therapy\",\n            \"reaction to previous treatments\": \"worsening\",\n            \"behaviour affecting the symptom\": \"not mentioned\"\n        },\n        {\n            \"name of the symptom\": \"indigestion\",\n            \"intensity of symptom\": \"\",\n            \"specific attributes of the symptom\": {\n                \"location\": \"digestive system\",\n                \"Quality of\": \"not mentioned\",\n                \"temporalisation\": \"worsening\"\n            },\n            \"When did the symptom appear\": \"recently\",\n            \"previous treatments\": \"proton-pump inhibitor therapy\",\n            \"reaction to previous treatments\": \"not fully relieved\",\n            \"behaviour affecting the symptom\": \"not mentioned\"\n        },\n        {\n            \"name of the symptom\": \"heartburn\",\n            \"intensity of symptom\": \"\",\n            \"specific attributes of the symptom\": {\n                \"location\": \"esophagus\",\n                \"Quality of\": \"not mentioned\",\n                \"temporalisation\": \"worsening\"\n            },\n            \"When did the symptom appear\": \"recently\",\n            \"previous treatments\": \"proton-pump inhibitor therapy\",\n            \"reaction to previous treatments\": \"not fully relieved\",\n            \"behaviour affecting the symptom\": \"not mentioned\"\n        },\n        {\n            \"name of the symptom\": \"weight loss\",\n            \"intensity of symptom\": \"12 pounds over 2 months\",\n            \"specific attributes of the symptom\": {\n                \"location\": \"entire body\",\n                \"Quality of\": \"unintended\",\n                \"temporalisation\": \"progressive\"\n            },\n            \"When did the symptom appear\": \"last two months\",\n            \"previous treatments\": \"not mentioned\",\n            \"reaction to previous treatments\": \"not applicable\",\n            \"behaviour affecting the symptom\": \"not mentioned\"\n        },\n        {\n            \"name of the symptom\": \"hoarseness\",\n            \"intensity of symptom\": \"\",\n            \"specific attributes of the symptom\": {\n                \"location\": \"vocal cords\",\n                \"Quality of\": \"not mentioned\",\n                \"temporalisation\": \"new onset\"\n            },\n            \"When did the symptom appear\": \"recently\",\n            \"previous treatments\": \"not mentioned\",\n            \"reaction to previous treatments\": \"not applicable\",\n            \"behaviour affecting the symptom\": \"not mentioned\"\n        }\n    ],\n    \"socio economic context\": {},\n    \"geographic_context\": {\n        \"location\": \"\",\n        \"recent travels\": \"\",\n        \"level of care\": \"\"\n    },\n    \"physiological context\": {},\n    \"psychological context\": {},\n    \"personal medical_history\": {\n        \"obesity\": \"history of\",\n        \"GERD\": \"history of\"\n    },\n    \"family medical_history\": {},\n    \"current medication\": {\n        \"proton-pump inhibitors\": \"adherence to therapy\"\n    },\n    \"lifestyle factors\": {},\n    \"results of recent medical tests\": {}\n}"}