{"condition_name": "Oropharyngeal malignancy", "guideline": "guideline_nice.jsonl_1120.json", "patient_nb": "1", "structured_patient": "{\n  \"symptoms\": [\n    {\n      \"name of the symptom\": \"persistent sore throat\",\n      \"intensity of symptom\": \"6/10\",\n      \"specific attributes of the symptom\": {\n        \"location\": \"oropharyngeal region\",\n        \"Quality of\": \"pain\",\n        \"temporalisation\": \"ongoing for the past six months\"\n      },\n      \"When did the symptom appear\": \"\",\n      \"previous treatments\": \"\",\n      \"reaction to previous treatments\": \"\",\n      \"behaviour affecting the symptom\": \"history of smoking and heavy alcohol consumption\"\n    },\n    {\n      \"name of the symptom\": \"visible lesion\",\n      \"intensity of symptom\": \"\",\n      \"specific attributes of the symptom\": {\n        \"location\": \"oropharyngeal region\",\n        \"Quality of\": \"\",\n        \"temporalisation\": \"\"\n      },\n      \"When did the symptom appear\": \"\",\n      \"previous treatments\": \"\",\n      \"reaction to previous treatments\": \"\",\n      \"behaviour affecting the symptom\": \"history of smoking and heavy alcohol consumption\"\n    },\n    {\n      \"name of the symptom\": \"white patches\",\n      \"intensity of symptom\": \"\",\n      \"specific attributes of the symptom\": {\n        \"location\": \"oropharyngeal region\",\n        \"Quality of\": \"swollen and occasionally bled\",\n        \"temporalisation\": \"\"\n      },\n      \"When did the symptom appear\": \"\",\n      \"previous treatments\": \"\",\n      \"reaction to previous treatments\": \"\",\n      \"behaviour affecting the symptom\": \"history of smoking and heavy alcohol consumption\"\n    },\n    {\n      \"name of the symptom\": \"pain in the left ear\",\n      \"intensity of symptom\": \"5/10\",\n      \"specific attributes of the symptom\": {\n        \"location\": \"left ear\",\n        \"Quality of\": \"pain\",\n        \"temporalisation\": \"\"\n      },\n      \"When did the symptom appear\": \"\",\n      \"previous treatments\": \"\",\n      \"reaction to previous treatments\": \"\",\n      \"behaviour affecting the symptom\": \"history of smoking and heavy alcohol consumption\"\n    }\n  ],\n  \"socio economic context\": {},\n  \"geographic_context\": {\n    \"location\": \"\",\n    \"recent travels\": \"\",\n    \"level of care\": \"\"\n  },\n  \"physiological context\": {},\n  \"psychological context\": {},\n  \"personal medical_history\": {\n    \"history of smoking\": {},\n    \"history of heavy alcohol consumption\": {}\n  },\n  \"family medical_history\": {},\n  \"current medication\": {},\n  \"lifestyle factors\": {},\n  \"results of recent medical tests\": {}\n}"}