{"condition_name": "Baker cyst", "guideline": "guideline_mayo.jsonl_105.json", "patient_nb": "1", "structured_patient": "{\n  \"symptoms\": [\n    {\n      \"name of the symptom\": \"swelling\",\n      \"intensity of symptom\": \"4/10\",\n      \"specific attributes of the symptom\": {\n        \"location\": \"behind left knee\",\n        \"Quality of\": \"persistent\",\n        \"temporalisation\": \"several months\"\n      },\n      \"When did the symptom appear\": \"several months ago\",\n      \"previous treatments\": \"corticosteroid injections\",\n      \"reaction to previous treaments\": \"no improvement\",\n      \"behaviour affecting the symptom\": \"unknown\"\n    },\n    {\n      \"name of the symptom\": \"knee pain\",\n      \"intensity of symptom\": \"unknown\",\n      \"specific attributes of the symptom\": {\n        \"location\": \"knee\",\n        \"Quality of\": \"occasional\",\n        \"temporalisation\": \"unknown\"\n      },\n      \"When did the symptom appear\": \"unknown\",\n      \"previous treatments\": \"unknown\",\n      \"reaction to previous treaments\": \"unknown\",\n      \"behaviour affecting the symptom\": \"unknown\"\n    },\n    {\n      \"name of the symptom\": \"stiffness\",\n      \"intensity of symptom\": \"unknown\",\n      \"specific attributes of the symptom\": {\n        \"location\": \"knee joint\",\n        \"Quality of\": \"limiting ability to fully flex\",\n        \"temporalisation\": \"unknown\"\n      },\n      \"When did the symptom appear\": \"unknown\",\n      \"previous treatments\": \"unknown\",\n      \"reaction to previous treaments\": \"unknown\",\n      \"behaviour affecting the symptom\": \"unknown\"\n    }\n  ],\n  \"socio economic context\": {},\n  \"geographic_context\": {\n    \"location\": \"\",\n    \"recent travels\": \"\",\n    \"level of care\": \"\"\n  },\n  \"physiological context\": {},\n  \"psychological context\": {},\n  \"personal medical_history\": {\n    \"knee joint inflammation\": \"history of\"\n  },\n  \"family medical_history\": {},\n  \"current medication\": {},\n  \"lifestyle factors\": {},\n  \"results of recent medical tests\": {}\n}"}