{"condition_name": "Periprosthetic Joint Infections", "guideline": "guideline_gc.jsonl_294.json", "patient_nb": "2", "structured_patient": "{\n    \"symptoms\": [\n        {\n            \"name of the symptom\": \"fever\",\n            \"intensity of symptom\": \"persistent\",\n            \"specific attributes of the symptom\": {\n                \"location\": \"\",\n                \"Quality of\": \"unknown\",\n                \"temporalisation\": \"ongoing\"\n            },\n            \"When did the symptom appear\": \"\",\n            \"previous treatments\": \"\",\n            \"reaction to previous treatments\": \"\",\n            \"behaviour affecting the symptom\": \"\"\n        },\n        {\n            \"name of the symptom\": \"pain\",\n            \"intensity of symptom\": \"increased\",\n            \"specific attributes of the symptom\": {\n                \"location\": \"around prosthetic hip joint\",\n                \"Quality of\": \"unknown\",\n                \"temporalisation\": \"ongoing\"\n            },\n            \"When did the symptom appear\": \"\",\n            \"previous treatments\": \"\",\n            \"reaction to previous treatments\": \"\",\n            \"behaviour affecting the symptom\": \"\"\n        },\n        {\n            \"name of the symptom\": \"swelling\",\n            \"intensity of symptom\": \"increased\",\n            \"specific attributes of the symptom\": {\n                \"location\": \"around prosthetic hip joint\",\n                \"Quality of\": \"unknown\",\n                \"temporalisation\": \"ongoing\"\n            },\n            \"When did the symptom appear\": \"\",\n            \"previous treatments\": \"\",\n            \"reaction to previous treatments\": \"\",\n            \"behaviour affecting the symptom\": \"\"\n        },\n        {\n            \"name of the symptom\": \"redness\",\n            \"intensity of symptom\": \"present\",\n            \"specific attributes of the symptom\": {\n                \"location\": \"joint area\",\n                \"Quality of\": \"unknown\",\n                \"temporalisation\": \"ongoing\"\n            },\n            \"When did the symptom appear\": \"\",\n            \"previous treatments\": \"\",\n            \"reaction to previous treatments\": \"\",\n            \"behaviour affecting the symptom\": \"\"\n        },\n        {\n            \"name of the symptom\": \"warmth\",\n            \"intensity of symptom\": \"present\",\n            \"specific attributes of the symptom\": {\n                \"location\": \"joint area\",\n                \"Quality of\": \"unknown\",\n                \"temporalisation\": \"ongoing\"\n            },\n            \"When did the symptom appear\": \"\",\n            \"previous treatments\": \"\",\n            \"reaction to previous treatments\": \"\",\n            \"behaviour affecting the symptom\": \"\"\n        },\n        {\n            \"name of the symptom\": \"drainage of purulent fluid\",\n            \"intensity of symptom\": \"present\",\n            \"specific attributes of the symptom\": {\n                \"location\": \"joint area\",\n                \"Quality of\": \"unknown\",\n                \"temporalisation\": \"ongoing\"\n            },\n            \"When did the symptom appear\": \"\",\n            \"previous treatments\": \"\",\n            \"reaction to previous treatments\": \"\",\n            \"behaviour affecting the symptom\": \"\"\n        }\n    ],\n    \"socio economic context\": {},\n    \"geographic_context\": {\n        \"location\": \"\",\n        \"recent travels\": \"\",\n        \"level of care\": \"\"\n    },\n    \"physiological context\": {},\n    \"psychological context\": {},\n    \"personal medical_history\": {\n        \"cardiac disease\": \"history of\"\n    },\n    \"family medical_history\": {},\n    \"current medication\": {\n        \"anticoagulation therapy\": \"on\"\n    },\n    \"lifestyle factors\": {},\n    \"results of recent medical tests\": {}\n}"}