{"condition_name": "Moles", "guideline": "guideline_mayo.jsonl_655.json", "patient_nb": "1", "structured_patient": "{\n  \"symptoms\": [\n    {\n      \"name of the symptom\": \"presence of small brown spots\",\n      \"intensity of symptom\": \"\",\n      \"specific attributes of the symptom\": {\n        \"location\": \"arms and legs\",\n        \"Quality of\": \"shape and color variation (irregular)\",\n        \"temporalisation\": \"\"\n      },\n      \"When did the symptom appear\": \"\",\n      \"previous treatments\": \"\",\n      \"reaction to previous treaments\": \"\",\n      \"behaviour affecting the symptom\": \"frequent sun exposure, occasional peeling sunburns\"\n    },\n    {\n      \"name of the symptom\": \"raised, wrinkled mole\",\n      \"intensity of symptom\": \"mild intermittent itching\",\n      \"specific attributes of the symptom\": {\n        \"location\": \"back\",\n        \"Quality of\": \"raised and wrinkled\",\n        \"temporalisation\": \"\"\n      },\n      \"When did the symptom appear\": \"\",\n      \"previous treatments\": \"\",\n      \"reaction to previous treaments\": \"\",\n      \"behaviour affecting the symptom\": \"\"\n    }\n  ],\n  \"socio economic context\": {},\n  \"geographic_context\": {\n    \"location\": \"\",\n    \"recent travels\": \"\",\n    \"level of care\": \"\"\n  },\n  \"physiological context\": {},\n  \"psychological context\": {},\n  \"personal medical_history\": {\n    \"family history of melanoma\": \"yes\"\n  },\n  \"family medical_history\": {\n    \"melanoma\": \"present in the family\"\n  },\n  \"current medication\": {},\n  \"lifestyle factors\": {\n    \"history of frequent sun exposure\": \"due to outdoor activities\",\n    \"occasional peeling sunburns\": \"\"\n  },\n  \"results of recent medical tests\": {}\n}"}