{"condition_name": "End-stage renal disease", "guideline": "guideline_nice.jsonl_1494.json", "patient_nb": "3", "structured_patient": "{\n   \"symptoms\":[\n      {\n         \"name of the symptom\":\"Persistent pruritus\",\n         \"intensity of symptom\":\"\",\n         \"specific attributes of the symptom\":{\n            \"location\":\"\",\n            \"Quality of\":\"Itching sensation\",\n            \"temporalisation\":\"\"\n         },\n         \"When did the symptom appear\":\"\",\n         \"previous treatments\":\"Non-steroidal anti-inflammatory drugs (NSAIDs)\",\n         \"reaction to previous treatments\":\"Symptoms have worsened\",\n         \"behaviour affecting the symptom\":\"Long-term analgesic abuse for chronic back pain\"\n      },\n      {\n         \"name of the symptom\":\"Intermittent confusion\",\n         \"intensity of symptom\":\"\",\n         \"specific attributes of the symptom\":{\n            \"location\":\"\",\n            \"Quality of\":\"\",\n            \"temporalisation\":\"\"\n         },\n         \"When did the symptom appear\":\"\",\n         \"previous treatments\":\"\",\n         \"reaction to previous treatments\":\"\",\n         \"behaviour affecting the symptom\":\"\"\n      },\n      {\n         \"name of the symptom\":\"Generalized malaise\",\n         \"intensity of symptom\":\"\",\n         \"specific attributes of the symptom\":{\n            \"location\":\"\",\n            \"Quality of\":\"Feeling of discomfort and unease\",\n            \"temporalisation\":\"\"\n         },\n         \"When did the symptom appear\":\"\",\n         \"previous treatments\":\"\",\n         \"reaction to previous treatments\":\"\",\n         \"behaviour affecting the symptom\":\"\"\n      },\n      {\n         \"name of the symptom\":\"Joint pain\",\n         \"intensity of symptom\":\"5/10\",\n         \"specific attributes of the symptom\":{\n            \"location\":\"Joints\",\n            \"Quality of\":\"Aching and stiffness\",\n            \"temporalisation\":\"\"\n         },\n         \"When did the symptom appear\":\"Recognizes it as distinct from his chronic back pain\",\n         \"previous treatments\":\"Non-steroidal anti-inflammatory drugs (NSAIDs) for chronic back pain\",\n         \"reaction to previous treatments\":\"Symptoms have worsened\",\n         \"behaviour affecting the symptom\":\"Long-term analgesic abuse for chronic back pain\"\n      }\n   ],\n   \"socio economic context\":{},\n   \"geographic_context\":{\n      \"location\":\"\",\n      \"recent travels\":\"\",\n      \"level of care\":\"\"\n   },\n   \"physiological context\":{},\n   \"psychological context\":{},\n   \"personal medical_history\":{\n      \"history of long-term analgesic abuse\":\"For chronic back pain\"\n   },\n   \"family medical_history\":{},\n   \"current medication\":{},\n   \"lifestyle factors\":{},\n   \"results of recent medical tests\":{}\n}"}