{"condition_name": "Idiopathic hypersomnia", "guideline": "guideline_mayo.jsonl_528.json", "patient_nb": "2", "structured_patient": "{\n    \"symptoms\": [\n        {\n            \"name of the symptom\": \"daytime sleepiness\",\n            \"intensity of symptom\": \"9/10\",\n            \"specific attributes of the symptom\": {\n                \"location\": \"general\",\n                \"Quality of\": \"overwhelming\",\n                \"temporalisation\": \"during the day\"\n            },\n            \"When did the symptom appear\": \"over a year ago\",\n            \"previous treatments\": \"\",\n            \"reaction to previous treaments\": \"\",\n            \"behaviour affecting the symptom\": \"consistent 8-10 hours of sleep at night\"\n        },\n        {\n            \"name of the symptom\": \"difficulty waking up\",\n            \"intensity of symptom\": \"\",\n            \"specific attributes of the symptom\": {\n                \"location\": \"upon awakening\",\n                \"Quality of\": \"extreme\",\n                \"temporalisation\": \"in the morning\"\n            },\n            \"When did the symptom appear\": \"over a year ago\",\n            \"previous treatments\": \"\",\n            \"reaction to previous treaments\": \"\",\n            \"behaviour affecting the symptom\": \"requires assistance of multiple alarm clocks\"\n        },\n        {\n            \"name of the symptom\": \"confusion and disorientation\",\n            \"intensity of symptom\": \"\",\n            \"specific attributes of the symptom\": {\n                \"location\": \"upon awakening from naps\",\n                \"Quality of\": \"frequent\",\n                \"temporalisation\": \"\"\n            },\n            \"When did the symptom appear\": \"over a year ago\",\n            \"previous treatments\": \"\",\n            \"reaction to previous treaments\": \"\",\n            \"behaviour affecting the symptom\": \"taking daily naps\"\n        }\n    ],\n    \"socio economic context\": {},\n    \"geographic_context\": {\n        \"location\": \"\",\n        \"recent travels\": \"\",\n        \"level of care\": \"\"\n    },\n    \"physiological context\": {},\n    \"psychological context\": {},\n    \"personal medical_history\": {},\n    \"family medical_history\": {},\n    \"current medication\": {},\n    \"lifestyle factors\": {},\n    \"results of recent medical tests\": {}\n}"}