{"condition_name": "Low back pain", "guideline": "guideline_nice.jsonl_982.json", "patient_nb": "1", "structured_patient": "{\n  \"symptoms\": [\n    {\n      \"name of the symptom\": \"Chronic low back pain\",\n      \"intensity of symptom\": \"7/10\",\n      \"specific attributes of the symptom\": {\n        \"location\": \"Lumbar region\",\n        \"Quality of\": \"Sharp and shooting\",\n        \"temporalisation\": \"Persistent for approximately 18 months\"\n      },\n      \"When did the symptom appear\": \"Approximately 18 months ago\",\n      \"previous treatments\": \"Sporadic over-the-counter NSAID use\",\n      \"reaction to previous treaments\": \"Temporary relief\",\n      \"behaviour affecting the symptom\": \"Prolonged standing, heavy lifting\"\n    },\n    {\n      \"name of the symptom\": \"Radiating leg pain\",\n      \"intensity of symptom\": \"\",\n      \"specific attributes of the symptom\": {\n        \"location\": \"Back of left leg\",\n        \"Quality of\": \"Sharp and shooting\",\n        \"temporalisation\": \"\"\n      },\n      \"When did the symptom appear\": \"\",\n      \"previous treatments\": \"\",\n      \"reaction to previous treaments\": \"\",\n      \"behaviour affecting the symptom\": \"Prolonged standing, heavy lifting\"\n    },\n    {\n      \"name of the symptom\": \"Numbness\",\n      \"intensity of symptom\": \"\",\n      \"specific attributes of the symptom\": {\n        \"location\": \"Left leg\",\n        \"Quality of\": \"\",\n        \"temporalisation\": \"Occasional, particularly after prolonged standing or heavy lifting\"\n      },\n      \"When did the symptom appear\": \"\",\n      \"previous treatments\": \"\",\n      \"reaction to previous treaments\": \"\",\n      \"behaviour affecting the symptom\": \"Prolonged standing, heavy lifting\"\n    },\n    {\n      \"name of the symptom\": \"Weakness\",\n      \"intensity of symptom\": \"\",\n      \"specific attributes of the symptom\": {\n        \"location\": \"Left leg\",\n        \"Quality of\": \"\",\n        \"temporalisation\": \"Occasional, particularly after prolonged standing or heavy lifting\"\n      },\n      \"When did the symptom appear\": \"\",\n      \"previous treatments\": \"\",\n      \"reaction to previous treaments\": \"\",\n      \"behaviour affecting the symptom\": \"Prolonged standing, heavy lifting\"\n    }\n  ],\n  \"socio economic context\": {},\n  \"geographic_context\": {\n    \"location\": \"\",\n    \"recent travels\": \"\",\n    \"level of care\": \"\"\n  },\n  \"physiological context\": {},\n  \"psychological context\": {},\n  \"personal medical_history\": {},\n  \"family medical_history\": {},\n  \"current medication\": {},\n  \"lifestyle factors\": {},\n  \"results of recent medical tests\": {}\n}"}