{"condition_name": "Rhabdomyosarcoma", "guideline": "guideline_mayo.jsonl_874.json", "patient_nb": "1", "structured_patient": "{\n    \"symptoms\": [\n        {\n            \"name of the symptom\": \"persistent and severe headache\",\n            \"intensity of symptom\": \"7/10\",\n            \"specific attributes of the symptom\": {\n                \"location\": \"not specified\",\n                \"Quality of\": \"not specified\",\n                \"temporalisation\": \"ongoing for the past three weeks\"\n            },\n            \"When did the symptom appear\": \"past three weeks\",\n            \"previous treatments\": \"over-the-counter analgesics\",\n            \"reaction to previous treaments\": \"not alleviated\",\n            \"behaviour affecting the symptom\": \"\"\n        },\n        {\n            \"name of the symptom\": \"bulging of the left eye\",\n            \"intensity of symptom\": \"\",\n            \"specific attributes of the symptom\": {\n                \"location\": \"left eye\",\n                \"Quality of\": \"proptosis\",\n                \"temporalisation\": \"\"\n            },\n            \"When did the symptom appear\": \"past three weeks\",\n            \"previous treatments\": \"\",\n            \"reaction to previous treaments\": \"\",\n            \"behaviour affecting the symptom\": \"\"\n        },\n        {\n            \"name of the symptom\": \"intermittent bleeding from left nostril\",\n            \"intensity of symptom\": \"\",\n            \"specific attributes of the symptom\": {\n                \"location\": \"left nostril\",\n                \"Quality of\": \"bleeding\",\n                \"temporalisation\": \"during this period\"\n            },\n            \"When did the symptom appear\": \"past three weeks\",\n            \"previous treatments\": \"\",\n            \"reaction to previous treaments\": \"\",\n            \"behaviour affecting the symptom\": \"\"\n        }\n    ],\n    \"socio economic context\": {},\n    \"geographic_context\": {\n        \"location\": \"\",\n        \"recent travels\": \"\",\n        \"level of care\": \"\"\n    },\n    \"physiological context\": {},\n    \"psychological context\": {},\n    \"personal medical_history\": {},\n    \"family medical_history\": {},\n    \"current medication\": {},\n    \"lifestyle factors\": {},\n    \"results of recent medical tests\": {}\n}"}