{"condition_name": "Prostate Cancer", "guideline": "guideline_gc.jsonl_300.json", "patient_nb": "2", "structured_patient": "{\n    \"symptoms\": [\n        {\n            \"name of the symptom\": \"elevated PSA level\",\n            \"intensity of symptom\": \"\",\n            \"specific attributes of the symptom\": {\n                \"location\": \"\",\n                \"Quality of\": \"elevated\",\n                \"temporalisation\": \"\"\n            },\n            \"When did the symptom appear\": \"routine check-up\",\n            \"previous treatments\": \"\",\n            \"reaction to previous treaments\": \"\",\n            \"behaviour affecting the symptom\": \"may be influenced by lifestyle factors\"\n        }\n    ],\n    \"socio economic context\": {},\n    \"geographic_context\": {\n        \"location\": \"\",\n        \"recent travels\": \"\",\n        \"level of care\": \"\"\n    },\n    \"physiological context\": {},\n    \"psychological context\": {},\n    \"personal medical_history\": {\n        \"family history\": \"prostate cancer (strong)\"\n    },\n    \"family medical_history\": {\n        \"prostate cancer\": \"present in the family\"\n    },\n    \"current medication\": {},\n    \"lifestyle factors\": {},\n    \"results of recent medical tests\": {\n        \"PSA level\": \"5.5 ng/mL\"\n    }\n}"}