{"condition_name": "Respiratory Syncytial Virus (RSV) infection", "guideline": "guideline_rch.jsonl_242.json", "patient_nb": "1", "structured_patient": "{\n    \"symptoms\": [\n        {\n            \"name of the symptom\": \"persistent cough\",\n            \"intensity of symptom\": \"worsened\",\n            \"specific attributes of the symptom\": {\n                \"location\": \"respiratory tract\",\n                \"Quality of\": \"coughing during feeding and at night, disturbing sleep\",\n                \"temporalisation\": \"over the past five days\"\n            },\n            \"When did the symptom appear\": \"\",\n            \"previous treatments\": \"inhaled bronchodilators and corticosteroids for chronic lung disease\",\n            \"reaction to previous treaments\": \"progressive deterioration in respiratory status\",\n            \"behaviour affecting the symptom\": \"\"\n        },\n        {\n            \"name of the symptom\": \"wheezing\",\n            \"intensity of symptom\": \"noticeable\",\n            \"specific attributes of the symptom\": {\n                \"location\": \"respiratory tract\",\n                \"Quality of\": \"\",\n                \"temporalisation\": \"\"\n            },\n            \"When did the symptom appear\": \"\",\n            \"previous treatments\": \"inhaled bronchodilators and corticosteroids for chronic lung disease\",\n            \"reaction to previous treaments\": \"progressive deterioration in respiratory status\",\n            \"behaviour affecting the symptom\": \"\"\n        },\n        {\n            \"name of the symptom\": \"increased respiratory effort\",\n            \"intensity of symptom\": \"\",\n            \"specific attributes of the symptom\": {\n                \"location\": \"respiratory\",\n                \"Quality of\": \"intermittent episodes of nasal flaring and chest retractions\",\n                \"temporalisation\": \"\"\n            },\n            \"When did the symptom appear\": \"\",\n            \"previous treatments\": \"inhaled bronchodilators and corticosteroids for chronic lung disease\",\n            \"reaction to previous treaments\": \"progressive deterioration in respiratory status\",\n            \"behaviour affecting the symptom\": \"\"\n        }\n    ],\n    \"socio economic context\": {},\n    \"geographic_context\": {\n        \"location\": \"\",\n        \"recent travels\": \"\",\n        \"level of care\": \"\"\n    },\n    \"physiological context\": {},\n    \"psychological context\": {},\n    \"personal medical_history\": {\n        \"chronic lung disease of prematurity\": \"yes, history present\",\n        \"required oxygen therapy during neonatal period\": \"yes\"\n    },\n    \"family medical_history\": {},\n    \"current medication\": {\n        \"inhaled bronchodilators\": \"yes, for chronic lung disease\",\n        \"corticosteroids\": \"yes, for chronic lung disease\"\n    },\n    \"lifestyle factors\": {},\n    \"results of recent medical tests\": {}\n}"}