{"condition_name": "Asymptomatic Carotid Artery Stenosis", "guideline": "guideline_usp.jsonl_34.json", "patient_nb": "1", "structured_patient": "{\n    \"symptoms\": [\n        {\n            \"name of the symptom\": \"intermittent episodes of transient visual disturbances\",\n            \"intensity of symptom\": \"not specified\",\n            \"specific attributes of the symptom\": {\n                \"location\": \"right eye\",\n                \"Quality of\": \"curtain-like sensation\",\n                \"temporalisation\": \"occurring several times a week, lasting for a few minutes each time\"\n            },\n            \"When did the symptom appear\": \"not specified\",\n            \"previous treatments\": \"none mentioned\",\n            \"reaction to previous treatments\": \"not applicable\",\n            \"behaviour affecting the symptom\": \"not specified\"\n        },\n        {\n            \"name of the symptom\": \"mild numbness\",\n            \"intensity of symptom\": \"2/10\",\n            \"specific attributes of the symptom\": {\n                \"location\": \"right side of face and hand\",\n                \"Quality of\": \"not specified\",\n                \"temporalisation\": \"occurring during the same episodes as visual disturbances\"\n            },\n            \"When did the symptom appear\": \"not specified\",\n            \"previous treatments\": \"none mentioned\",\n            \"reaction to previous treatments\": \"not applicable\",\n            \"behaviour affecting the symptom\": \"not specified\"\n        }\n    ],\n    \"socio economic context\": {},\n    \"geographic_context\": {\n        \"location\": \"\",\n        \"recent travels\": \"\",\n        \"level of care\": \"\"\n    },\n    \"physiological context\": {},\n    \"psychological context\": {},\n    \"personal medical_history\": {\n        \"hypertension\": \"yes\"\n    },\n    \"family medical_history\": {},\n    \"current medication\": {\n        \"antihypertensive medication\": \"yes\"\n    },\n    \"lifestyle factors\": {},\n    \"results of recent medical tests\": {}\n}"}