{"condition_name": "Peripheral arterial disease causing refractory erectile dysfunction", "guideline": "guideline_nice.jsonl_962.json", "patient_nb": "3", "structured_patient": "{\n    \"symptoms\": [\n        {\n            \"name of the symptom\": \"erectile dysfunction\",\n            \"intensity of symptom\": \"severely affecting self-confidence and intimate relationships\",\n            \"specific attributes of the symptom\": {\n                \"location\": \"penis\",\n                \"Quality of\": \"persistent\",\n                \"temporalisation\": \"refractory\"\n            },\n            \"When did the symptom appear\": \"\",\n            \"previous treatments\": \"\",\n            \"reaction to previous treatments\": \"\",\n            \"behaviour affecting the symptom\": \"atherosclerosis and diabetes\"\n        }\n    ],\n    \"socio economic context\": {},\n    \"geographic_context\": {\n        \"location\": \"\",\n        \"recent travels\": \"\",\n        \"level of care\": \"\"\n    },\n    \"physiological context\": {},\n    \"psychological context\": {},\n    \"personal medical_history\": {\n        \"atherosclerosis\": \"actively managed\",\n        \"diabetes\": \"actively managed\"\n    },\n    \"family medical_history\": {},\n    \"current medication\": {},\n    \"lifestyle factors\": {\n        \"glycemic control\": \"actively managed\",\n        \"lifestyle modifications\": \"implemented\"\n    },\n    \"results of recent medical tests\": {}\n}"}