{"condition_name": "Hot flashes", "guideline": "guideline_mayo.jsonl_505.json", "patient_nb": "4", "structured_patient": "{\n    \"symptoms\": [\n        {\n            \"name of the symptom\": \"hot flashes\",\n            \"intensity of symptom\": \"intense\",\n            \"specific attributes of the symptom\": {\n                \"location\": \"chest, neck, and face\",\n                \"Quality of\": \"warmth and flushed appearance\",\n                \"temporalisation\": \"sudden, recurrent episodes\"\n            },\n            \"When did the symptom appear\": \"recently, with an extended duration\",\n            \"previous treatments\": \"\",\n            \"reaction to previous treatments\": \"\",\n            \"behaviour affecting the symptom\": \"unknown\"\n        },\n        {\n            \"name of the symptom\": \"rapid heartbeat\",\n            \"intensity of symptom\": \"\",\n            \"specific attributes of the symptom\": {\n                \"location\": \"\",\n                \"Quality of\": \"\",\n                \"temporalisation\": \"associated with hot flashes\"\n            },\n            \"When did the symptom appear\": \"recently, with an extended duration\",\n            \"previous treatments\": \"\",\n            \"reaction to previous treatments\": \"\",\n            \"behaviour affecting the symptom\": \"unknown\"\n        },\n        {\n            \"name of the symptom\": \"profuse perspiration\",\n            \"intensity of symptom\": \"profuse\",\n            \"specific attributes of the symptom\": {\n                \"location\": \"primarily upper body\",\n                \"Quality of\": \"\",\n                \"temporalisation\": \"associated with hot flashes\"\n            },\n            \"When did the symptom appear\": \"recently, with an extended duration\",\n            \"previous treatments\": \"\",\n            \"reaction to previous treatments\": \"\",\n            \"behaviour affecting the symptom\": \"unknown\"\n        },\n        {\n            \"name of the symptom\": \"chilled sensation\",\n            \"intensity of symptom\": \"\",\n            \"specific attributes of the symptom\": {\n                \"location\": \"\",\n                \"Quality of\": \"chilled\",\n                \"temporalisation\": \"after hot flashes subside\"\n            },\n            \"When did the symptom appear\": \"recently, with an extended duration\",\n            \"previous treatments\": \"\",\n            \"reaction to previous treatments\": \"\",\n            \"behaviour affecting the symptom\": \"unknown\"\n        },\n        {\n            \"name of the symptom\": \"anxiety\",\n            \"intensity of symptom\": \"\",\n            \"specific attributes of the symptom\": {\n                \"location\": \"\",\n                \"Quality of\": \"feelings of anxiety\",\n                \"temporalisation\": \"associated with hot flashes\"\n            },\n            \"When did the symptom appear\": \"recently, with an extended duration\",\n            \"previous treatments\": \"\",\n            \"reaction to previous treatments\": \"\",\n            \"behaviour affecting the symptom\": \"unknown\"\n        },\n        {\n            \"name of the symptom\": \"disrupted nighttime sleep\",\n            \"intensity of symptom\": \"\",\n            \"specific attributes of the symptom\": {\n                \"location\": \"\",\n                \"Quality of\": \"\",\n                \"temporalisation\": \"frequent episodes due to hot flashes\"\n            },\n            \"When did the symptom appear\": \"recently, with an extended duration\",\n            \"previous treatments\": \"\",\n            \"reaction to previous treatments\": \"\",\n            \"behaviour affecting the symptom\": \"unknown\"\n        }\n    ],\n    \"socio economic context\": {},\n    \"geographic_context\": {\n        \"location\": \"\",\n        \"recent travels\": \"\",\n        \"level of care\": \"\"\n    },\n    \"physiological context\": {},\n    \"psychological context\": {},\n    \"personal medical_history\": {},\n    \"family medical_history\": {},\n    \"current medication\": {},\n    \"lifestyle factors\": {},\n    \"results of recent medical tests\": {}\n}"}