{"condition_name": "Stress urinary incontinence in women", "guideline": "guideline_nice.jsonl_1546.json", "patient_nb": "1", "structured_patient": "{\n    \"symptoms\": [\n        {\n            \"name of the symptom\": \"urinary incontinence\",\n            \"intensity of symptom\": \"\",\n            \"specific attributes of the symptom\": {\n                \"location\": \"urinary tract\",\n                \"Quality of\": \"involuntary leakage of urine\",\n                \"temporalisation\": \"during physical activities and sudden movements\"\n            },\n            \"When did the symptom appear\": \"last six months\",\n            \"previous treatments\": \"pelvic floor exercises\",\n            \"reaction to previous treaments\": \"limited efficacy\",\n            \"behaviour affecting the symptom\": \"physical activities, coughing, sneezing, laughing\"\n        }\n    ],\n    \"socio economic context\": {},\n    \"geographic_context\": {\n        \"location\": \"\",\n        \"recent travels\": \"\",\n        \"level of care\": \"\"\n    },\n    \"physiological context\": {},\n    \"psychological context\": {},\n    \"personal medical_history\": {\n        \"vaginal deliveries\": \"three\"\n    },\n    \"family medical_history\": {},\n    \"current medication\": {},\n    \"lifestyle factors\": {},\n    \"results of recent medical tests\": {}\n}"}