{"condition_name": "Gastrointestinal stromal tumours", "guideline": "guideline_nice.jsonl_232.json", "patient_nb": "3", "structured_patient": "{\n    \"symptoms\": [\n        {\n            \"name of the symptom\": \"epigastric pain\",\n            \"intensity of symptom\": \"8/10\",\n            \"specific attributes of the symptom\": {\n                \"location\": \"epigastric region\",\n                \"Quality of\": \"persistent, burning with a sharp quality\",\n                \"temporalisation\": \"worsened over the last six months\"\n            },\n            \"When did the symptom appear\": \"\",\n            \"previous treatments\": \"proton pump inhibitors\",\n            \"reaction to previous treaments\": \"symptoms progressively worsened\",\n            \"behaviour affecting the symptom\": \"acid reflux\"\n        },\n        {\n            \"name of the symptom\": \"acid reflux\",\n            \"intensity of symptom\": \"\",\n            \"specific attributes of the symptom\": {\n                \"location\": \"lower oesophagus\",\n                \"Quality of\": \"\",\n                \"temporalisation\": \"\"\n            },\n            \"When did the symptom appear\": \"\",\n            \"previous treatments\": \"proton pump inhibitors\",\n            \"reaction to previous treaments\": \"refractory\",\n            \"behaviour affecting the symptom\": \"\"\n        }\n    ],\n    \"socio economic context\": {},\n    \"geographic_context\": {\n        \"location\": \"\",\n        \"recent travels\": \"\",\n        \"level of care\": \"\"\n    },\n    \"physiological context\": {},\n    \"psychological context\": {},\n    \"personal medical_history\": {\n        \"Barrett's oesophagus\": \"\"\n    },\n    \"family medical_history\": {},\n    \"current medication\": {},\n    \"lifestyle factors\": {},\n    \"results of recent medical tests\": {\n        \"upper endoscopy\": \"revealed a large, ulcerated mass in the lower oesophagus\"\n    }\n}"}