{"condition_name": "plaque psoriasis", "guideline": "guideline_nice.jsonl_698.json", "patient_nb": "3", "structured_patient": "{\n    \"symptoms\": [\n        {\n            \"name of the symptom\": \"red patches covered with silvery scales\",\n            \"intensity of symptom\": \"moderate itching and burning sensations (5/10)\",\n            \"specific attributes of the symptom\": {\n                \"location\": \"distributed across approximately 40% of the body surface area\",\n                \"Quality of\": \"persistent, extensive\",\n                \"temporalisation\": \"N/A\"\n            },\n            \"When did the symptom appear\": \"N/A\",\n            \"previous treatments\": \"N/A\",\n            \"reaction to previous treaments\": \"N/A\",\n            \"behaviour affecting the symptom\": \"N/A\"\n        },\n        {\n            \"name of the symptom\": \"dry, cracked skin\",\n            \"intensity of symptom\": \"intermittently bled\",\n            \"specific attributes of the symptom\": {\n                \"location\": \"N/A\",\n                \"Quality of\": \"N/A\",\n                \"temporalisation\": \"N/A\"\n            },\n            \"When did the symptom appear\": \"N/A\",\n            \"previous treatments\": \"N/A\",\n            \"reaction to previous treaments\": \"N/A\",\n            \"behaviour affecting the symptom\": \"N/A\"\n        },\n        {\n            \"name of the symptom\": \"thickened, ridged nails\",\n            \"intensity of symptom\": \"N/A\",\n            \"specific attributes of the symptom\": {\n                \"location\": \"on multiple fingers\",\n                \"Quality of\": \"N/A\",\n                \"temporalisation\": \"N/A\"\n            },\n            \"When did the symptom appear\": \"N/A\",\n            \"previous treatments\": \"N/A\",\n            \"reaction to previous treaments\": \"N/A\",\n            \"behaviour affecting the symptom\": \"N/A\"\n        },\n        {\n            \"name of the symptom\": \"joint stiffness and swelling\",\n            \"intensity of symptom\": \"affecting mobility\",\n            \"specific attributes of the symptom\": {\n                \"location\": \"knees and elbows\",\n                \"Quality of\": \"N/A\",\n                \"temporalisation\": \"N/A\"\n            },\n            \"When did the symptom appear\": \"N/A\",\n            \"previous treatments\": \"N/A\",\n            \"reaction to previous treaments\": \"N/A\",\n            \"behaviour affecting the symptom\": \"N/A\"\n        }\n    ],\n    \"socio economic context\": {},\n    \"geographic_context\": {\n        \"location\": \"N/A\",\n        \"recent travels\": \"N/A\",\n        \"level of care\": \"N/A\"\n    },\n    \"physiological context\": {},\n    \"psychological context\": {},\n    \"personal medical_history\": {},\n    \"family medical_history\": {},\n    \"current medication\": {},\n    \"lifestyle factors\": {},\n    \"results of recent medical tests\": {}\n}"}