{"condition_name": "Small Cell Lung Cancer", "guideline": "guideline_gc.jsonl_780.json", "patient_nb": "3", "structured_patient": "{\n  \"symptoms\": [\n    {\n      \"name of the symptom\": \"productive cough\",\n      \"intensity of symptom\": \"\",\n      \"specific attributes of the symptom\": {\n        \"location\": \"chest\",\n        \"Quality of\": \"mucus production\",\n        \"temporalisation\": \"recurrent\"\n      },\n      \"When did the symptom appear\": \"four months ago\",\n      \"previous treatments\": \"multiple courses of antibiotics\",\n      \"reaction to previous treatments\": \"symptoms have not fully resolved\",\n      \"behaviour affecting the symptom\": \"former heavy smoker\"\n    },\n    {\n      \"name of the symptom\": \"fever\",\n      \"intensity of symptom\": \"\",\n      \"specific attributes of the symptom\": {\n        \"location\": \"\",\n        \"Quality of\": \"body temperature elevation\",\n        \"temporalisation\": \"recurrent\"\n      },\n      \"When did the symptom appear\": \"four months ago\",\n      \"previous treatments\": \"multiple courses of antibiotics\",\n      \"reaction to previous treatments\": \"symptoms have not fully resolved\",\n      \"behaviour affecting the symptom\": \"former heavy smoker\"\n    },\n    {\n      \"name of the symptom\": \"pleuritic chest pain\",\n      \"intensity of symptom\": \"6/10\",\n      \"specific attributes of the symptom\": {\n        \"location\": \"chest\",\n        \"Quality of\": \"pain\",\n        \"temporalisation\": \"recurrent\"\n      },\n      \"When did the symptom appear\": \"four months ago\",\n      \"previous treatments\": \"multiple courses of antibiotics\",\n      \"reaction to previous treatments\": \"symptoms have not fully resolved\",\n      \"behaviour affecting the symptom\": \"former heavy smoker\"\n    }\n  ],\n  \"socio economic context\": {},\n  \"geographic_context\": {\n    \"location\": \"\",\n    \"recent travels\": \"\",\n    \"level of care\": \"\"\n  },\n  \"physiological context\": {},\n  \"psychological context\": {},\n  \"personal medical_history\": {\n    \"chronic obstructive pulmonary disease (COPD)\": \"\"\n  },\n  \"family medical_history\": {},\n  \"current medication\": {},\n  \"lifestyle factors\": {\n    \"smoking history\": \"former heavy smoker with a 40-pack-year history\"\n  },\n  \"results of recent medical tests\": {\n    \"chest CT with intravenous contrast\": \"revealed a 6 cm mass in the right middle lobe, associated post-obstructive pneumonia\",\n    \"PET imaging\": \"showed increased metabolic activity within the lung mass\"\n  }\n}"}