{"condition_name": "Pulmonary Hypertension Due to Left Heart Disease", "guideline": "guideline_gc.jsonl_121.json", "patient_nb": "3", "structured_patient": "{\n    \"symptoms\": [\n        {\n            \"name of the symptom\": \"dyspnea\",\n            \"intensity of symptom\": \"8/10\",\n            \"specific attributes of the symptom\": {\n                \"location\": \"chest\",\n                \"Quality of\": \"constricting\",\n                \"temporalisation\": \"progressively worsening\"\n            },\n            \"When did the symptom appear\": \"six months ago\",\n            \"previous treatments\": \"no treatment\",\n            \"reaction to previous treatments\": \"n/a\",\n            \"behaviour affecting the symptom\": \"exertion\"\n        }\n    ],\n    \"socio economic context\": {},\n    \"geographic_context\": {\n        \"location\": \"\",\n        \"recent travels\": \"\",\n        \"level of care\": \"\"\n    },\n    \"physiological context\": {},\n    \"psychological context\": {},\n    \"personal medical_history\": {\n        \"hypertension\": \"untreated\",\n        \"atrial fibrillation\": \"documented history\"\n    },\n    \"family medical_history\": {},\n    \"current medication\": {},\n    \"lifestyle factors\": {},\n    \"results of recent medical tests\": {\n        \"echocardiography\": \"left ventricular hypertrophy, reduced left ventricular ejection fraction, right ventricular abnormality, indicating intermediate to high probability of pulmonary hypertension due to left heart disease (PH-LHD)\"\n    }\n}"}