{"condition_name": "Respiratory Failure", "guideline": "guideline_rch.jsonl_71.json", "patient_nb": "1", "structured_patient": "{\n    \"symptoms\": [\n        {\n            \"name of the symptom\": \"dyspnea\",\n            \"intensity of symptom\": \"increasingly severe\",\n            \"specific attributes of the symptom\": {\n                \"location\": \"chest\",\n                \"Quality of\": \"tightness\",\n                \"temporalisation\": \"gradually worsening over the past few months\"\n            },\n            \"When did the symptom appear\": \"past few months\",\n            \"previous treatments\": \"use of bronchodilators and inhaled corticosteroids\",\n            \"reaction to previous treaments\": \"symptoms have not improved\",\n            \"behaviour affecting the symptom\": \"long-term smoking habit\"\n        },\n        {\n            \"name of the symptom\": \"persistent cough\",\n            \"intensity of symptom\": \"\",\n            \"specific attributes of the symptom\": {\n                \"location\": \"\",\n                \"Quality of\": \"non-productive\",\n                \"temporalisation\": \"\"\n            },\n            \"When did the symptom appear\": \"\",\n            \"previous treatments\": \"use of bronchodilators and inhaled corticosteroids\",\n            \"reaction to previous treaments\": \"symptoms have not improved\",\n            \"behaviour affecting the symptom\": \"long-term smoking habit\"\n        },\n        {\n            \"name of the symptom\": \"bluish discoloration of lips\",\n            \"intensity of symptom\": \"\",\n            \"specific attributes of the symptom\": {\n                \"location\": \"lips\",\n                \"Quality of\": \"discoloration\",\n                \"temporalisation\": \"during more severe episodes\"\n            },\n            \"When did the symptom appear\": \"during more severe episodes\",\n            \"previous treatments\": \"use of bronchodilators and inhaled corticosteroids\",\n            \"reaction to previous treaments\": \"symptoms have not improved\",\n            \"behaviour affecting the symptom\": \"long-term smoking habit\"\n        }\n    ],\n    \"socio economic context\": {},\n    \"geographic_context\": {\n        \"location\": \"\",\n        \"recent travels\": \"\",\n        \"level of care\": \"\"\n    },\n    \"physiological context\": {},\n    \"psychological context\": {},\n    \"personal medical_history\": {\n        \"chronic lung disease\": \"history of\"\n    },\n    \"family medical_history\": {},\n    \"current medication\": {},\n    \"lifestyle factors\": {\n        \"smoking habit\": \"long-term\"\n    },\n    \"results of recent medical tests\": {\n        \"arterial blood gas analysis\": \"hypoxemia and hypercapnia\"\n    }\n}"}