{"condition_name": "Rhinosinusitis", "guideline": "guideline_gc.jsonl_466.json", "patient_nb": "3", "structured_patient": "{\n    \"symptoms\": [\n        {\n            \"name of the symptom\": \"nasal congestion\",\n            \"intensity of symptom\": \"severe\",\n            \"specific attributes of the symptom\": {\n                \"location\": \"nasal passages\",\n                \"Quality of\": \"obstruction\",\n                \"temporalisation\": \"persistent\"\n            },\n            \"When did the symptom appear\": \"protracted history\",\n            \"previous treatments\": \"oral corticosteroids, nasal sprays\",\n            \"reaction to previous treatments\": \"temporary relief\",\n            \"behaviour affecting the symptom\": \"\"\n        },\n        {\n            \"name of the symptom\": \"hyposmia\",\n            \"intensity of symptom\": \"\",\n            \"specific attributes of the symptom\": {\n                \"location\": \"olfactory senses\",\n                \"Quality of\": \"reduced sense of smell\",\n                \"temporalisation\": \"protracted\"\n            },\n            \"When did the symptom appear\": \"protracted history\",\n            \"previous treatments\": \"oral corticosteroids, nasal sprays\",\n            \"reaction to previous treatments\": \"temporary relief\",\n            \"behaviour affecting the symptom\": \"\"\n        },\n        {\n            \"name of the symptom\": \"bilateral nasal polyposis\",\n            \"intensity of symptom\": \"\",\n            \"specific attributes of the symptom\": {\n                \"location\": \"nasal passages\",\n                \"Quality of\": \"polyps\",\n                \"temporalisation\": \"\"\n            },\n            \"When did the symptom appear\": \"decade-long history\",\n            \"previous treatments\": \"oral corticosteroids, nasal sprays\",\n            \"reaction to previous treatments\": \"temporary relief\",\n            \"behaviour affecting the symptom\": \"\"\n        },\n        {\n            \"name of the symptom\": \"facial pain\",\n            \"intensity of symptom\": \"intermittently sharp\",\n            \"specific attributes of the symptom\": {\n                \"location\": \"face\",\n                \"Quality of\": \"pain\",\n                \"temporalisation\": \"acute episodes\"\n            },\n            \"When did the symptom appear\": \"\",\n            \"previous treatments\": \"\",\n            \"reaction to previous treatments\": \"\",\n            \"behaviour affecting the symptom\": \"\"\n        }\n    ],\n    \"socio economic context\": {},\n    \"geographic_context\": {\n        \"location\": \"\",\n        \"recent travels\": \"\",\n        \"level of care\": \"\"\n    },\n    \"physiological context\": {},\n    \"psychological context\": {},\n    \"personal medical_history\": {\n        \"nasal polyps\": \"managed with oral corticosteroids and nasal sprays\"\n    },\n    \"family medical_history\": {},\n    \"current medication\": {},\n    \"lifestyle factors\": {},\n    \"results of recent medical tests\": {}\n}"}