{"condition_name": "Urge incontinence and urgency-frequency", "guideline": "guideline_nice.jsonl_1605.json", "patient_nb": "1", "structured_patient": "{\n   \"symptoms\":[\n      {\n         \"name of the symptom\":\"Urinary urge incontinence\",\n         \"intensity of symptom\":\"Significantly impacting\",\n         \"specific attributes of the symptom\":{\n            \"location\":\"Urinary tract\",\n            \"Quality of\":\"Sudden, overwhelming urges\",\n            \"temporalisation\":\"Persistent\"\n         },\n         \"When did the symptom appear\":\"\",\n         \"previous treatments\":\"Lifestyle modifications, behavioral techniques\",\n         \"reaction to previous treatments\":\"No significant improvement\",\n         \"behaviour affecting the symptom\":\"N/A\"\n      },\n      {\n         \"name of the symptom\":\"Frequent urination\",\n         \"intensity of symptom\":\"Disrupting daily activities, frequent nighttime awakenings\",\n         \"specific attributes of the symptom\":{\n            \"location\":\"Urinary tract\",\n            \"Quality of\":\"High frequency of urges\",\n            \"temporalisation\":\"Throughout the day\"\n         },\n         \"When did the symptom appear\":\"\",\n         \"previous treatments\":\"Lifestyle modifications, behavioral techniques\",\n         \"reaction to previous treatments\":\"No significant improvement\",\n         \"behaviour affecting the symptom\":\"N/A\"\n      }\n   ],\n   \"socio economic context\":{},\n   \"geographic_context\":{\n      \"location\":\"\",\n      \"recent travels\":\"\",\n      \"level of care\":\"\"\n   },\n   \"physiological context\":{},\n   \"psychological context\":{},\n   \"personal medical_history\":{\n      \"neurological conditions\":\"None\",\n      \"pelvic surgery\":\"None\"\n   },\n   \"family medical_history\":{},\n   \"current medication\":{},\n   \"lifestyle factors\":{\n      \"attempted treatments\":\"Lifestyle modifications, behavioral techniques\"\n   },\n   \"results of recent medical tests\":{}\n}"}