{"condition_name": "Oligohydramnios during pregnancy (excluding labour)", "guideline": "guideline_nice.jsonl_1506.json", "patient_nb": "2", "structured_patient": "{\n    \"symptoms\": [\n        {\n            \"name of the symptom\": \"decreased fetal movements\",\n            \"intensity of symptom\": \"\",\n            \"specific attributes of the symptom\": {\n                \"location\": \"abdomen\",\n                \"Quality of\": \"decreased activity\",\n                \"temporalisation\": \"\"\n            },\n            \"When did the symptom appear\": \"28 weeks of gestation\",\n            \"previous treatments\": \"\",\n            \"reaction to previous treaments\": \"\",\n            \"behaviour affecting the symptom\": \"\"\n        },\n        {\n            \"name of the symptom\": \"abdominal tightness\",\n            \"intensity of symptom\": \"\",\n            \"specific attributes of the symptom\": {\n                \"location\": \"abdomen\",\n                \"Quality of\": \"tightness\",\n                \"temporalisation\": \"\"\n            },\n            \"When did the symptom appear\": \"28 weeks of gestation\",\n            \"previous treatments\": \"\",\n            \"reaction to previous treaments\": \"\",\n            \"behaviour affecting the symptom\": \"\"\n        },\n        {\n            \"name of the symptom\": \"persistently elevated blood glucose levels\",\n            \"intensity of symptom\": \"\",\n            \"specific attributes of the symptom\": {\n                \"location\": \"\",\n                \"Quality of\": \"high levels\",\n                \"temporalisation\": \"persistently\"\n            },\n            \"When did the symptom appear\": \"\",\n            \"previous treatments\": \"insulin therapy\",\n            \"reaction to previous treaments\": \"uncontrolled\",\n            \"behaviour affecting the symptom\": \"\"\n        }\n    ],\n    \"socio economic context\": {},\n    \"geographic_context\": {\n        \"location\": \"\",\n        \"recent travels\": \"\",\n        \"level of care\": \"\"\n    },\n    \"physiological context\": {},\n    \"psychological context\": {},\n    \"personal medical_history\": {\n        \"pregnancy history\": \"G1P0\",\n        \"medical conditions\": \"uncontrolled pregestational diabetes\"\n    },\n    \"family medical_history\": {},\n    \"current medication\": {\n        \"insulin therapy\": \"ongoing\"\n    },\n    \"lifestyle factors\": {},\n    \"results of recent medical tests\": {\n        \"fetal monitoring\": \"revealed reduced fetal movements\",\n        \"ultrasound examination\": \"AFI of 4 cm (indicative of oligohydramnios), decreased lung-to-head ratio (underdevelopment of lung tissue)\"\n    }\n}"}