{"condition_name": "Placenta Accreta", "guideline": "guideline_mayo.jsonl_778.json", "patient_nb": "2", "structured_patient": "{\n    \"symptoms\": [\n        {\n            \"name of the symptom\": \"profuse vaginal bleeding\",\n            \"intensity of symptom\": \"increasing in frequency and intensity\",\n            \"specific attributes of the symptom\": {\n                \"location\": \"vaginal\",\n                \"Quality of\": \"profuse\",\n                \"temporalisation\": \"over the past week\"\n            },\n            \"When did the symptom appear\": \"past week\",\n            \"previous treatments\": \"\",\n            \"reaction to previous treatments\": \"\",\n            \"behaviour affecting the symptom\": \"\"\n        },\n        {\n            \"name of the symptom\": \"pain\",\n            \"intensity of symptom\": \"5/10\",\n            \"specific attributes of the symptom\": {\n                \"location\": \"\",\n                \"Quality of\": \"painful\",\n                \"temporalisation\": \"\"\n            },\n            \"When did the symptom appear\": \"\",\n            \"previous treatments\": \"\",\n            \"reaction to previous treatments\": \"\",\n            \"behaviour affecting the symptom\": \"\"\n        }\n    ],\n    \"socio economic context\": {},\n    \"geographic_context\": {\n        \"location\": \"\",\n        \"recent travels\": \"\",\n        \"level of care\": \"\"\n    },\n    \"physiological context\": {},\n    \"psychological context\": {},\n    \"personal medical_history\": {\n        \"previous childbirths\": \"multiple\"\n    },\n    \"family medical_history\": {},\n    \"current medication\": {},\n    \"lifestyle factors\": {},\n    \"results of recent medical tests\": {\n        \"ultrasound scans\": \"revealed the implantation of the baby's placenta deeply in the uterine wall\",\n        \"MRI scans\": \"revealed the implantation of the baby's placenta deeply in the uterine wall\"\n    }\n}"}