{"condition_name": "Colorectal lesions", "guideline": "guideline_nice.jsonl_1357.json", "patient_nb": "3", "structured_patient": "{\n  \"symptoms\": [\n    {\n      \"name of the symptom\": \"blood in stool\",\n      \"intensity of symptom\": \"intermittent\",\n      \"specific attributes of the symptom\": {\n        \"location\": \"in stool\",\n        \"Quality of\": \"concerning\",\n        \"temporalisation\": \"persistent\"\n      },\n      \"When did the symptom appear\": \"\",\n      \"previous treatments\": \"\",\n      \"reaction to previous treaments\": \"\",\n      \"behaviour affecting the symptom\": \"smoking, alcohol consumption\"\n    },\n    {\n      \"name of the symptom\": \"change in bowel habits\",\n      \"intensity of symptom\": \"\",\n      \"specific attributes of the symptom\": {\n        \"location\": \"bowel\",\n        \"Quality of\": \"altered\",\n        \"temporalisation\": \"persistent\"\n      },\n      \"When did the symptom appear\": \"\",\n      \"previous treatments\": \"\",\n      \"reaction to previous treaments\": \"\",\n      \"behaviour affecting the symptom\": \"smoking, alcohol consumption\"\n    },\n    {\n      \"name of the symptom\": \"increased frequency of stools\",\n      \"intensity of symptom\": \"\",\n      \"specific attributes of the symptom\": {\n        \"location\": \"bowel\",\n        \"Quality of\": \"heightened\",\n        \"temporalisation\": \"persistent\"\n      },\n      \"When did the symptom appear\": \"\",\n      \"previous treatments\": \"\",\n      \"reaction to previous treaments\": \"\",\n      \"behaviour affecting the symptom\": \"smoking, alcohol consumption\"\n    },\n    {\n      \"name of the symptom\": \"looser stools\",\n      \"intensity of symptom\": \"\",\n      \"specific attributes of the symptom\": {\n        \"location\": \"bowel\",\n        \"Quality of\": \"change in consistency\",\n        \"temporalisation\": \"persistent\"\n      },\n      \"When did the symptom appear\": \"\",\n      \"previous treatments\": \"\",\n      \"reaction to previous treaments\": \"\",\n      \"behaviour affecting the symptom\": \"smoking, alcohol consumption\"\n    },\n    {\n      \"name of the symptom\": \"recurrent abdominal pain\",\n      \"intensity of symptom\": \"2-4\",\n      \"specific attributes of the symptom\": {\n        \"location\": \"abdomen\",\n        \"Quality of\": \"dull\",\n        \"temporalisation\": \"recurrent\"\n      },\n      \"When did the symptom appear\": \"\",\n      \"previous treatments\": \"\",\n      \"reaction to previous treaments\": \"\",\n      \"behaviour affecting the symptom\": \"smoking, alcohol consumption\"\n    },\n    {\n      \"name of the symptom\": \"unexplained weight loss\",\n      \"intensity of symptom\": \"12 pounds\",\n      \"specific attributes of the symptom\": {\n        \"location\": \"\",\n        \"Quality of\": \"unexplained\",\n        \"temporalisation\": \"over the last four months\"\n      },\n      \"When did the symptom appear\": \"\",\n      \"previous treatments\": \"\",\n      \"reaction to previous treaments\": \"\",\n      \"behaviour affecting the symptom\": \"smoking, alcohol consumption\"\n    }\n  ],\n  \"socio economic context\": {},\n  \"geographic_context\": {\n    \"location\": \"\",\n    \"recent travels\": \"\",\n    \"level of care\": \"\"\n  },\n  \"physiological context\": {},\n  \"psychological context\": {},\n  \"personal medical_history\": {\n    \"smoking\": \"history of smoking\",\n    \"alcohol consumption\": \"history of alcohol consumption\"\n  },\n  \"family medical_history\": {},\n  \"current medication\": {},\n  \"lifestyle factors\": {\n    \"smoking\": \"history of smoking\",\n    \"alcohol consumption\": \"history of alcohol consumption\"\n  },\n  \"results of recent medical tests\": {}\n}"}