{"condition_name": "Chronic lymphocytic leukemia (CLL)", "guideline": "guideline_mayo.jsonl_224.json", "patient_nb": "2", "structured_patient": "{\n    \"symptoms\": [\n        {\n            \"name of the symptom\": \"fever\",\n            \"intensity of symptom\": \"persistent\",\n            \"specific attributes of the symptom\": {\n                \"location\": \"\",\n                \"Quality of\": \"unknown\",\n                \"temporalisation\": \"unknown\"\n            },\n            \"When did the symptom appear\": \"over the last three months\",\n            \"previous treatments\": \"\",\n            \"reaction to previous treatments\": \"\",\n            \"behaviour affecting the symptom\": \"\"\n        },\n        {\n            \"name of the symptom\": \"generalized fatigue\",\n            \"intensity of symptom\": \"unknown\",\n            \"specific attributes of the symptom\": {\n                \"location\": \"\",\n                \"Quality of\": \"unknown\",\n                \"temporalisation\": \"unknown\"\n            },\n            \"When did the symptom appear\": \"over the last three months\",\n            \"previous treatments\": \"\",\n            \"reaction to previous treatments\": \"\",\n            \"behaviour affecting the symptom\": \"\"\n        },\n        {\n            \"name of the symptom\": \"night sweats\",\n            \"intensity of symptom\": \"sporadic\",\n            \"specific attributes of the symptom\": {\n                \"location\": \"\",\n                \"Quality of\": \"unknown\",\n                \"temporalisation\": \"unknown\"\n            },\n            \"When did the symptom appear\": \"over the last three months\",\n            \"previous treatments\": \"\",\n            \"reaction to previous treatments\": \"\",\n            \"behaviour affecting the symptom\": \"\"\n        },\n        {\n            \"name of the symptom\": \"weight loss\",\n            \"intensity of symptom\": \"unintentional\",\n            \"specific attributes of the symptom\": {\n                \"location\": \"\",\n                \"Quality of\": \"unknown\",\n                \"temporalisation\": \"unknown\"\n            },\n            \"When did the symptom appear\": \"over the last three months\",\n            \"previous treatments\": \"\",\n            \"reaction to previous treatments\": \"\",\n            \"behaviour affecting the symptom\": \"\"\n        },\n        {\n            \"name of the symptom\": \"palpable lymphadenopathy\",\n            \"intensity of symptom\": \"painless\",\n            \"specific attributes of the symptom\": {\n                \"location\": \"cervical and supraclavicular regions\",\n                \"Quality of\": \"unknown\",\n                \"temporalisation\": \"unknown\"\n            },\n            \"When did the symptom appear\": \"\",\n            \"previous treatments\": \"\",\n            \"reaction to previous treatments\": \"\",\n            \"behaviour affecting the symptom\": \"\"\n        }\n    ],\n    \"socio economic context\": {},\n    \"geographic_context\": {\n        \"location\": \"\",\n        \"recent travels\": \"\",\n        \"level of care\": \"\"\n    },\n    \"physiological context\": {},\n    \"psychological context\": {},\n    \"personal medical_history\": {},\n    \"family medical_history\": {},\n    \"current medication\": {},\n    \"lifestyle factors\": {},\n    \"results of recent medical tests\": {}\n}"}