{"condition_name": "Chronic Insomnia Disorder and Obstructive Sleep Apnea (Insomnia/OSA)", "guideline": "guideline_gc.jsonl_788.json", "patient_nb": "3", "structured_patient": "{\n    \"symptoms\": [\n        {\n            \"name of the symptom\": \"difficulty initiating sleep\",\n            \"intensity of symptom\": \"persistent\",\n            \"specific attributes of the symptom\": {\n                \"location\": \"not applicable\",\n                \"Quality of\": \"not applicable\",\n                \"temporalisation\": \"chronic\"\n            },\n            \"When did the symptom appear\": \"not improved with CBT-I or pharmacotherapy\",\n            \"previous treatments\": \"cognitive behavioral therapy for insomnia (CBT-I), pharmacotherapy\",\n            \"reaction to previous treaments\": \"not improved\",\n            \"behaviour affecting the symptom\": \"not specified\"\n        },\n        {\n            \"name of the symptom\": \"difficulty maintaining sleep\",\n            \"intensity of symptom\": \"persistent\",\n            \"specific attributes of the symptom\": {\n                \"location\": \"not applicable\",\n                \"Quality of\": \"not applicable\",\n                \"temporalisation\": \"chronic\"\n            },\n            \"When did the symptom appear\": \"not improved with CBT-I or pharmacotherapy\",\n            \"previous treatments\": \"cognitive behavioral therapy for insomnia (CBT-I), pharmacotherapy\",\n            \"reaction to previous treaments\": \"not improved\",\n            \"behaviour affecting the symptom\": \"not specified\"\n        }\n    ],\n    \"socio economic context\": {},\n    \"geographic_context\": {\n        \"location\": \"\",\n        \"recent travels\": \"\",\n        \"level of care\": \"\"\n    },\n    \"physiological context\": {\n        \"history of congestive heart issues\": \"present\",\n        \"obstructive sleep apnea\": \"mild to moderate\"\n    },\n    \"psychological context\": {},\n    \"personal medical_history\": {},\n    \"family medical_history\": {},\n    \"current medication\": {},\n    \"lifestyle factors\": {},\n    \"results of recent medical tests\": {}\n}"}