{"condition_name": "Norovirus infection", "guideline": "guideline_mayo.jsonl_710.json", "patient_nb": "1", "structured_patient": "{\n    \"symptoms\": [\n        {\n            \"name of the symptom\": \"nausea\",\n            \"intensity of symptom\": \"7/10\",\n            \"specific attributes of the symptom\": {\n                \"location\": \"stomach\",\n                \"Quality of\": \"severe\",\n                \"temporalisation\": \"persisted for 48 hours\"\n            },\n            \"When did the symptom appear\": \"48 hours ago\",\n            \"previous treatments\": \"over-the-counter antiemetics\",\n            \"reaction to previous treaments\": \"symptoms persisted\",\n            \"behaviour affecting the symptom\": \"\"\n        },\n        {\n            \"name of the symptom\": \"vomiting\",\n            \"intensity of symptom\": \"frequent\",\n            \"specific attributes of the symptom\": {\n                \"location\": \"\",\n                \"Quality of\": \"\",\n                \"temporalisation\": \"\"\n            },\n            \"When did the symptom appear\": \"48 hours ago\",\n            \"previous treatments\": \"over-the-counter antiemetics\",\n            \"reaction to previous treaments\": \"symptoms persisted\",\n            \"behaviour affecting the symptom\": \"\"\n        },\n        {\n            \"name of the symptom\": \"stomach pain\",\n            \"intensity of symptom\": \"6/10\",\n            \"specific attributes of the symptom\": {\n                \"location\": \"diffuse\",\n                \"Quality of\": \"\",\n                \"temporalisation\": \"\"\n            },\n            \"When did the symptom appear\": \"\",\n            \"previous treatments\": \"\",\n            \"reaction to previous treaments\": \"\",\n            \"behaviour affecting the symptom\": \"\"\n        },\n        {\n            \"name of the symptom\": \"watery diarrhea\",\n            \"intensity of symptom\": \"\",\n            \"specific attributes of the symptom\": {\n                \"location\": \"digestive system\",\n                \"Quality of\": \"watery\",\n                \"temporalisation\": \"\"\n            },\n            \"When did the symptom appear\": \"\",\n            \"previous treatments\": \"\",\n            \"reaction to previous treaments\": \"\",\n            \"behaviour affecting the symptom\": \"\"\n        },\n        {\n            \"name of the symptom\": \"fatigue\",\n            \"intensity of symptom\": \"\",\n            \"specific attributes of the symptom\": {\n                \"location\": \"\",\n                \"Quality of\": \"marked\",\n                \"temporalisation\": \"\"\n            },\n            \"When did the symptom appear\": \"\",\n            \"previous treatments\": \"\",\n            \"reaction to previous treaments\": \"\",\n            \"behaviour affecting the symptom\": \"\"\n        },\n        {\n            \"name of the symptom\": \"low-grade fever\",\n            \"intensity of symptom\": \"\",\n            \"specific attributes of the symptom\": {\n                \"location\": \"\",\n                \"Quality of\": \"persistent\",\n                \"temporalisation\": \"\"\n            },\n            \"When did the symptom appear\": \"\",\n            \"previous treatments\": \"\",\n            \"reaction to previous treaments\": \"\",\n            \"behaviour affecting the symptom\": \"\"\n        }\n    ],\n    \"socio economic context\": {},\n    \"geographic_context\": {\n        \"location\": \"\",\n        \"recent travels\": \"denied\",\n        \"level of care\": \"\"\n    },\n    \"physiological context\": {},\n    \"psychological context\": {},\n    \"personal medical_history\": {\n        \"irritable bowel syndrome\": \"history of\"\n    },\n    \"family medical_history\": {},\n    \"current medication\": {},\n    \"lifestyle factors\": {},\n    \"results of recent medical tests\": {}\n}"}