{"condition_name": "Fever in a child recently returned from overseas travel", "guideline": "guideline_rch.jsonl_197.json", "patient_nb": "2", "structured_patient": "{\n    \"symptoms\": [\n        {\n            \"name of the symptom\": \"fever\",\n            \"intensity of symptom\": \"reccurent\",\n            \"specific attributes of the symptom\": {\n                \"location\": \"general\",\n                \"Quality of\": \"unknown\",\n                \"temporalisation\": \"intermittent\"\n            },\n            \"When did the symptom appear\": \"after the trip\",\n            \"previous treatments\": \"\",\n            \"reaction to previous treaments\": \"\",\n            \"behaviour affecting the symptom\": \"\"\n        },\n        {\n            \"name of the symptom\": \"altered consciousness\",\n            \"intensity of symptom\": \"increased irritability and confusion\",\n            \"specific attributes of the symptom\": {\n                \"location\": \"mental\",\n                \"Quality of\": \"disoriented\",\n                \"temporalisation\": \"continuous\"\n            },\n            \"When did the symptom appear\": \"after the trip\",\n            \"previous treatments\": \"\",\n            \"reaction to previous treaments\": \"\",\n            \"behaviour affecting the symptom\": \"\"\n        },\n        {\n            \"name of the symptom\": \"maculopapular rash\",\n            \"intensity of symptom\": \"\",\n            \"specific attributes of the symptom\": {\n                \"location\": \"trunk and extremities\",\n                \"Quality of\": \"itchy\",\n                \"temporalisation\": \"recent\"\n            },\n            \"When did the symptom appear\": \"after the trip\",\n            \"previous treatments\": \"\",\n            \"reaction to previous treaments\": \"\",\n            \"behaviour affecting the symptom\": \"\"\n        }\n    ],\n    \"socio economic context\": {},\n    \"geographic_context\": {\n        \"location\": \"Southeast Asia\",\n        \"recent travels\": \"two-week trip\",\n        \"level of care\": \"\"\n    },\n    \"physiological context\": {},\n    \"psychological context\": {},\n    \"personal medical_history\": {},\n    \"family medical_history\": {},\n    \"current medication\": {},\n    \"lifestyle factors\": {},\n    \"results of recent medical tests\": {}\n}"}