{"condition_name": "Glaucoma", "guideline": "guideline_nice.jsonl_84.json", "patient_nb": "3", "structured_patient": "{\n    \"symptoms\": [\n        {\n            \"name of the symptom\": \"reduction in peripheral vision\",\n            \"intensity of symptom\": \"gradual\",\n            \"specific attributes of the symptom\": {\n                \"location\": \"peripheral vision\",\n                \"Quality of\": \"resembling looking through a tunnel\",\n                \"temporalisation\": \"preceded by gradual and painless onset\"\n            },\n            \"When did the symptom appear\": \"six months ago\",\n            \"previous treatments\": \"\",\n            \"reaction to previous treatments\": \"\",\n            \"behaviour affecting the symptom\": \"\"\n        },\n        {\n            \"name of the symptom\": \"intermittent headaches\",\n            \"intensity of symptom\": \"3/10\",\n            \"specific attributes of the symptom\": {\n                \"location\": \"\",\n                \"Quality of\": \"\",\n                \"temporalisation\": \"\"\n            },\n            \"When did the symptom appear\": \"accompanying the episodes of vision disturbances\",\n            \"previous treatments\": \"\",\n            \"reaction to previous treatments\": \"\",\n            \"behaviour affecting the symptom\": \"\"\n        }\n    ],\n    \"socio economic context\": {},\n    \"geographic_context\": {\n        \"location\": \"\",\n        \"recent travels\": \"\",\n        \"level of care\": \"\"\n    },\n    \"physiological context\": {},\n    \"psychological context\": {},\n    \"personal medical_history\": {},\n    \"family medical_history\": {\n        \"glaucoma\": \"no known family history\"\n    },\n    \"current medication\": {},\n    \"lifestyle factors\": {},\n    \"results of recent medical tests\": {\n        \"intraocular pressure\": \"26 mmHg in both eyes\",\n        \"visual field testing\": \"significant impairment in peripheral vision of left eye, particularly in nasal field\"\n    }\n}"}