{"condition_name": "Hepatitis B Virus Infection in Pregnant Women", "guideline": "guideline_usp.jsonl_51.json", "patient_nb": "2", "structured_patient": "{\n    \"symptoms\": [\n        {\n            \"name of the symptom\": \"fatigue\",\n            \"intensity of symptom\": \"mild\",\n            \"specific attributes of the symptom\": {\n                \"location\": \"general\",\n                \"Quality of\": \"\",\n                \"temporalisation\": \"continuous\"\n            },\n            \"When did the symptom appear\": \"during pregnancy\",\n            \"previous treatments\": \"\",\n            \"reaction to previous treaments\": \"\",\n            \"behaviour affecting the symptom\": \"\"\n        },\n        {\n            \"name of the symptom\": \"nausea\",\n            \"intensity of symptom\": \"mild\",\n            \"specific attributes of the symptom\": {\n                \"location\": \"general\",\n                \"Quality of\": \"\",\n                \"temporalisation\": \"continuous\"\n            },\n            \"When did the symptom appear\": \"during pregnancy\",\n            \"previous treatments\": \"\",\n            \"reaction to previous treaments\": \"\",\n            \"behaviour affecting the symptom\": \"\"\n        },\n        {\n            \"name of the symptom\": \"elevated liver enzymes\",\n            \"intensity of symptom\": \"\",\n            \"specific attributes of the symptom\": {\n                \"location\": \"liver\",\n                \"Quality of\": \"abnormal\",\n                \"temporalisation\": \"\"\n            },\n            \"When did the symptom appear\": \"during antenatal care\",\n            \"previous treatments\": \"\",\n            \"reaction to previous treaments\": \"\",\n            \"behaviour affecting the symptom\": \"\"\n        },\n        {\n            \"name of the symptom\": \"mild abdominal pain\",\n            \"intensity of symptom\": \"mild\",\n            \"specific attributes of the symptom\": {\n                \"location\": \"right upper quadrant\",\n                \"Quality of\": \"\",\n                \"temporalisation\": \"occasional\"\n            },\n            \"When did the symptom appear\": \"\",\n            \"previous treatments\": \"\",\n            \"reaction to previous treaments\": \"\",\n            \"behaviour affecting the symptom\": \"\"\n        }\n    ],\n    \"socio economic context\": {},\n    \"geographic_context\": {\n        \"location\": \"\",\n        \"recent travels\": \"\",\n        \"level of care\": \"\"\n    },\n    \"physiological context\": {},\n    \"psychological context\": {},\n    \"personal medical_history\": {},\n    \"family medical_history\": {},\n    \"current medication\": {},\n    \"lifestyle factors\": {},\n    \"results of recent medical tests\": {\n        \"ALT levels\": \"consistently elevated\",\n        \"Hepatitis B Virus (HBV) viral load\": \"high\",\n        \"Serological testing\": \"acute HBV infection\"\n    }\n}"}