{"condition_name": "Corns and Calluses", "guideline": "guideline_mayo.jsonl_261.json", "patient_nb": "2", "structured_patient": "{\n    \"symptoms\": [\n        {\n            \"name of the symptom\": \"painful, raised bump\",\n            \"intensity of symptom\": \"6/10\",\n            \"specific attributes of the symptom\": {\n                \"location\": \"dorsal aspect of left hand\",\n                \"Quality of\": \"flaky, dry skin\",\n                \"temporalisation\": \"constant, dull pain\"\n            },\n            \"When did the symptom appear\": \"\",\n            \"previous treatments\": \"over-the-counter corn pads\",\n            \"reaction to previous treaments\": \"no relief\",\n            \"behaviour affecting the symptom\": \"frequent use of hand tools\"\n        }\n    ],\n    \"socio economic context\": {},\n    \"geographic_context\": {\n        \"location\": \"\",\n        \"recent travels\": \"\",\n        \"level of care\": \"\"\n    },\n    \"physiological context\": {},\n    \"psychological context\": {},\n    \"personal medical_history\": {},\n    \"family medical_history\": {},\n    \"current medication\": {},\n    \"lifestyle factors\": {},\n    \"results of recent medical tests\": {}\n}"}