{"condition_name": "Swollen Knee", "guideline": "guideline_mayo.jsonl_980.json", "patient_nb": "3", "structured_patient": "{\n  \"symptoms\": [\n    {\n      \"name of the symptom\": \"swollen right knee\",\n      \"intensity of symptom\": \"severe\",\n      \"specific attributes of the symptom\": {\n        \"location\": \"right knee\",\n        \"Quality of\": \"swelling\",\n        \"temporalisation\": \"persisted for two weeks\"\n      },\n      \"When did the symptom appear\": \"two weeks ago\",\n      \"previous treatments\": \"over-the-counter topical treatments\",\n      \"reaction to previous treaments\": \"unknown\",\n      \"behaviour affecting the symptom\": \"obesity, weight-bearing\"\n    },\n    {\n      \"name of the symptom\": \"inability to bend or straighten the leg\",\n      \"intensity of symptom\": \"severe\",\n      \"specific attributes of the symptom\": {\n        \"location\": \"right knee\",\n        \"Quality of\": \"limitation of movement\",\n        \"temporalisation\": \"persisted for two weeks\"\n      },\n      \"When did the symptom appear\": \"two weeks ago\",\n      \"previous treatments\": \"over-the-counter topical treatments\",\n      \"reaction to previous treaments\": \"unknown\",\n      \"behaviour affecting the symptom\": \"obesity, weight-bearing\"\n    },\n    {\n      \"name of the symptom\": \"severe pain in the affected knee\",\n      \"intensity of symptom\": \"7/10\",\n      \"specific attributes of the symptom\": {\n        \"location\": \"right knee\",\n        \"Quality of\": \"pain\",\n        \"temporalisation\": \"persisted for two weeks\"\n      },\n      \"When did the symptom appear\": \"two weeks ago\",\n      \"previous treatments\": \"over-the-counter topical treatments\",\n      \"reaction to previous treaments\": \"unknown\",\n      \"behaviour affecting the symptom\": \"obesity, weight-bearing\"\n    },\n    {\n      \"name of the symptom\": \"difficulty bearing weight on the affected leg\",\n      \"intensity of symptom\": \"significant\",\n      \"specific attributes of the symptom\": {\n        \"location\": \"right leg\",\n        \"Quality of\": \"weight-bearing\",\n        \"temporalisation\": \"persisted for two weeks\"\n      },\n      \"When did the symptom appear\": \"two weeks ago\",\n      \"previous treatments\": \"over-the-counter topical treatments\",\n      \"reaction to previous treaments\": \"unknown\",\n      \"behaviour affecting the symptom\": \"obesity, weight-bearing\"\n    },\n    {\n      \"name of the symptom\": \"redness around the knee joint\",\n      \"intensity of symptom\": \"unknown\",\n      \"specific attributes of the symptom\": {\n        \"location\": \"around the knee joint\",\n        \"Quality of\": \"redness\",\n        \"temporalisation\": \"persisted for two weeks\"\n      },\n      \"When did the symptom appear\": \"two weeks ago\",\n      \"previous treatments\": \"over-the-counter topical treatments\",\n      \"reaction to previous treaments\": \"unknown\",\n      \"behaviour affecting the symptom\": \"obesity, weight-bearing\"\n    },\n    {\n      \"name of the symptom\": \"warmth around the knee joint\",\n      \"intensity of symptom\": \"unknown\",\n      \"specific attributes of the symptom\": {\n        \"location\": \"around the knee joint\",\n        \"Quality of\": \"warmth\",\n        \"temporalisation\": \"persisted for two weeks\"\n      },\n      \"When did the symptom appear\": \"two weeks ago\",\n      \"previous treatments\": \"over-the-counter topical treatments\",\n      \"reaction to previous treaments\": \"unknown\",\n      \"behaviour affecting the symptom\": \"obesity, weight-bearing\"\n    }\n  ],\n  \"socio economic context\": {},\n  \"geographic_context\": {\n    \"location\": \"\",\n    \"recent travels\": \"\",\n    \"level of care\": \"\"\n  },\n  \"physiological context\": {},\n  \"psychological context\": {},\n  \"personal medical_history\": {},\n  \"family medical_history\": {},\n  \"current medication\": {},\n  \"lifestyle factors\": {},\n  \"results of recent medical tests\": {}\n}"}