{"condition_name": "Complex orofacial reconstruction", "guideline": "guideline_nice.jsonl_1165.json", "patient_nb": "1", "structured_patient": "{\n  \"symptoms\": [\n    {\n      \"name of the symptom\": \"severe orofacial pain\",\n      \"intensity of symptom\": \"8/10\",\n      \"specific attributes of the symptom\": {\n        \"location\": \"orofacial region\",\n        \"Quality of\": \"intense\",\n        \"temporalisation\": \"\"\n      },\n      \"When did the symptom appear\": \"following the motor vehicle accident\",\n      \"previous treatments\": \"\",\n      \"reaction to previous treaments\": \"\",\n      \"behaviour affecting the symptom\": \"chewing and speaking difficulties\"\n    },\n    {\n      \"name of the symptom\": \"limited range of motion in the temporomandibular joint\",\n      \"intensity of symptom\": \"\",\n      \"specific attributes of the symptom\": {\n        \"location\": \"temporomandibular joint\",\n        \"Quality of\": \"restricted\",\n        \"temporalisation\": \"\"\n      },\n      \"When did the symptom appear\": \"following the motor vehicle accident\",\n      \"previous treatments\": \"\",\n      \"reaction to previous treaments\": \"\",\n      \"behaviour affecting the symptom\": \"\"\n    }\n  ],\n  \"socio economic context\": {},\n  \"geographic_context\": {\n    \"location\": \"\",\n    \"recent travels\": \"\",\n    \"level of care\": \"\"\n  },\n  \"physiological context\": {},\n  \"psychological context\": {},\n  \"personal medical_history\": {},\n  \"family medical_history\": {},\n  \"current medication\": {},\n  \"lifestyle factors\": {},\n  \"results of recent medical tests\": {}\n}"}