{"condition_name": "Osteoarthritis of the knee", "guideline": "guideline_nice.jsonl_1376.json", "patient_nb": "2", "structured_patient": "{\n    \"symptoms\": [\n        {\n            \"name of the symptom\": \"dull knee pain\",\n            \"intensity of symptom\": \"5/10\",\n            \"specific attributes of the symptom\": {\n                \"location\": \"both knees\",\n                \"Quality of\": \"constant, dull\",\n                \"temporalisation\": \"gradually progressing over the last five years\"\n            },\n            \"When did the symptom appear\": \"\",\n            \"previous treatments\": \"\",\n            \"reaction to previous treatments\": \"\",\n            \"behaviour affecting the symptom\": \"difficulty in walking long distances and performing household chores\"\n        },\n        {\n            \"name of the symptom\": \"feeling of stiffness\",\n            \"intensity of symptom\": \"\",\n            \"specific attributes of the symptom\": {\n                \"location\": \"both knees\",\n                \"Quality of\": \"\",\n                \"temporalisation\": \"gradually progressing over the last five years\"\n            },\n            \"When did the symptom appear\": \"\",\n            \"previous treatments\": \"\",\n            \"reaction to previous treatments\": \"\",\n            \"behaviour affecting the symptom\": \"difficulty in walking long distances and performing household chores\"\n        },\n        {\n            \"name of the symptom\": \"swelling in the knee joints\",\n            \"intensity of symptom\": \"\",\n            \"specific attributes of the symptom\": {\n                \"location\": \"both knees\",\n                \"Quality of\": \"occasional\",\n                \"temporalisation\": \"gradually progressing over the last five years\"\n            },\n            \"When did the symptom appear\": \"\",\n            \"previous treatments\": \"\",\n            \"reaction to previous treatments\": \"\",\n            \"behaviour affecting the symptom\": \"difficulty in walking long distances and performing household chores\"\n        }\n    ],\n    \"socio economic context\": {},\n    \"geographic_context\": {\n        \"location\": \"\",\n        \"recent travels\": \"\",\n        \"level of care\": \"\"\n    },\n    \"physiological context\": {},\n    \"psychological context\": {},\n    \"personal medical_history\": {\n        \"obesity\": \"present (body mass index: 32 kg/m\u00b2)\"\n    },\n    \"family medical_history\": {},\n    \"current medication\": {},\n    \"lifestyle factors\": {},\n    \"results of recent medical tests\": {}\n}"}