{"condition_name": "Dehydration", "guideline": "guideline_rch.jsonl_200.json", "patient_nb": "3", "structured_patient": "{\n    \"symptoms\": [\n        {\n            \"name of the symptom\": \"dehydration\",\n            \"intensity of symptom\": \"severe\",\n            \"specific attributes of the symptom\": {\n                \"location\": \"\",\n                \"Quality of\": \"thirst, weakness, lightheadedness\",\n                \"temporalisation\": \"persistent\"\n            },\n            \"When did the symptom appear\": \"after recent episode of gastroenteritis\",\n            \"previous treatments\": \"\",\n            \"reaction to previous treatments\": \"\",\n            \"behaviour affecting the symptom\": \"ongoing losses due to diarrhea and vomiting\"\n        }\n    ],\n    \"socio economic context\": {},\n    \"geographic_context\": {\n        \"location\": \"\",\n        \"recent travels\": \"\",\n        \"level of care\": \"\"\n    },\n    \"physiological context\": {},\n    \"psychological context\": {},\n    \"personal medical_history\": {\n        \"craniofacial abnormalities\": \"diagnosed\"\n    },\n    \"family medical_history\": {},\n    \"current medication\": {},\n    \"lifestyle factors\": {},\n    \"results of recent medical tests\": {}\n}"}