{"condition_name": "Accidental paediatric drug ingestions", "guideline": "guideline_rch.jsonl_216.json", "patient_nb": "3", "structured_patient": "{\n    \"symptoms\": [\n        {\n            \"name of the symptom\": \"None\",\n            \"intensity of symptom\": \"N/A\",\n            \"specific attributes of the symptom\": {},\n            \"When did the symptom appear\": \"N/A\",\n            \"previous treatments\": \"N/A\",\n            \"reaction to previous treatments\": \"N/A\",\n            \"behaviour affecting the symptom\": \"\"\n        }\n    ],\n    \"socio economic context\": {},\n    \"geographic_context\": {\n        \"location\": \"\",\n        \"recent travels\": \"\",\n        \"level of care\": \"\"\n    },\n    \"physiological context\": {},\n    \"psychological context\": {},\n    \"personal medical_history\": {},\n    \"family medical_history\": {},\n    \"current medication\": {},\n    \"lifestyle factors\": {},\n    \"results of recent medical tests\": {}\n}"}