{"condition_name": "Squamous Cell Carcinoma of the Skin", "guideline": "guideline_mayo.jsonl_956.json", "patient_nb": "2", "structured_patient": "{\n    \"symptoms\": [\n        {\n            \"name of the symptom\": \"persistent rough, scaly patch\",\n            \"intensity of symptom\": \"intermittent pain rated at 4 on a scale of 10\",\n            \"specific attributes of the symptom\": {\n                \"location\": \"lower lip\",\n                \"Quality of\": \"rough, scaly\",\n                \"temporalisation\": \"evolved over three months to form an open sore\"\n            },\n            \"When did the symptom appear\": \"three months ago\",\n            \"previous treatments\": \"\",\n            \"reaction to previous treaments\": \"\",\n            \"behaviour affecting the symptom\": \"\"\n        },\n        {\n            \"name of the symptom\": \"new, red sore\",\n            \"intensity of symptom\": \"\",\n            \"specific attributes of the symptom\": {\n                \"location\": \"inner lining of left cheek\",\n                \"Quality of\": \"red sore\",\n                \"temporalisation\": \"\"\n            },\n            \"When did the symptom appear\": \"six weeks ago\",\n            \"previous treatments\": \"\",\n            \"reaction to previous treaments\": \"\",\n            \"behaviour affecting the symptom\": \"\"\n        }\n    ],\n    \"socio economic context\": {},\n    \"geographic_context\": {\n        \"location\": \"\",\n        \"recent travels\": \"\",\n        \"level of care\": \"\"\n    },\n    \"physiological context\": {},\n    \"psychological context\": {},\n    \"personal medical_history\": {\n        \"precancerous skin lesions\": \"personal history\"\n    },\n    \"family medical_history\": {},\n    \"current medication\": {},\n    \"lifestyle factors\": {},\n    \"results of recent medical tests\": {}\n}"}