{"condition_name": "Recurrent Gout", "guideline": "guideline_aafp.jsonl_24.json", "patient_nb": "3", "structured_patient": "{\n    \"symptoms\": [\n        {\n            \"name of the symptom\": \"recurrent gout attack\",\n            \"intensity of symptom\": \"9/10\",\n            \"specific attributes of the symptom\": {\n                \"location\": \"left knee joint\",\n                \"Quality of\": \"sharp\",\n                \"temporalisation\": \"lasting for 36 hours\"\n            },\n            \"When did the symptom appear\": \"every 3-4 weeks\",\n            \"previous treatments\": \"dietary modifications, colchicine use\",\n            \"reaction to previous treaments\": \"continues to recur\",\n            \"behaviour affecting the symptom\": \"high-purine diet\"\n        }\n    ],\n    \"socio economic context\": {},\n    \"geographic_context\": {\n        \"location\": \"\",\n        \"recent travels\": \"\",\n        \"level of care\": \"\"\n    },\n    \"physiological context\": {},\n    \"psychological context\": {},\n    \"personal medical_history\": {},\n    \"family medical_history\": {\n        \"gout\": \"family history\"\n    },\n    \"current medication\": {},\n    \"lifestyle factors\": {\n        \"diet\": \"high-purine\"\n    },\n    \"results of recent medical tests\": {}\n}"}