{"condition_name": "Meningioma", "guideline": "guideline_mayo.jsonl_626.json", "patient_nb": "3", "structured_patient": "{\n   \"symptoms\":[\n      {\n         \"name of the symptom\":\"seizures\",\n         \"intensity of symptom\":\"sudden-onset\",\n         \"specific attributes of the symptom\":{\n            \"location\":\"\",\n            \"Quality of\":\"\",\n            \"temporalisation\":\"\"\n         },\n         \"When did the symptom appear\":\"recently and abruptly\",\n         \"previous treatments\":\"\",\n         \"reaction to previous treaments\":\"\",\n         \"behaviour affecting the symptom\":\"\"\n      },\n      {\n         \"name of the symptom\":\"changes in vision\",\n         \"intensity of symptom\":\"sudden\",\n         \"specific attributes of the symptom\":{\n            \"location\":\"\",\n            \"Quality of\":\"\",\n            \"temporalisation\":\"\"\n         },\n         \"When did the symptom appear\":\"concurrently with seizures\",\n         \"previous treatments\":\"\",\n         \"reaction to previous treaments\":\"\",\n         \"behaviour affecting the symptom\":\"\"\n      },\n      {\n         \"name of the symptom\":\"memory changes\",\n         \"intensity of symptom\":\"sudden\",\n         \"specific attributes of the symptom\":{\n            \"location\":\"\",\n            \"Quality of\":\"\",\n            \"temporalisation\":\"\"\n         },\n         \"When did the symptom appear\":\"concurrently with seizures\",\n         \"previous treatments\":\"\",\n         \"reaction to previous treaments\":\"\",\n         \"behaviour affecting the symptom\":\"\"\n      },\n      {\n         \"name of the symptom\":\"headaches\",\n         \"intensity of symptom\":\"9/10\",\n         \"specific attributes of the symptom\":{\n            \"location\":\"\",\n            \"Quality of\":\"persistent, severe\",\n            \"temporalisation\":\"\"\n         },\n         \"When did the symptom appear\":\"concurrently with seizures\",\n         \"previous treatments\":\"\",\n         \"reaction to previous treaments\":\"\",\n         \"behaviour affecting the symptom\":\"\"\n      }\n   ],\n   \"socio economic context\":{},\n   \"geographic_context\":{\n      \"location\":\"\",\n      \"recent travels\":\"\",\n      \"level of care\":\"\"\n   },\n   \"physiological context\":{},\n   \"psychological context\":{},\n   \"personal medical_history\":{},\n   \"family medical_history\":{},\n   \"current medication\":{},\n   \"lifestyle factors\":{},\n   \"results of recent medical tests\":{}\n}"}