{"condition_name": "Bad breath (halitosis)", "guideline": "guideline_mayo.jsonl_103.json", "patient_nb": "4", "structured_patient": "{\n    \"symptoms\": [\n        {\n            \"name of the symptom\": \"chronic bad breath\",\n            \"intensity of symptom\": \"7/10\",\n            \"specific attributes of the symptom\": {\n                \"location\": \"mouth\",\n                \"Quality of\": \"malodorous\",\n                \"temporalisation\": \"persistent\"\n            },\n            \"When did the symptom appear\": \"over a year ago\",\n            \"previous treatments\": \"dietary modifications, eliminating pungent foods\",\n            \"reaction to previous treaments\": \"no significant relief\",\n            \"behaviour affecting the symptom\": \"unknown\"\n        },\n        {\n            \"name of the symptom\": \"coated tongue\",\n            \"intensity of symptom\": \"\",\n            \"specific attributes of the symptom\": {\n                \"location\": \"tongue\",\n                \"Quality of\": \"coated\",\n                \"temporalisation\": \"\"\n            },\n            \"When did the symptom appear\": \"\",\n            \"previous treatments\": \"\",\n            \"reaction to previous treaments\": \"\",\n            \"behaviour affecting the symptom\": \"unknown\"\n        },\n        {\n            \"name of the symptom\": \"persistent sensation of dryness in mouth\",\n            \"intensity of symptom\": \"\",\n            \"specific attributes of the symptom\": {\n                \"location\": \"mouth\",\n                \"Quality of\": \"dryness\",\n                \"temporalisation\": \"persistent\"\n            },\n            \"When did the symptom appear\": \"over a year ago\",\n            \"previous treatments\": \"\",\n            \"reaction to previous treaments\": \"\",\n            \"behaviour affecting the symptom\": \"unknown\"\n        }\n    ],\n    \"socio economic context\": {},\n    \"geographic_context\": {\n        \"location\": \"\",\n        \"recent travels\": \"\",\n        \"level of care\": \"\"\n    },\n    \"physiological context\": {},\n    \"psychological context\": {},\n    \"personal medical_history\": {\n        \"medical history\": \"unremarkable\",\n        \"smoking history\": \"does not smoke\"\n    },\n    \"family medical_history\": {},\n    \"current medication\": {},\n    \"lifestyle factors\": {\n        \"oral hygiene\": \"diligent\",\n        \"dietary modifications\": \"eliminated pungent foods\"\n    },\n    \"results of recent medical tests\": {}\n}"}