{"condition_name": "Malaria", "guideline": "guideline_rch.jsonl_272.json", "patient_nb": "2", "structured_patient": "{\n    \"symptoms\": [\n        {\n            \"name of the symptom\": \"high-grade fever\",\n            \"intensity of symptom\": \"104\u00b0F (40\u00b0C)\",\n            \"specific attributes of the symptom\": {\n                \"location\": \"generalized\",\n                \"Quality of\": \"high temperature\",\n                \"temporalisation\": \"recurrent\"\n            },\n            \"When did the symptom appear\": \"recently\",\n            \"previous treatments\": \"suboptimal malaria prophylaxis\",\n            \"reaction to previous treatments\": \"\",\n            \"behaviour affecting the symptom\": \"unknown\"\n        },\n        {\n            \"name of the symptom\": \"chills\",\n            \"intensity of symptom\": \"\",\n            \"specific attributes of the symptom\": {\n                \"location\": \"generalized\",\n                \"Quality of\": \"shivering\",\n                \"temporalisation\": \"recurrent\"\n            },\n            \"When did the symptom appear\": \"recently\",\n            \"previous treatments\": \"suboptimal malaria prophylaxis\",\n            \"reaction to previous treatments\": \"\",\n            \"behaviour affecting the symptom\": \"unknown\"\n        },\n        {\n            \"name of the symptom\": \"abdominal pain\",\n            \"intensity of symptom\": \"intense\",\n            \"specific attributes of the symptom\": {\n                \"location\": \"abdominal\",\n                \"Quality of\": \"pain\",\n                \"temporalisation\": \"persistent\"\n            },\n            \"When did the symptom appear\": \"recently\",\n            \"previous treatments\": \"\",\n            \"reaction to previous treatments\": \"\",\n            \"behaviour affecting the symptom\": \"\"\n        },\n        {\n            \"name of the symptom\": \"persistent vomiting\",\n            \"intensity of symptom\": \"\",\n            \"specific attributes of the symptom\": {\n                \"location\": \"nausea/vomiting\",\n                \"Quality of\": \"vomiting\",\n                \"temporalisation\": \"persistent\"\n            },\n            \"When did the symptom appear\": \"recently\",\n            \"previous treatments\": \"\",\n            \"reaction to previous treatments\": \"\",\n            \"behaviour affecting the symptom\": \"unknown\"\n        },\n        {\n            \"name of the symptom\": \"dehydration\",\n            \"intensity of symptom\": \"\",\n            \"specific attributes of the symptom\": {\n                \"location\": \"generalized\",\n                \"Quality of\": \"fluid imbalance\",\n                \"temporalisation\": \"\"\n            },\n            \"When did the symptom appear\": \"recently\",\n            \"previous treatments\": \"\",\n            \"reaction to previous treatments\": \"\",\n            \"behaviour affecting the symptom\": \"unknown\"\n        },\n        {\n            \"name of the symptom\": \"severe headache\",\n            \"intensity of symptom\": \"pain level 8/10\",\n            \"specific attributes of the symptom\": {\n                \"location\": \"head\",\n                \"Quality of\": \"pain\",\n                \"temporalisation\": \"\"\n            },\n            \"When did the symptom appear\": \"recently\",\n            \"previous treatments\": \"\",\n            \"reaction to previous treatments\": \"\",\n            \"behaviour affecting the symptom\": \"unknown\"\n        },\n        {\n            \"name of the symptom\": \"diffuse myalgia\",\n            \"intensity of symptom\": \"\",\n            \"specific attributes of the symptom\": {\n                \"location\": \"muscles\",\n                \"Quality of\": \"pain\",\n                \"temporalisation\": \"\"\n            },\n            \"When did the symptom appear\": \"recently\",\n            \"previous treatments\": \"\",\n            \"reaction to previous treatments\": \"\",\n            \"behaviour affecting the symptom\": \"unknown\"\n        }\n    ],\n    \"socio economic context\": {},\n    \"geographic_context\": {\n        \"location\": \"malaria-endemic region\",\n        \"recent travels\": \"returned from a malaria-endemic region\",\n        \"level of care\": \"\"\n    },\n    \"physiological context\": {},\n    \"psychological context\": {},\n    \"personal medical_history\": {},\n    \"family medical_history\": {},\n    \"current medication\": {},\n    \"lifestyle factors\": {},\n    \"results of recent medical tests\": {}\n}"}