{"condition_name": "Unequal leg length due to trauma, infection, hypoplasia, or dysplasia of the femur or tibial", "guideline": "guideline_nice.jsonl_233.json", "patient_nb": "3", "structured_patient": "{\n    \"symptoms\": [\n        {\n            \"name of the symptom\": \"chronic limp\",\n            \"intensity of symptom\": \"decreased functional ability in right leg\",\n            \"specific attributes of the symptom\": {\n                \"location\": \"right leg\",\n                \"Quality of\": \"persistent dull ache (4/10)\",\n                \"temporalisation\": \"often aggravated by changes in weather\"\n            },\n            \"When did the symptom appear\": \"\",\n            \"previous treatments\": \"prolonged antibiotic therapy (for recurrent bone infections in right tibia during childhood)\",\n            \"reaction to previous treaments\": \"successfully treated\",\n            \"behaviour affecting the symptom\": \"\"\n        },\n        {\n            \"name of the symptom\": \"pain\",\n            \"intensity of symptom\": \"\",\n            \"specific attributes of the symptom\": {\n                \"location\": \"right ankle and knee\",\n                \"Quality of\": \"dull ache (4/10)\",\n                \"temporalisation\": \"aggravated by changes in weather\"\n            },\n            \"When did the symptom appear\": \"\",\n            \"previous treatments\": \"\",\n            \"reaction to previous treaments\": \"\",\n            \"behaviour affecting the symptom\": \"\"\n        },\n        {\n            \"name of the symptom\": \"stiffness\",\n            \"intensity of symptom\": \"\",\n            \"specific attributes of the symptom\": {\n                \"location\": \"adjacent joints\",\n                \"Quality of\": \"occasional discomfort\",\n                \"temporalisation\": \"possibly related to pain episodes\"\n            },\n            \"When did the symptom appear\": \"\",\n            \"previous treatments\": \"\",\n            \"reaction to previous treaments\": \"\",\n            \"behaviour affecting the symptom\": \"\"\n        }\n    ],\n    \"socio economic context\": {},\n    \"geographic_context\": {\n        \"location\": \"\",\n        \"recent travels\": \"\",\n        \"level of care\": \"\"\n    },\n    \"physiological context\": {},\n    \"psychological context\": {},\n    \"personal medical_history\": {\n        \"recurrent bone infections in right tibia during childhood\": \"successfully treated with prolonged antibiotic therapy\"\n    },\n    \"family medical_history\": {},\n    \"current medication\": {},\n    \"lifestyle factors\": {},\n    \"results of recent medical tests\": {\n        \"radiological findings\": \"residual dysplasia in right tibia (consistent with past bone infection and treatment history)\"\n    }\n}"}