{"condition_name": "Cervical spondylosis", "guideline": "guideline_mayo.jsonl_197.json", "patient_nb": "2", "structured_patient": "{\n  \"symptoms\": [\n    {\n      \"name of the symptom\": \"neck pain\",\n      \"intensity of symptom\": \"5/10\",\n      \"specific attributes of the symptom\": {\n        \"location\": \"neck\",\n        \"Quality of\": \"dull\",\n        \"temporalisation\": \"persistent\"\n      },\n      \"When did the symptom appear\": \"more than a year ago\",\n      \"previous treatments\": \"physiotherapy exercises, heat therapy\",\n      \"reaction to previous treatments\": \"symptoms persist\",\n      \"behaviour affecting the symptom\": \"sedentary lifestyle\"\n    },\n    {\n      \"name of the symptom\": \"stiffness\",\n      \"intensity of symptom\": \"\",\n      \"specific attributes of the symptom\": {\n        \"location\": \"neck\",\n        \"Quality of\": \"stiff\",\n        \"temporalisation\": \"ongoing\"\n      },\n      \"When did the symptom appear\": \"more than a year ago\",\n      \"previous treatments\": \"physiotherapy exercises, heat therapy\",\n      \"reaction to previous treatments\": \"symptoms persist\",\n      \"behaviour affecting the symptom\": \"sedentary lifestyle\"\n    },\n    {\n      \"name of the symptom\": \"radiating pain\",\n      \"intensity of symptom\": \"\",\n      \"specific attributes of the symptom\": {\n        \"location\": \"neck, arms\",\n        \"Quality of\": \"tingling, numbness\",\n        \"temporalisation\": \"frequent episodes\"\n      },\n      \"When did the symptom appear\": \"ongoing\",\n      \"previous treatments\": \"physiotherapy exercises, heat therapy\",\n      \"reaction to previous treatments\": \"symptoms persist\",\n      \"behaviour affecting the symptom\": \"sedentary lifestyle\"\n    },\n    {\n      \"name of the symptom\": \"lack of coordination\",\n      \"intensity of symptom\": \"\",\n      \"specific attributes of the symptom\": {\n        \"location\": \"\",\n        \"Quality of\": \"lack of coordination, occasional difficulty in walking\",\n        \"temporalisation\": \"\"\n      },\n      \"When did the symptom appear\": \"ongoing\",\n      \"previous treatments\": \"physiotherapy exercises, heat therapy\",\n      \"reaction to previous treatments\": \"symptoms persist\",\n      \"behaviour affecting the symptom\": \"sedentary lifestyle\"\n    }\n  ],\n  \"socio economic context\": {},\n  \"geographic_context\": {\n    \"location\": \"\",\n    \"recent travels\": \"\",\n    \"level of care\": \"\"\n  },\n  \"physiological context\": {},\n  \"psychological context\": {},\n  \"personal medical_history\": {},\n  \"family medical_history\": {\n    \"genetic predisposition to musculoskeletal disorders\": \"yes\"\n  },\n  \"current medication\": {},\n  \"lifestyle factors\": {},\n  \"results of recent medical tests\": {}\n}"}