{"condition_name": "Parastomal hernia", "guideline": "guideline_nice.jsonl_574.json", "patient_nb": "1", "structured_patient": "{\n    \"symptoms\": [\n        {\n            \"name of the symptom\": \"poorly fitting stoma device\",\n            \"intensity of symptom\": \"significant discomfort and sensation of dragging\",\n            \"specific attributes of the symptom\": {\n                \"location\": \"around the stoma site\",\n                \"Quality of\": \"unacceptable appearance\",\n                \"temporalisation\": \"persistent\"\n            },\n            \"When did the symptom appear\": \"after multiple adjustments\",\n            \"previous treatments\": \"\",\n            \"reaction to previous treaments\": \"\",\n            \"behaviour affecting the symptom\": \"straining or lifting\"\n        },\n        {\n            \"name of the symptom\": \"abdominal pain\",\n            \"intensity of symptom\": \"4/10\",\n            \"specific attributes of the symptom\": {\n                \"location\": \"abdominal\",\n                \"Quality of\": \"\",\n                \"temporalisation\": \"intermittent\"\n            },\n            \"When did the symptom appear\": \"gradually\",\n            \"previous treatments\": \"\",\n            \"reaction to previous treaments\": \"\",\n            \"behaviour affecting the symptom\": \"straining or lifting\"\n        },\n        {\n            \"name of the symptom\": \"bloating\",\n            \"intensity of symptom\": \"\",\n            \"specific attributes of the symptom\": {\n                \"location\": \"abdominal\",\n                \"Quality of\": \"\",\n                \"temporalisation\": \"intermittent\"\n            },\n            \"When did the symptom appear\": \"gradually\",\n            \"previous treatments\": \"\",\n            \"reaction to previous treaments\": \"\",\n            \"behaviour affecting the symptom\": \"straining or lifting\"\n        },\n        {\n            \"name of the symptom\": \"increase in size of the bulge\",\n            \"intensity of symptom\": \"\",\n            \"specific attributes of the symptom\": {\n                \"location\": \"around the stoma\",\n                \"Quality of\": \"\",\n                \"temporalisation\": \"gradual\"\n            },\n            \"When did the symptom appear\": \"gradually\",\n            \"previous treatments\": \"\",\n            \"reaction to previous treaments\": \"\",\n            \"behaviour affecting the symptom\": \"straining or lifting\"\n        }\n    ],\n    \"socio economic context\": {},\n    \"geographic_context\": {\n        \"location\": \"\",\n        \"recent travels\": \"\",\n        \"level of care\": \"\"\n    },\n    \"physiological context\": {},\n    \"psychological context\": {},\n    \"personal medical_history\": {\n        \"history of multiple abdominal surgeries\": \"\"\n    },\n    \"family medical_history\": {},\n    \"current medication\": {},\n    \"lifestyle factors\": {},\n    \"results of recent medical tests\": {\n        \"confirmed\": \"presence of parastomal hernia\"\n    }\n}"}