{"condition_name": "Orthostatic hypotension", "guideline": "guideline_mayo.jsonl_721.json", "patient_nb": "1", "structured_patient": "{\n    \"symptoms\": [\n        {\n            \"name of the symptom\": \"lightheadedness\",\n            \"intensity of symptom\": \"7/10\",\n            \"specific attributes of the symptom\": {\n                \"location\": \"\",\n                \"Quality of\": \"dizziness\",\n                \"temporalisation\": \"upon standing\"\n            },\n            \"When did the symptom appear\": \"past three months\",\n            \"previous treatments\": \"antihypertensive medications\",\n            \"reaction to previous treaments\": \"\",\n            \"behaviour affecting the symptom\": \"\"\n        },\n        {\n            \"name of the symptom\": \"dizziness\",\n            \"intensity of symptom\": \"7/10\",\n            \"specific attributes of the symptom\": {\n                \"location\": \"\",\n                \"Quality of\": \"\",\n                \"temporalisation\": \"upon standing\"\n            },\n            \"When did the symptom appear\": \"past three months\",\n            \"previous treatments\": \"antihypertensive medications\",\n            \"reaction to previous treaments\": \"\",\n            \"behaviour affecting the symptom\": \"\"\n        },\n        {\n            \"name of the symptom\": \"blurry vision\",\n            \"intensity of symptom\": \"\",\n            \"specific attributes of the symptom\": {\n                \"location\": \"\",\n                \"Quality of\": \"\",\n                \"temporalisation\": \"associated with dizziness\"\n            },\n            \"When did the symptom appear\": \"past three months\",\n            \"previous treatments\": \"antihypertensive medications\",\n            \"reaction to previous treaments\": \"\",\n            \"behaviour affecting the symptom\": \"\"\n        },\n        {\n            \"name of the symptom\": \"fainting\",\n            \"intensity of symptom\": \"\",\n            \"specific attributes of the symptom\": {\n                \"location\": \"\",\n                \"Quality of\": \"loss of consciousness\",\n                \"temporalisation\": \"\"\n            },\n            \"When did the symptom appear\": \"past three months\",\n            \"previous treatments\": \"\",\n            \"reaction to previous treaments\": \"\",\n            \"behaviour affecting the symptom\": \"\"\n        }\n    ],\n    \"socio economic context\": {},\n    \"geographic_context\": {\n        \"location\": \"\",\n        \"recent travels\": \"\",\n        \"level of care\": \"\"\n    },\n    \"physiological context\": {},\n    \"psychological context\": {},\n    \"personal medical_history\": {\n        \"hypertension\": \"history of\"\n    },\n    \"family medical_history\": {},\n    \"current medication\": {\n        \"antihypertensive medications\": \"currently on\"\n    },\n    \"lifestyle factors\": {},\n    \"results of recent medical tests\": {}\n}"}