{"condition_name": "Faecal incontinence", "guideline": "guideline_nice.jsonl_1123.json", "patient_nb": "3", "structured_patient": "{\n  \"symptoms\": [\n    {\n      \"name of the symptom\": \"faecal incontinence\",\n      \"intensity of symptom\": \"\",\n      \"specific attributes of the symptom\": {\n        \"location\": \"rectal area\",\n        \"Quality of\": \"involuntary stool passage\",\n        \"temporalisation\": \"recurrent episodes\"\n      },\n      \"When did the symptom appear\": \"past eight months\",\n      \"previous treatments\": \"dietary modifications, over-the-counter anti-diarrheal medications\",\n      \"reaction to previous treaments\": \"symptoms have persisted\",\n      \"behaviour affecting the symptom\": \"\"\n    },\n    {\n      \"name of the symptom\": \"difficulty in initiating bowel movements\",\n      \"intensity of symptom\": \"\",\n      \"specific attributes of the symptom\": {\n        \"location\": \"rectal area\",\n        \"Quality of\": \"difficulty in initiating\",\n        \"temporalisation\": \"occasional\"\n      },\n      \"When did the symptom appear\": \"\",\n      \"previous treatments\": \"dietary modifications\",\n      \"reaction to previous treaments\": \"\",\n      \"behaviour affecting the symptom\": \"\"\n    }\n  ],\n  \"socio economic context\": {},\n  \"geographic_context\": {\n    \"location\": \"\",\n    \"recent travels\": \"\",\n    \"level of care\": \"\"\n  },\n  \"physiological context\": {},\n  \"psychological context\": {},\n  \"personal medical_history\": {\n    \"diabetes mellitus\": \"\",\n    \"peripheral neuropathy\": \"\"\n  },\n  \"family medical_history\": {},\n  \"current medication\": {},\n  \"lifestyle factors\": {},\n  \"results of recent medical tests\": {}\n}"}