{"condition_name": "Aortic valve stenosis", "guideline": "guideline_nice.jsonl_1593.json", "patient_nb": "4", "structured_patient": "{\n   \"symptoms\":[\n      {\n         \"name of the symptom\":\"angina\",\n         \"intensity of symptom\":\"6/10\",\n         \"specific attributes of the symptom\":{\n            \"location\":\"chest\",\n            \"Quality of\":\"pain\",\n            \"temporalisation\":\"often triggered by exertion\"\n         },\n         \"When did the symptom appear\":\"past year\",\n         \"previous treatments\":\"\",\n         \"reaction to previous treaments\":\"\",\n         \"behaviour affecting the symptom\":\"exertion\"\n      },\n      {\n         \"name of the symptom\":\"palpitations\",\n         \"intensity of symptom\":\"\",\n         \"specific attributes of the symptom\":{\n            \"location\":\"\",\n            \"Quality of\":\"sensation\",\n            \"temporalisation\":\"persistent\"\n         },\n         \"When did the symptom appear\":\"\",\n         \"previous treatments\":\"\",\n         \"reaction to previous treaments\":\"\",\n         \"behaviour affecting the symptom\":\"\"\n      },\n      {\n         \"name of the symptom\":\"exertional dyspnea\",\n         \"intensity of symptom\":\"\",\n         \"specific attributes of the symptom\":{\n            \"location\":\"\",\n            \"Quality of\":\"shortness of breath\",\n            \"temporalisation\":\"during strenuous activities\"\n         },\n         \"When did the symptom appear\":\"\",\n         \"previous treatments\":\"\",\n         \"reaction to previous treaments\":\"\",\n         \"behaviour affecting the symptom\":\"strenuous activities\"\n      }\n   ],\n   \"socio economic context\":{},\n   \"geographic_context\":{\n      \"location\":\"\",\n      \"recent travels\":\"\",\n      \"level of care\":\"\"\n   },\n   \"physiological context\":{},\n   \"psychological context\":{},\n   \"personal medical_history\":{},\n   \"family medical_history\":{},\n   \"current medication\":{},\n   \"lifestyle factors\":{},\n   \"results of recent medical tests\":{}\n}"}