{"condition_name": "Aortic valve stenosis", "guideline": "guideline_nice.jsonl_1593.json", "patient_nb": "2", "structured_patient": "{\n    \"symptoms\": [\n        {\n            \"name of the symptom\": \"exertional angina\",\n            \"intensity of symptom\": \"7/10\",\n            \"specific attributes of the symptom\": {\n                \"location\": \"chest\",\n                \"Quality of\": \"pain\",\n                \"temporalisation\": \"progressively worsening over past six months\"\n            },\n            \"When did the symptom appear\": \"past six months\",\n            \"previous treatments\": \"\",\n            \"reaction to previous treaments\": \"\",\n            \"behaviour affecting the symptom\": \"physical activity\"\n        },\n        {\n            \"name of the symptom\": \"shortness of breath\",\n            \"intensity of symptom\": \"\",\n            \"specific attributes of the symptom\": {\n                \"location\": \"\",\n                \"Quality of\": \"difficulty breathing\",\n                \"temporalisation\": \"during physical activity\"\n            },\n            \"When did the symptom appear\": \"past six months\",\n            \"previous treatments\": \"\",\n            \"reaction to previous treaments\": \"\",\n            \"behaviour affecting the symptom\": \"physical activity\"\n        },\n        {\n            \"name of the symptom\": \"fainting spells\",\n            \"intensity of symptom\": \"\",\n            \"specific attributes of the symptom\": {\n                \"location\": \"\",\n                \"Quality of\": \"\",\n                \"temporalisation\": \"\"\n            },\n            \"When did the symptom appear\": \"past six months\",\n            \"previous treatments\": \"\",\n            \"reaction to previous treaments\": \"\",\n            \"behaviour affecting the symptom\": \"physical activity\"\n        },\n        {\n            \"name of the symptom\": \"intermittent palpitations\",\n            \"intensity of symptom\": \"\",\n            \"specific attributes of the symptom\": {\n                \"location\": \"\",\n                \"Quality of\": \"\",\n                \"temporalisation\": \"intermittent\"\n            },\n            \"When did the symptom appear\": \"past six months\",\n            \"previous treatments\": \"\",\n            \"reaction to previous treaments\": \"\",\n            \"behaviour affecting the symptom\": \"\"\n        }\n    ],\n    \"socio economic context\": {},\n    \"geographic_context\": {\n        \"location\": \"\",\n        \"recent travels\": \"\",\n        \"level of care\": \"\"\n    },\n    \"physiological context\": {},\n    \"psychological context\": {},\n    \"personal medical_history\": {\n        \"history of rheumatic fever\": \"adolescence\"\n    },\n    \"family medical_history\": {},\n    \"current medication\": {},\n    \"lifestyle factors\": {},\n    \"results of recent medical tests\": {}\n}"}