{"condition_name": "Phenytoin intoxication", "guideline": "guideline_rch.jsonl_323.json", "patient_nb": "4", "structured_patient": "{\n    \"symptoms\": [\n        {\n            \"name of the symptom\": \"severe headache\",\n            \"intensity of symptom\": \"8/10\",\n            \"specific attributes of the symptom\": {\n                \"location\": \"\",\n                \"Quality of\": \"persistent\",\n                \"temporalisation\": \"unknown\"\n            },\n            \"When did the symptom appear\": \"unknown\",\n            \"previous treatments\": \"self-medication with over-the-counter phenytoin\",\n            \"reaction to previous treaments\": \"unknown\",\n            \"behaviour affecting the symptom\": \"unknown\"\n        },\n        {\n            \"name of the symptom\": \"nausea\",\n            \"intensity of symptom\": \"\",\n            \"specific attributes of the symptom\": {\n                \"location\": \"gastrointestinal\",\n                \"Quality of\": \"\",\n                \"temporalisation\": \"unknown\"\n            },\n            \"When did the symptom appear\": \"unknown\",\n            \"previous treatments\": \"\",\n            \"reaction to previous treaments\": \"\",\n            \"behaviour affecting the symptom\": \"\"\n        },\n        {\n            \"name of the symptom\": \"vomiting\",\n            \"intensity of symptom\": \"several episodes\",\n            \"specific attributes of the symptom\": {\n                \"location\": \"gastrointestinal\",\n                \"Quality of\": \"\",\n                \"temporalisation\": \"unknown\"\n            },\n            \"When did the symptom appear\": \"unknown\",\n            \"previous treatments\": \"\",\n            \"reaction to previous treaments\": \"\",\n            \"behaviour affecting the symptom\": \"\"\n        },\n        {\n            \"name of the symptom\": \"horizontal nystagmus\",\n            \"intensity of symptom\": \"\",\n            \"specific attributes of the symptom\": {\n                \"location\": \"neurological\",\n                \"Quality of\": \"noticeable ataxia\",\n                \"temporalisation\": \"unknown\"\n            },\n            \"When did the symptom appear\": \"unknown\",\n            \"previous treatments\": \"\",\n            \"reaction to previous treaments\": \"\",\n            \"behaviour affecting the symptom\": \"\"\n        },\n        {\n            \"name of the symptom\": \"ataxia\",\n            \"intensity of symptom\": \"noticeable\",\n            \"specific attributes of the symptom\": {\n                \"location\": \"neurological\",\n                \"Quality of\": \"\",\n                \"temporalisation\": \"unknown\"\n            },\n            \"When did the symptom appear\": \"unknown\",\n            \"previous treatments\": \"\",\n            \"reaction to previous treaments\": \"\",\n            \"behaviour affecting the symptom\": \"\"\n        }\n    ],\n    \"socio economic context\": {},\n    \"geographic_context\": {\n        \"location\": \"\",\n        \"recent travels\": \"\",\n        \"level of care\": \"\"\n    },\n    \"physiological context\": {},\n    \"psychological context\": {},\n    \"personal medical_history\": {\n        \"over-the-counter phenytoin without medical supervision\": \"taking without medical supervision due to uncontrolled episodes of dizziness and headaches\"\n    },\n    \"family medical_history\": {},\n    \"current medication\": {},\n    \"lifestyle factors\": {},\n    \"results of recent medical tests\": {}\n}"}