{"condition_name": "Burn injuries", "guideline": "guideline_rch.jsonl_85.json", "patient_nb": "1", "structured_patient": "{\n    \"symptoms\": [\n        {\n            \"name of the symptom\": \"intense burning sensation\",\n            \"intensity of symptom\": \"8/10\",\n            \"specific attributes of the symptom\": {\n                \"location\": \"site of contact (dorsal aspect of right hand, lower forearm)\",\n                \"Quality of\": \"burning\",\n                \"temporalisation\": \"\"\n            },\n            \"When did the symptom appear\": \"following direct contact with concentrated sulfuric acid\",\n            \"previous treatments\": \"immediate first aid with thorough irrigation with water\",\n            \"reaction to previous treatments\": \"\",\n            \"behaviour affecting the symptom\": \"direct contact with chemical substance\"\n        },\n        {\n            \"name of the symptom\": \"airway irritation\",\n            \"intensity of symptom\": \"\",\n            \"specific attributes of the symptom\": {\n                \"location\": \"airway\",\n                \"Quality of\": \"irritation\",\n                \"temporalisation\": \"\"\n            },\n            \"When did the symptom appear\": \"likely due to inhalation of chemical fumes\",\n            \"previous treatments\": \"immediate first aid with thorough irrigation with water\",\n            \"reaction to previous treatments\": \"\",\n            \"behaviour affecting the symptom\": \"inhalation of chemical fumes\"\n        }\n    ],\n    \"socio economic context\": {},\n    \"geographic_context\": {\n        \"location\": \"\",\n        \"recent travels\": \"\",\n        \"level of care\": \"\"\n    },\n    \"physiological context\": {},\n    \"psychological context\": {},\n    \"personal medical_history\": {},\n    \"family medical_history\": {},\n    \"current medication\": {},\n    \"lifestyle factors\": {},\n    \"results of recent medical tests\": {}\n}"}