{"condition_name": "Diverticulitis", "guideline": "guideline_mayo.jsonl_314.json", "patient_nb": "2", "structured_patient": "{\n  \"symptoms\": [\n    {\n      \"name of the symptom\": \"severe, constant pain\",\n      \"intensity of symptom\": \"8/10\",\n      \"specific attributes of the symptom\": {\n        \"location\": \"lower left abdomen\",\n        \"Quality of\": \"pain\",\n        \"temporalisation\": \"constant\"\n      },\n      \"When did the symptom appear\": \"ongoing for more than a week\",\n      \"previous treatments\": \"over-the-counter medications\",\n      \"reaction to previous treaments\": \"no significant relief\",\n      \"behaviour affecting the symptom\": \"sedentary lifestyle, low-fiber diet, obesity\"\n    },\n    {\n      \"name of the symptom\": \"recurrent episodes of nausea\",\n      \"intensity of symptom\": \"\",\n      \"specific attributes of the symptom\": {\n        \"location\": \"\",\n        \"Quality of\": \"nausea\",\n        \"temporalisation\": \"recurrent\"\n      },\n      \"When did the symptom appear\": \"\",\n      \"previous treatments\": \"over-the-counter medications\",\n      \"reaction to previous treaments\": \"no significant relief\",\n      \"behaviour affecting the symptom\": \"sedentary lifestyle, low-fiber diet, obesity\"\n    },\n    {\n      \"name of the symptom\": \"vomiting\",\n      \"intensity of symptom\": \"\",\n      \"specific attributes of the symptom\": {\n        \"location\": \"\",\n        \"Quality of\": \"vomiting\",\n        \"temporalisation\": \"recurrent\"\n      },\n      \"When did the symptom appear\": \"\",\n      \"previous treatments\": \"over-the-counter medications\",\n      \"reaction to previous treaments\": \"no significant relief\",\n      \"behaviour affecting the symptom\": \"sedentary lifestyle, low-fiber diet, obesity\"\n    },\n    {\n      \"name of the symptom\": \"low-grade fever\",\n      \"intensity of symptom\": \"\",\n      \"specific attributes of the symptom\": {\n        \"location\": \"\",\n        \"Quality of\": \"fever\",\n        \"temporalisation\": \"persistent\"\n      },\n      \"When did the symptom appear\": \"ongoing for more than a week\",\n      \"previous treatments\": \"over-the-counter medications\",\n      \"reaction to previous treaments\": \"no significant relief\",\n      \"behaviour affecting the symptom\": \"sedentary lifestyle, low-fiber diet, obesity\"\n    },\n    {\n      \"name of the symptom\": \"marked abdominal tenderness\",\n      \"intensity of symptom\": \"\",\n      \"specific attributes of the symptom\": {\n        \"location\": \"affected area\",\n        \"Quality of\": \"tenderness\",\n        \"temporalisation\": \"\"\n      },\n      \"When did the symptom appear\": \"\",\n      \"previous treatments\": \"\",\n      \"reaction to previous treaments\": \"\",\n      \"behaviour affecting the symptom\": \"sedentary lifestyle, low-fiber diet, obesity\"\n    }\n  ],\n  \"socio economic context\": {},\n  \"geographic_context\": {\n    \"location\": \"\",\n    \"recent travels\": \"\",\n    \"level of care\": \"\"\n  },\n  \"physiological context\": {},\n  \"psychological context\": {},\n  \"personal medical_history\": {\n    \"chronic constipation\": \"history of\",\n    \"obesity\": \"history of\"\n  },\n  \"family medical_history\": {},\n  \"current medication\": {},\n  \"lifestyle factors\": {\n    \"diet\": \"low in fiber\",\n    \"exercise\": \"sedentary\"\n  },\n  \"results of recent medical tests\": {}\n}"}