{"condition_name": "Vestibular Schwannomas", "guideline": "guideline_gc.jsonl_525.json", "patient_nb": "2", "structured_patient": "{\n    \"symptoms\": [\n        {\n            \"name of the symptom\": \"tinnitus\",\n            \"intensity of symptom\": \"6/10\",\n            \"specific attributes of the symptom\": {\n                \"location\": \"left ear\",\n                \"Quality of\": \"ringing\",\n                \"temporalisation\": \"recent exacerbation\"\n            },\n            \"When did the symptom appear\": \"recently\",\n            \"previous treatments\": \"\",\n            \"reaction to previous treaments\": \"\",\n            \"behaviour affecting the symptom\": \"long-term exposure to high levels of occupational noise\"\n        },\n        {\n            \"name of the symptom\": \"sensorineural hearing loss\",\n            \"intensity of symptom\": \"5/10\",\n            \"specific attributes of the symptom\": {\n                \"location\": \"left ear\",\n                \"Quality of\": \"loss of hearing\",\n                \"temporalisation\": \"acute onset\"\n            },\n            \"When did the symptom appear\": \"recently\",\n            \"previous treatments\": \"\",\n            \"reaction to previous treaments\": \"\",\n            \"behaviour affecting the symptom\": \"long-term exposure to high levels of occupational noise\"\n        }\n    ],\n    \"socio economic context\": {},\n    \"geographic_context\": {\n        \"location\": \"\",\n        \"recent travels\": \"\",\n        \"level of care\": \"\"\n    },\n    \"physiological context\": {},\n    \"psychological context\": {},\n    \"personal medical_history\": {\n        \"history of sporadic tinnitus\": \"\",\n        \"occupational history involved long-term exposure to high levels of occupational noise\": \"\"\n    },\n    \"family medical_history\": {},\n    \"current medication\": {},\n    \"lifestyle factors\": {},\n    \"results of recent medical tests\": {\n        \"Audiometric testing\": \"revealed a significant interaural difference at several contiguous frequencies, with higher dB values in the affected ear\"\n    }\n}"}