{"condition_name": "Respiratory Syncytial Virus (RSV) infection", "guideline": "guideline_rch.jsonl_242.json", "patient_nb": "2", "structured_patient": "{\n  \"symptoms\": [\n    {\n      \"name of the symptom\": \"increased respiratory rate\",\n      \"intensity of symptom\": \"consistently above 60 breaths per minute\",\n      \"specific attributes of the symptom\": {\n        \"location\": \"\",\n        \"Quality of\": \"rapid\",\n        \"temporalisation\": \"now\"\n      },\n      \"When did the symptom appear\": \"\",\n      \"previous treatments\": \"\",\n      \"reaction to previous treatments\": \"\",\n      \"behaviour affecting the symptom\": \"increased respiratory effort, central cyanosis\"\n    },\n    {\n      \"name of the symptom\": \"irritability\",\n      \"intensity of symptom\": \"\",\n      \"specific attributes of the symptom\": {\n        \"location\": \"\",\n        \"Quality of\": \"\",\n        \"temporalisation\": \"\"\n      },\n      \"When did the symptom appear\": \"\",\n      \"previous treatments\": \"\",\n      \"reaction to previous treatments\": \"\",\n      \"behaviour affecting the symptom\": \"\"\n    },\n    {\n      \"name of the symptom\": \"fussiness\",\n      \"intensity of symptom\": \"\",\n      \"specific attributes of the symptom\": {\n        \"location\": \"\",\n        \"Quality of\": \"\",\n        \"temporalisation\": \"\"\n      },\n      \"When did the symptom appear\": \"\",\n      \"previous treatments\": \"\",\n      \"reaction to previous treatments\": \"\",\n      \"behaviour affecting the symptom\": \"\"\n    },\n    {\n      \"name of the symptom\": \"feeding difficulties\",\n      \"intensity of symptom\": \"\",\n      \"specific attributes of the symptom\": {\n        \"location\": \"\",\n        \"Quality of\": \"reduced\",\n        \"temporalisation\": \"\"\n      },\n      \"When did the symptom appear\": \"\",\n      \"previous treatments\": \"\",\n      \"reaction to previous treatments\": \"\",\n      \"behaviour affecting the symptom\": \"\"\n    },\n    {\n      \"name of the symptom\": \"reduced activity levels\",\n      \"intensity of symptom\": \"\",\n      \"specific attributes of the symptom\": {\n        \"location\": \"\",\n        \"Quality of\": \"\",\n        \"temporalisation\": \"\"\n      },\n      \"When did the symptom appear\": \"\",\n      \"previous treatments\": \"\",\n      \"reaction to previous treatments\": \"\",\n      \"behaviour affecting the symptom\": \"\"\n    },\n    {\n      \"name of the symptom\": \"central cyanosis\",\n      \"intensity of symptom\": \"\",\n      \"specific attributes of the symptom\": {\n        \"location\": \"central\",\n        \"Quality of\": \"\",\n        \"temporalisation\": \"during episodes of increased respiratory effort\"\n      },\n      \"When did the symptom appear\": \"\",\n      \"previous treatments\": \"\",\n      \"reaction to previous treatments\": \"\",\n      \"behaviour affecting the symptom\": \"\"\n    },\n    {\n      \"name of the symptom\": \"weight below 5th percentile\",\n      \"intensity of symptom\": \"\",\n      \"specific attributes of the symptom\": {\n        \"location\": \"\",\n        \"Quality of\": \"\",\n        \"temporalisation\": \"\"\n      },\n      \"When did the symptom appear\": \"\",\n      \"previous treatments\": \"\",\n      \"reaction to previous treatments\": \"\",\n      \"behaviour affecting the symptom\": \"\"\n    }\n  ],\n  \"socio economic context\": {},\n  \"geographic_context\": {\n    \"location\": \"\",\n    \"recent travels\": \"\",\n    \"level of care\": \"\"\n  },\n  \"physiological context\": {},\n  \"psychological context\": {},\n  \"personal medical_history\": {\n    \"congenital heart disease\": \"ventricular septal defect\"\n  },\n  \"family medical_history\": {},\n  \"current medication\": {},\n  \"lifestyle factors\": {},\n  \"results of recent medical tests\": {}\n}"}