{"condition_name": "Neural Tube Defects", "guideline": "guideline_usp.jsonl_1.json", "patient_nb": "1", "structured_patient": "{\n    \"symptoms\": [\n        {\n            \"name of the symptom\": \"Anomalies in developing fetus\",\n            \"intensity of symptom\": \"\",\n            \"specific attributes of the symptom\": {\n                \"location\": \"Within the fetus\",\n                \"Quality of\": \"Severe\",\n                \"temporalisation\": \"Progressive\"\n            },\n            \"When did the symptom appear\": \"Detected during ultrasound examination\",\n            \"previous treatments\": \"\",\n            \"reaction to previous treaments\": \"\",\n            \"behaviour affecting the symptom\": \"\"\n        },\n        {\n            \"name of the symptom\": \"Emotional distress\",\n            \"intensity of symptom\": \"Heightened\",\n            \"specific attributes of the symptom\": {\n                \"location\": \"Psychological\",\n                \"Quality of\": \"Mental anguish\",\n                \"temporalisation\": \"Ongoing\"\n            },\n            \"When did the symptom appear\": \"Concomitant with concerns about current pregnancy\",\n            \"previous treatments\": \"\",\n            \"reaction to previous treaments\": \"\",\n            \"behaviour affecting the symptom\": \"\"\n        },\n        {\n            \"name of the symptom\": \"Uncertainty\",\n            \"intensity of symptom\": \"High\",\n            \"specific attributes of the symptom\": {\n                \"location\": \"Psychological\",\n                \"Quality of\": \"Mental turmoil\",\n                \"temporalisation\": \"Ongoing\"\n            },\n            \"When did the symptom appear\": \"Concomitant with concerns about potential outcomes for this pregnancy\",\n            \"previous treatments\": \"\",\n            \"reaction to previous treaments\": \"\",\n            \"behaviour affecting the symptom\": \"\"\n        }\n    ],\n    \"socio economic context\": {},\n    \"geographic_context\": {\n        \"location\": \"\",\n        \"recent travels\": \"\",\n        \"level of care\": \"\"\n    },\n    \"physiological context\": {},\n    \"psychological context\": {},\n    \"personal medical_history\": {\n        \"prior pregnancy history\": \"First child born with spina bifida\"\n    },\n    \"family medical_history\": {},\n    \"current medication\": {},\n    \"lifestyle factors\": {},\n    \"results of recent medical tests\": {\n        \"ultrasound examination\": \"Revealed anomalies in the developing fetus suggestive of neural tube defects\"\n    }\n}"}