{"condition_name": "Anxiety during COVID swabs", "guideline": "guideline_rch.jsonl_158.json", "patient_nb": "2", "structured_patient": "{\n  \"symptoms\": [\n    {\n      \"name of the symptom\": \"anticipatory anxiety\",\n      \"intensity of symptom\": \"9/10\",\n      \"specific attributes of the symptom\": {\n        \"location\": \"mental/emotional\",\n        \"Quality of\": \"debilitating\",\n        \"temporalisation\": \"leading up to swab procedure\"\n      },\n      \"When did the symptom appear\": \"in relation to COVID-19 swab tests\",\n      \"previous treatments\": \"self-help relaxation techniques\",\n      \"reaction to previous treatments\": \"ineffective\",\n      \"behaviour affecting the symptom\": \"high-pressure work environment\"\n    }\n  ],\n  \"socio economic context\": {},\n  \"geographic_context\": {\n    \"location\": \"\",\n    \"recent travels\": \"\",\n    \"level of care\": \"\"\n  },\n  \"physiological context\": {},\n  \"psychological context\": {},\n  \"personal medical_history\": {},\n  \"family medical_history\": {},\n  \"current medication\": {},\n  \"lifestyle factors\": {\n    \"work environment\": \"high-pressure\"\n  },\n  \"results of recent medical tests\": {}\n}"}