{"condition_name": "Overactive bladder syndrome", "guideline": "guideline_nice.jsonl_1322.json", "patient_nb": "2", "structured_patient": "{\n    \"symptoms\": [\n        {\n            \"name of the symptom\": \"urinary urgency\",\n            \"intensity of symptom\": \"moderate\",\n            \"specific attributes of the symptom\": {\n                \"location\": \"bladder\",\n                \"Quality of\": \"compelling and sudden\",\n                \"temporalisation\": \"more than 15 times a day\"\n            },\n            \"When did the symptom appear\": \"recently\",\n            \"previous treatments\": \"lifestyle modifications and behavioral therapies\",\n            \"reaction to previous treatments\": \"ineffective\",\n            \"behaviour affecting the symptom\": \"\"\n        },\n        {\n            \"name of the symptom\": \"urge incontinence\",\n            \"intensity of symptom\": \"significant impact on daily routine\",\n            \"specific attributes of the symptom\": {\n                \"location\": \"bladder\",\n                \"Quality of\": \"involuntary loss of urine\",\n                \"temporalisation\": \"associated with the urgency\"\n            },\n            \"When did the symptom appear\": \"recently\",\n            \"previous treatments\": \"lifestyle modifications and behavioral therapies\",\n            \"reaction to previous treatments\": \"ineffective\",\n            \"behaviour affecting the symptom\": \"\"\n        },\n        {\n            \"name of the symptom\": \"increased frequency of urination\",\n            \"intensity of symptom\": \"not specified\",\n            \"specific attributes of the symptom\": {\n                \"location\": \"bladder\",\n                \"Quality of\": \"strong desire to void\",\n                \"temporalisation\": \"difficult to defer\"\n            },\n            \"When did the symptom appear\": \"recently\",\n            \"previous treatments\": \"lifestyle modifications and behavioral therapies\",\n            \"reaction to previous treatments\": \"ineffective\",\n            \"behaviour affecting the symptom\": \"\"\n        },\n        {\n            \"name of the symptom\": \"nocturia\",\n            \"intensity of symptom\": \"waking up four times\",\n            \"specific attributes of the symptom\": {\n                \"location\": \"bladder\",\n                \"Quality of\": \"increased need to urinate\",\n                \"temporalisation\": \"at night\"\n            },\n            \"When did the symptom appear\": \"recently\",\n            \"previous treatments\": \"lifestyle modifications and behavioral therapies\",\n            \"reaction to previous treatments\": \"ineffective\",\n            \"behaviour affecting the symptom\": \"\"\n        }\n    ],\n    \"socio economic context\": {},\n    \"geographic_context\": {\n        \"location\": \"\",\n        \"recent travels\": \"\",\n        \"level of care\": \"\"\n    },\n    \"physiological context\": {},\n    \"psychological context\": {},\n    \"personal medical_history\": {},\n    \"family medical_history\": {},\n    \"current medication\": {},\n    \"lifestyle factors\": {},\n    \"results of recent medical tests\": {}\n}"}