{"condition_name": "Side Effects of Oral Appliance Therapy for Sleep-Disordered Breathing", "guideline": "guideline_gc.jsonl_14.json", "patient_nb": "2", "structured_patient": "{\n    \"symptoms\": [\n        {\n            \"name of the symptom\": \"temporomandibular joint pain\",\n            \"intensity of symptom\": \"7/10\",\n            \"specific attributes of the symptom\": {\n                \"location\": \"temporomandibular joint\",\n                \"Quality of\": \"pain\",\n                \"temporalisation\": \"persistent\"\n            },\n            \"When did the symptom appear\": \"\",\n            \"previous treatments\": \"oral appliance for sleep-disordered breathing\",\n            \"reaction to previous treatments\": \"symptoms persist\",\n            \"behaviour affecting the symptom\": \"use of oral appliance\"\n        },\n        {\n            \"name of the symptom\": \"muscles of mastication tenderness\",\n            \"intensity of symptom\": \"\",\n            \"specific attributes of the symptom\": {\n                \"location\": \"muscles of mastication\",\n                \"Quality of\": \"tenderness\",\n                \"temporalisation\": \"\"\n            },\n            \"When did the symptom appear\": \"\",\n            \"previous treatments\": \"oral appliance for sleep-disordered breathing\",\n            \"reaction to previous treatments\": \"symptoms persist\",\n            \"behaviour affecting the symptom\": \"use of oral appliance\"\n        },\n        {\n            \"name of the symptom\": \"joint sounds\",\n            \"intensity of symptom\": \"\",\n            \"specific attributes of the symptom\": {\n                \"location\": \"temporomandibular joint\",\n                \"Quality of\": \"sounds\",\n                \"temporalisation\": \"\"\n            },\n            \"When did the symptom appear\": \"\",\n            \"previous treatments\": \"oral appliance for sleep-disordered breathing\",\n            \"reaction to previous treatments\": \"symptoms persist\",\n            \"behaviour affecting the symptom\": \"use of oral appliance\"\n        },\n        {\n            \"name of the symptom\": \"soft tissue and tongue irritation\",\n            \"intensity of symptom\": \"\",\n            \"specific attributes of the symptom\": {\n                \"location\": \"soft tissue and tongue\",\n                \"Quality of\": \"irritation\",\n                \"temporalisation\": \"\"\n            },\n            \"When did the symptom appear\": \"\",\n            \"previous treatments\": \"oral appliance for sleep-disordered breathing\",\n            \"reaction to previous treatments\": \"symptoms persist\",\n            \"behaviour affecting the symptom\": \"use of oral appliance\"\n        },\n        {\n            \"name of the symptom\": \"gingival irritation\",\n            \"intensity of symptom\": \"\",\n            \"specific attributes of the symptom\": {\n                \"location\": \"gingiva\",\n                \"Quality of\": \"irritation\",\n                \"temporalisation\": \"\"\n            },\n            \"When did the symptom appear\": \"\",\n            \"previous treatments\": \"oral appliance for sleep-disordered breathing\",\n            \"reaction to previous treatments\": \"symptoms persist\",\n            \"behaviour affecting the symptom\": \"use of oral appliance\"\n        },\n        {\n            \"name of the symptom\": \"dry mouth\",\n            \"intensity of symptom\": \"\",\n            \"specific attributes of the symptom\": {\n                \"location\": \"mouth\",\n                \"Quality of\": \"dryness\",\n                \"temporalisation\": \"\"\n            },\n            \"When did the symptom appear\": \"\",\n            \"previous treatments\": \"oral appliance for sleep-disordered breathing\",\n            \"reaction to previous treatments\": \"symptoms persist\",\n            \"behaviour affecting the symptom\": \"use of oral appliance\"\n        },\n        {\n            \"name of the symptom\": \"excessive salivation\",\n            \"intensity of symptom\": \"\",\n            \"specific attributes of the symptom\": {\n                \"location\": \"\",\n                \"Quality of\": \"salivation\",\n                \"temporalisation\": \"\"\n            },\n            \"When did the symptom appear\": \"\",\n            \"previous treatments\": \"oral appliance for sleep-disordered breathing\",\n            \"reaction to previous treatments\": \"symptoms persist\",\n            \"behaviour affecting the symptom\": \"use of oral appliance\"\n        }\n    ],\n    \"socio economic context\": {},\n    \"geographic_context\": {\n        \"location\": \"\",\n        \"recent travels\": \"\",\n        \"level of care\": \"\"\n    },\n    \"physiological context\": {},\n    \"psychological context\": {},\n    \"personal medical_history\": {\n        \"temporomandibular joint disorder\": \"known history\"\n    },\n    \"family medical_history\": {},\n    \"current medication\": {},\n    \"lifestyle factors\": {},\n    \"results of recent medical tests\": {}\n}"}