{"condition_name": "Urethral Stricture Disease", "guideline": "guideline_gc.jsonl_872.json", "patient_nb": "6", "structured_patient": "{\n    \"symptoms\": [\n        {\n            \"name of the symptom\": \"decreased urinary stream\",\n            \"intensity of symptom\": \"\",\n            \"specific attributes of the symptom\": {\n                \"location\": \"urinary tract\",\n                \"Quality of\": \"reduced flow\",\n                \"temporalisation\": \"prolonged history\"\n            },\n            \"When did the symptom appear\": \"\",\n            \"previous treatments\": \"multiple interventions for urethral strictures\",\n            \"reaction to previous treatments\": \"\",\n            \"behaviour affecting the symptom\": \"\"\n        },\n        {\n            \"name of the symptom\": \"incomplete emptying\",\n            \"intensity of symptom\": \"\",\n            \"specific attributes of the symptom\": {\n                \"location\": \"urinary tract\",\n                \"Quality of\": \"not fully voiding\",\n                \"temporalisation\": \"prolonged history\"\n            },\n            \"When did the symptom appear\": \"\",\n            \"previous treatments\": \"multiple interventions for urethral strictures\",\n            \"reaction to previous treatments\": \"\",\n            \"behaviour affecting the symptom\": \"\"\n        },\n        {\n            \"name of the symptom\": \"dysuria\",\n            \"intensity of symptom\": \"\",\n            \"specific attributes of the symptom\": {\n                \"location\": \"urinary tract\",\n                \"Quality of\": \"painful urination\",\n                \"temporalisation\": \"prolonged history\"\n            },\n            \"When did the symptom appear\": \"\",\n            \"previous treatments\": \"multiple interventions for urethral strictures\",\n            \"reaction to previous treatments\": \"\",\n            \"behaviour affecting the symptom\": \"\"\n        },\n        {\n            \"name of the symptom\": \"recurrent need for catheterization\",\n            \"intensity of symptom\": \"\",\n            \"specific attributes of the symptom\": {\n                \"location\": \"urinary tract\",\n                \"Quality of\": \"requiring repeated catheter insertion\",\n                \"temporalisation\": \"ongoing\"\n            },\n            \"When did the symptom appear\": \"\",\n            \"previous treatments\": \"multiple interventions for urethral strictures\",\n            \"reaction to previous treatments\": \"\",\n            \"behaviour affecting the symptom\": \"\"\n        }\n    ],\n    \"socio economic context\": {},\n    \"geographic_context\": {\n        \"location\": \"\",\n        \"recent travels\": \"\",\n        \"level of care\": \"\"\n    },\n    \"physiological context\": {},\n    \"psychological context\": {},\n    \"personal medical_history\": {\n        \"pelvic fracture urethral injury\": \"following a traumatic accident\",\n        \"urethral strictures\": \"multiple interventions\"\n    },\n    \"family medical_history\": {},\n    \"current medication\": {},\n    \"lifestyle factors\": {},\n    \"results of recent medical tests\": {}\n}"}