{"condition_name": "Ruptured eardrum (tympanic membrane perforation)", "guideline": "guideline_mayo.jsonl_886.json", "patient_nb": "1", "structured_patient": "{\n  \"symptoms\": [\n    {\n      \"name of the symptom\": \"Severe, throbbing ear pain\",\n      \"intensity of symptom\": \"8/10\",\n      \"specific attributes of the symptom\": {\n        \"location\": \"Ear\",\n        \"Quality of\": \"Throbbing\",\n        \"temporalisation\": \"Persisting for the past 48 hours\"\n      },\n      \"When did the symptom appear\": \"After recent episode of upper respiratory tract infection\",\n      \"previous treatments\": \"Unknown\",\n      \"reaction to previous treaments\": \"Unknown\",\n      \"behaviour affecting the symptom\": \"Frequent exposure to loud noises\"\n    },\n    {\n      \"name of the symptom\": \"Copious mucus-like, foul-smelling drainage\",\n      \"intensity of symptom\": \"N/A\",\n      \"specific attributes of the symptom\": {\n        \"location\": \"Affected ear\",\n        \"Quality of\": \"Mucus-like, foul-smelling\",\n        \"temporalisation\": \"Persisting\"\n      },\n      \"When did the symptom appear\": \"After recent episode of upper respiratory tract infection\",\n      \"previous treatments\": \"Unknown\",\n      \"reaction to previous treaments\": \"Unknown\",\n      \"behaviour affecting the symptom\": \"Frequent exposure to loud noises\"\n    },\n    {\n      \"name of the symptom\": \"Sudden onset of hearing loss\",\n      \"intensity of symptom\": \"N/A\",\n      \"specific attributes of the symptom\": {\n        \"location\": \"Affected ear\",\n        \"Quality of\": \"Loss of hearing\",\n        \"temporalisation\": \"Recent\"\n      },\n      \"When did the symptom appear\": \"After recent episode of upper respiratory tract infection\",\n      \"previous treatments\": \"Unknown\",\n      \"reaction to previous treaments\": \"Unknown\",\n      \"behaviour affecting the symptom\": \"Frequent exposure to loud noises\"\n    },\n    {\n      \"name of the symptom\": \"Ringing sensation (tinnitus)\",\n      \"intensity of symptom\": \"N/A\",\n      \"specific attributes of the symptom\": {\n        \"location\": \"Affected ear\",\n        \"Quality of\": \"Ringing\",\n        \"temporalisation\": \"Persisting\"\n      },\n      \"When did the symptom appear\": \"After recent episode of upper respiratory tract infection\",\n      \"previous treatments\": \"Unknown\",\n      \"reaction to previous treaments\": \"Unknown\",\n      \"behaviour affecting the symptom\": \"Frequent exposure to loud noises\"\n    },\n    {\n      \"name of the symptom\": \"Vertigo\",\n      \"intensity of symptom\": \"N/A\",\n      \"specific attributes of the symptom\": {\n        \"location\": \"N/A\",\n        \"Quality of\": \"N/A\",\n        \"temporalisation\": \"Episodic\"\n      },\n      \"When did the symptom appear\": \"After recent episode of upper respiratory tract infection\",\n      \"previous treatments\": \"Unknown\",\n      \"reaction to previous treaments\": \"Unknown\",\n      \"behaviour affecting the symptom\": \"Frequent exposure to loud noises\"\n    },\n    {\n      \"name of the symptom\": \"Nausea\",\n      \"intensity of symptom\": \"N/A\",\n      \"specific attributes of the symptom\": {\n        \"location\": \"N/A\",\n        \"Quality of\": \"N/A\",\n        \"temporalisation\": \"Associated with vertigo episodes\"\n      },\n      \"When did the symptom appear\": \"After recent episode of upper respiratory tract infection\",\n      \"previous treatments\": \"Unknown\",\n      \"reaction to previous treaments\": \"Unknown\",\n      \"behaviour affecting the symptom\": \"Frequent exposure to loud noises\"\n    }\n  ],\n  \"socio economic context\": {},\n  \"geographic_context\": {\n    \"location\": \"N/A\",\n    \"recent travels\": \"N/A\",\n    \"level of care\": \"Unknown\"\n  },\n  \"physiological context\": {},\n  \"psychological context\": {},\n  \"personal medical_history\": {\n    \"recurrent middle ear infections\": \"History of\"\n  },\n  \"family medical_history\": {},\n  \"current medication\": {},\n  \"lifestyle factors\": {\n    \"occupation involves frequent exposure to loud noises\": \"True\"\n  },\n  \"results of recent medical tests\": {}\n}"}