{"condition_name": "Ross River virus disease", "guideline": "guideline_cdc_diseases.jsonl_35.json", "patient_nb": "1", "structured_patient": "{\n  \"symptoms\": [\n    {\n      \"name of the symptom\": \"joint pain\",\n      \"intensity of symptom\": \"7/10\",\n      \"specific attributes of the symptom\": {\n        \"location\": \"wrists, knees, ankles\",\n        \"Quality of\": \"progressively worsening\",\n        \"temporalisation\": \"morning stiffness\"\n      },\n      \"When did the symptom appear\": \"four weeks ago\",\n      \"previous treatments\": \"\",\n      \"reaction to previous treaments\": \"\",\n      \"behaviour affecting the symptom\": \"significant outdoor lifestyle, multiple mosquito bites\"\n    },\n    {\n      \"name of the symptom\": \"muscle pain\",\n      \"intensity of symptom\": \"\",\n      \"specific attributes of the symptom\": {\n        \"location\": \"diffuse\",\n        \"Quality of\": \"\",\n        \"temporalisation\": \"\"\n      },\n      \"When did the symptom appear\": \"four weeks ago\",\n      \"previous treatments\": \"\",\n      \"reaction to previous treaments\": \"\",\n      \"behaviour affecting the symptom\": \"significant outdoor lifestyle, multiple mosquito bites\"\n    },\n    {\n      \"name of the symptom\": \"low-grade fever\",\n      \"intensity of symptom\": \"38.5\u00b0C\",\n      \"specific attributes of the symptom\": {\n        \"location\": \"\",\n        \"Quality of\": \"persistent\",\n        \"temporalisation\": \"\"\n      },\n      \"When did the symptom appear\": \"four weeks ago\",\n      \"previous treatments\": \"\",\n      \"reaction to previous treaments\": \"\",\n      \"behaviour affecting the symptom\": \"significant outdoor lifestyle, multiple mosquito bites\"\n    },\n    {\n      \"name of the symptom\": \"rash\",\n      \"intensity of symptom\": \"\",\n      \"specific attributes of the symptom\": {\n        \"location\": \"trunk, extremities\",\n        \"Quality of\": \"\",\n        \"temporalisation\": \"\"\n      },\n      \"When did the symptom appear\": \"four weeks ago\",\n      \"previous treatments\": \"\",\n      \"reaction to previous treaments\": \"\",\n      \"behaviour affecting the symptom\": \"significant outdoor lifestyle, multiple mosquito bites\"\n    }\n  ],\n  \"socio economic context\": {},\n  \"geographic_context\": {\n    \"location\": \"\",\n    \"recent travels\": \"\",\n    \"level of care\": \"\"\n  },\n  \"physiological context\": {},\n  \"psychological context\": {},\n  \"personal medical_history\": {},\n  \"family medical_history\": {},\n  \"current medication\": {},\n  \"lifestyle factors\": {},\n  \"results of recent medical tests\": {}\n}"}