{"condition_name": "Microcephaly", "guideline": "guideline_mayo.jsonl_640.json", "patient_nb": "1", "structured_patient": "{\n    \"symptoms\": [\n        {\n            \"name of the symptom\": \"microcephaly\",\n            \"intensity of symptom\": \"persistent\",\n            \"specific attributes of the symptom\": {\n                \"location\": \"head\",\n                \"Quality of\": \"small head size compared to peers\",\n                \"temporalisation\": \"has consistently measured below the 3rd percentile on growth charts\"\n            },\n            \"When did the symptom appear\": \"not specified but present at 2 years of age\",\n            \"previous treatments\": \"none\",\n            \"reaction to previous treaments\": \"n/a\",\n            \"behaviour affecting the symptom\": \"unknown\"\n        },\n        {\n            \"name of the symptom\": \"mildly sloping forehead\",\n            \"intensity of symptom\": \"mild\",\n            \"specific attributes of the symptom\": {\n                \"location\": \"forehead\",\n                \"Quality of\": \"slope\",\n                \"temporalisation\": \"present upon evaluation\"\n            },\n            \"When did the symptom appear\": \"not specified but present at 2 years of age\",\n            \"previous treatments\": \"none\",\n            \"reaction to previous treaments\": \"n/a\",\n            \"behaviour affecting the symptom\": \"unknown\"\n        }\n    ],\n    \"socio economic context\": {},\n    \"geographic_context\": {\n        \"location\": \"\",\n        \"recent travels\": \"\",\n        \"level of care\": \"\"\n    },\n    \"physiological context\": {},\n    \"psychological context\": {},\n    \"personal medical_history\": {},\n    \"family medical_history\": {},\n    \"current medication\": {},\n    \"lifestyle factors\": {},\n    \"results of recent medical tests\": {}\n}"}