{"condition_name": "Venous Thromboembolic Disease in Colorectal Surgery", "guideline": "guideline_gc.jsonl_148.json", "patient_nb": "1", "structured_patient": "{\n    \"symptoms\": [\n        {\n            \"name of the symptom\": \"localized pain and swelling in left leg\",\n            \"intensity of symptom\": \"6/10\",\n            \"specific attributes of the symptom\": {\n                \"location\": \"left leg\",\n                \"Quality of\": \"pain and swelling\",\n                \"temporalisation\": \"recently\"\n            },\n            \"When did the symptom appear\": \"postoperative period after colorectal surgery\",\n            \"previous treatments\": \"not specified\",\n            \"reaction to previous treaments\": \"not specified\",\n            \"behaviour affecting the symptom\": \"limited postoperative mobility\"\n        }\n    ],\n    \"socio economic context\": {},\n    \"geographic_context\": {\n        \"location\": \"\",\n        \"recent travels\": \"\",\n        \"level of care\": \"\"\n    },\n    \"physiological context\": {},\n    \"psychological context\": {},\n    \"personal medical_history\": {\n        \"obesity\": \"present\",\n        \"hypertension\": \"present\",\n        \"prior deep vein thrombosis (DVT)\": \"history of\"\n    },\n    \"family medical_history\": {},\n    \"current medication\": {},\n    \"lifestyle factors\": {},\n    \"results of recent medical tests\": {}\n}"}