{"condition_name": "poisoning", "guideline": "guideline_rch.jsonl_339.json", "patient_nb": "2", "structured_patient": "{\n    \"symptoms\": [\n        {\n            \"name of the symptom\": \"abdominal pain\",\n            \"intensity of symptom\": \"6/10\",\n            \"specific attributes of the symptom\": {\n                \"location\": \"epigastric\",\n                \"Quality of\": \"cramping\",\n                \"temporalisation\": \"recurrent\"\n            },\n            \"When did the symptom appear\": \"coincided with ingestion of herbal supplement\",\n            \"previous treatments\": \"discontinuing the supplement\",\n            \"reaction to previous treatments\": \"symptoms persisted and intermittently worsened\",\n            \"behaviour affecting the symptom\": \"\"\n        },\n        {\n            \"name of the symptom\": \"vomiting\",\n            \"intensity of symptom\": \"\",\n            \"specific attributes of the symptom\": {\n                \"location\": \"\",\n                \"Quality of\": \"\",\n                \"temporalisation\": \"recurrent\"\n            },\n            \"When did the symptom appear\": \"coincided with ingestion of herbal supplement\",\n            \"previous treatments\": \"discontinuing the supplement\",\n            \"reaction to previous treatments\": \"symptoms persisted and intermittently worsened\",\n            \"behaviour affecting the symptom\": \"\"\n        },\n        {\n            \"name of the symptom\": \"diarrhea\",\n            \"intensity of symptom\": \"\",\n            \"specific attributes of the symptom\": {\n                \"location\": \"\",\n                \"Quality of\": \"intermittent\",\n                \"temporalisation\": \"recurrent\"\n            },\n            \"When did the symptom appear\": \"coincided with ingestion of herbal supplement\",\n            \"previous treatments\": \"discontinuing the supplement\",\n            \"reaction to previous treatments\": \"symptoms persisted and intermittently worsened\",\n            \"behaviour affecting the symptom\": \"\"\n        }\n    ],\n    \"socio economic context\": {},\n    \"geographic_context\": {\n        \"location\": \"\",\n        \"recent travels\": \"\",\n        \"level of care\": \"\"\n    },\n    \"physiological context\": {},\n    \"psychological context\": {},\n    \"personal medical_history\": {\n        \"anxiety\": \"history of\",\n        \"depression\": \"history of\"\n    },\n    \"family medical_history\": {},\n    \"current medication\": {\n        \"sertraline\": \"takes\",\n        \"medication regimen changes\": \"no recent changes\"\n    },\n    \"lifestyle factors\": {},\n    \"results of recent medical tests\": {}\n}"}