{"condition_name": "Acute calculous cholecystitis", "guideline": "guideline_nice.jsonl_224.json", "patient_nb": "3", "structured_patient": "{\n    \"symptoms\": [\n        {\n            \"name of the symptom\": \"severe right upper quadrant abdominal pain\",\n            \"intensity of symptom\": \"9/10\",\n            \"specific attributes of the symptom\": {\n                \"location\": \"right upper quadrant\",\n                \"Quality of\": \"steady\",\n                \"temporalisation\": \"new onset, ongoing for 36 hours\"\n            },\n            \"When did the symptom appear\": \"36 hours ago\",\n            \"previous treatments\": \"intermittent biliary colic\",\n            \"reaction to previous treatments\": \"\",\n            \"behaviour affecting the symptom\": \"\"\n        },\n        {\n            \"name of the symptom\": \"high-grade fever\",\n            \"intensity of symptom\": \"\",\n            \"specific attributes of the symptom\": {\n                \"location\": \"\",\n                \"Quality of\": \"\",\n                \"temporalisation\": \"\"\n            },\n            \"When did the symptom appear\": \"accompanying abdominal pain\",\n            \"previous treatments\": \"\",\n            \"reaction to previous treatments\": \"\",\n            \"behaviour affecting the symptom\": \"\"\n        },\n        {\n            \"name of the symptom\": \"nausea\",\n            \"intensity of symptom\": \"\",\n            \"specific attributes of the symptom\": {\n                \"location\": \"\",\n                \"Quality of\": \"\",\n                \"temporalisation\": \"\"\n            },\n            \"When did the symptom appear\": \"accompanying abdominal pain\",\n            \"previous treatments\": \"\",\n            \"reaction to previous treatments\": \"\",\n            \"behaviour affecting the symptom\": \"\"\n        },\n        {\n            \"name of the symptom\": \"recurrent vomiting\",\n            \"intensity of symptom\": \"\",\n            \"specific attributes of the symptom\": {\n                \"location\": \"\",\n                \"Quality of\": \"\",\n                \"temporalisation\": \"\"\n            },\n            \"When did the symptom appear\": \"accompanying abdominal pain\",\n            \"previous treatments\": \"\",\n            \"reaction to previous treatments\": \"\",\n            \"behaviour affecting the symptom\": \"\"\n        }\n    ],\n    \"socio economic context\": {},\n    \"geographic_context\": {\n        \"location\": \"\",\n        \"recent travels\": \"\",\n        \"level of care\": \"\"\n    },\n    \"physiological context\": {},\n    \"psychological context\": {},\n    \"personal medical_history\": {\n        \"gallstones\": \"documented on prior ultrasound examinations\",\n        \"intermittent biliary colic\": \"\"\n    },\n    \"family medical_history\": {},\n    \"current medication\": {},\n    \"lifestyle factors\": {},\n    \"results of recent medical tests\": {}\n}"}