{"condition_name": "Gastro-oesophageal reflux disease (GORD)", "guideline": "guideline_nice.jsonl_1514.json", "patient_nb": "2", "structured_patient": "{\n  \"symptoms\": [\n    {\n      \"name of the symptom\": \"persistent burning sensation in the retrosternal area\",\n      \"intensity of symptom\": \"8/10\",\n      \"specific attributes of the symptom\": {\n        \"location\": \"retrosternal area\",\n        \"Quality of\": \"burning\",\n        \"temporalisation\": \"commonly occurs after meals and when lying flat\"\n      },\n      \"When did the symptom appear\": \"persistent\",\n      \"previous treatments\": \"long-standing use of proton pump inhibitors\",\n      \"reaction to previous treaments\": \"partial relief, but symptoms have now recurred\",\n      \"behaviour affecting the symptom\": \"meals, lying flat, obesity\"\n    },\n    {\n      \"name of the symptom\": \"frequent belching\",\n      \"intensity of symptom\": \"\",\n      \"specific attributes of the symptom\": {\n        \"location\": \"\",\n        \"Quality of\": \"\",\n        \"temporalisation\": \"\"\n      },\n      \"When did the symptom appear\": \"accompanies 'heartburn'\",\n      \"previous treatments\": \"long-standing use of proton pump inhibitors\",\n      \"reaction to previous treaments\": \"partial relief, but symptoms have now recurred\",\n      \"behaviour affecting the symptom\": \"meals, lying flat, obesity\"\n    },\n    {\n      \"name of the symptom\": \"regurgitation of gastric contents\",\n      \"intensity of symptom\": \"\",\n      \"specific attributes of the symptom\": {\n        \"location\": \"\",\n        \"Quality of\": \"\",\n        \"temporalisation\": \"\"\n      },\n      \"When did the symptom appear\": \"accompanies 'heartburn'\",\n      \"previous treatments\": \"long-standing use of proton pump inhibitors\",\n      \"reaction to previous treaments\": \"partial relief, but symptoms have now recurred\",\n      \"behaviour affecting the symptom\": \"meals, lying flat, obesity\"\n    }\n  ],\n  \"socio economic context\": {},\n  \"geographic_context\": {\n    \"location\": \"\",\n    \"recent travels\": \"\",\n    \"level of care\": \"\"\n  },\n  \"physiological context\": {},\n  \"psychological context\": {},\n  \"personal medical_history\": {\n    \"obesity\": \"body mass index of 34\"\n  },\n  \"family medical_history\": {},\n  \"current medication\": {\n    \"proton pump inhibitors\": \"long-standing use with partial relief\"\n  },\n  \"lifestyle factors\": {},\n  \"results of recent medical tests\": {}\n}"}