{"condition_name": "End-stage arthritis", "guideline": "guideline_nice.jsonl_1570.json", "patient_nb": "1", "structured_patient": "{\n    \"symptoms\": [\n        {\n            \"name of the symptom\": \"chronic pain\",\n            \"intensity of symptom\": \"7/10\",\n            \"specific attributes of the symptom\": {\n                \"location\": \"metacarpophalangeal and interphalangeal joints of right hand\",\n                \"Quality of\": \"severe\",\n                \"temporalisation\": \"progressively worsening over 5 years\"\n            },\n            \"When did the symptom appear\": \"5 years ago\",\n            \"previous treatments\": \"non-steroidal anti-inflammatory drugs (NSAIDs), occupational therapy\",\n            \"reaction to previous treaments\": \"symptoms have continued to worsen\",\n            \"behaviour affecting the symptom\": \"manual labor as a carpenter\"\n        }\n    ],\n    \"socio economic context\": {},\n    \"geographic_context\": {\n        \"location\": \"\",\n        \"recent travels\": \"\",\n        \"level of care\": \"\"\n    },\n    \"physiological context\": {},\n    \"psychological context\": {},\n    \"personal medical_history\": {},\n    \"family medical_history\": {},\n    \"current medication\": {},\n    \"lifestyle factors\": {},\n    \"results of recent medical tests\": {}\n}"}