{"condition_name": "Gilbert syndrome", "guideline": "guideline_mayo.jsonl_433.json", "patient_nb": "2", "structured_patient": "{\n  \"symptoms\": [\n    {\n      \"name of the symptom\": \"jaundice\",\n      \"intensity of symptom\": \"intermittent\",\n      \"specific attributes of the symptom\": {\n        \"location\": \"skin and eyes\",\n        \"Quality of\": \"yellowish tinge\",\n        \"temporalisation\": \"worsens during menstruation\"\n      },\n      \"When did the symptom appear\": \"prolonged history\",\n      \"previous treatments\": \"\",\n      \"reaction to previous treatments\": \"\",\n      \"behaviour affecting the symptom\": \"menstruation\"\n    },\n    {\n      \"name of the symptom\": \"dark urine\",\n      \"intensity of symptom\": \"unknown\",\n      \"specific attributes of the symptom\": {\n        \"location\": \"\",\n        \"Quality of\": \"dark coloration\",\n        \"temporalisation\": \"\"\n      },\n      \"When did the symptom appear\": \"prolonged history\",\n      \"previous treatments\": \"\",\n      \"reaction to previous treatments\": \"\",\n      \"behaviour affecting the symptom\": \"unknown\"\n    },\n    {\n      \"name of the symptom\": \"abdominal pain\",\n      \"intensity of symptom\": \"5/10 (peak intensity)\",\n      \"specific attributes of the symptom\": {\n        \"location\": \"abdominal\",\n        \"Quality of\": \"pain\",\n        \"temporalisation\": \"worsens during menstruation\"\n      },\n      \"When did the symptom appear\": \"prolonged history\",\n      \"previous treatments\": \"\",\n      \"reaction to previous treatments\": \"\",\n      \"behaviour affecting the symptom\": \"menstruation\"\n    }\n  ],\n  \"socio economic context\": {},\n  \"geographic_context\": {\n    \"location\": \"\",\n    \"recent travels\": \"\",\n    \"level of care\": \"\"\n  },\n  \"physiological context\": {},\n  \"psychological context\": {},\n  \"personal medical_history\": {},\n  \"family medical_history\": {\n    \"Gilbert syndrome\": \"diagnosed in father\"\n  },\n  \"current medication\": {},\n  \"lifestyle factors\": {},\n  \"results of recent medical tests\": {\n    \"unconjugated bilirubin levels\": \"elevated\"\n  }\n}"}