{"condition_name": "Patients at Risk for Suicide", "guideline": "guideline_gc.jsonl_948.json", "patient_nb": "2", "structured_patient": "{\n    \"symptoms\": [\n        {\n            \"name of the symptom\": \"hopelessness\",\n            \"intensity of symptom\": \"9/10\",\n            \"specific attributes of the symptom\": {\n                \"location\": \"emotional\",\n                \"Quality of\": \"negative\",\n                \"temporalisation\": \"current\"\n            },\n            \"When did the symptom appear\": \"recently\",\n            \"previous treatments\": \"history of psychiatric hospitalization\",\n            \"reaction to previous treaments\": \"unknown\",\n            \"behaviour affecting the symptom\": \"borderline personality disorder\"\n        },\n        {\n            \"name of the symptom\": \"suicidal ideation\",\n            \"intensity of symptom\": \"\",\n            \"specific attributes of the symptom\": {\n                \"location\": \"mental\",\n                \"Quality of\": \"negative\",\n                \"temporalisation\": \"current\"\n            },\n            \"When did the symptom appear\": \"recently\",\n            \"previous treatments\": \"history of psychiatric hospitalization\",\n            \"reaction to previous treaments\": \"unknown\",\n            \"behaviour affecting the symptom\": \"borderline personality disorder, medication overdose\"\n        }\n    ],\n    \"socio economic context\": {},\n    \"geographic_context\": {\n        \"location\": \"\",\n        \"recent travels\": \"\",\n        \"level of care\": \"emergency department\"\n    },\n    \"physiological context\": {},\n    \"psychological context\": {},\n    \"personal medical_history\": {\n        \"borderline personality disorder\": \"known diagnosis\",\n        \"multiple prior suicide attempts\": \"history of\"\n    },\n    \"family medical_history\": {},\n    \"current medication\": {\n        \"medication overdose\": \"recently taken\"\n    },\n    \"lifestyle factors\": {\n        \"availability of firearms in her home\": \"present, heightening risk\"\n    },\n    \"results of recent medical tests\": {}\n}"}