{"condition_name": "Resectable cancer of the oesophagus, Barrett\"s oesophagus with high-grade dysplasia", "guideline": "guideline_nice.jsonl_1250.json", "patient_nb": "3", "structured_patient": "{\n    \"symptoms\": [\n        {\n            \"name of the symptom\": \"dysphagia\",\n            \"intensity of symptom\": \"6/10\",\n            \"specific attributes of the symptom\": {\n                \"location\": \"chest\",\n                \"Quality of\": \"food sticking\",\n                \"temporalisation\": \"while swallowing\"\n            },\n            \"When did the symptom appear\": \"four months ago\",\n            \"previous treatments\": \"unknown\",\n            \"reaction to previous treatments\": \"unknown\",\n            \"behaviour affecting the symptom\": \"unknown\"\n        }\n    ],\n    \"socio economic context\": {},\n    \"geographic_context\": {\n        \"location\": \"\",\n        \"recent travels\": \"\",\n        \"level of care\": \"\"\n    },\n    \"physiological context\": {},\n    \"psychological context\": {},\n    \"personal medical_history\": {\n        \"long-standing GERD\": \"history of\"\n    },\n    \"family medical_history\": {},\n    \"current medication\": {},\n    \"lifestyle factors\": {\n        \"eating habits\": \"significant change, unintentional weight loss of 15 pounds in the last four months\"\n    },\n    \"results of recent medical tests\": {\n        \"upper endoscopy\": \"revealed Barrett's esophagus with high-grade dysplasia\"\n    }\n}"}