{"condition_name": "Benign prostatic hyperplasia", "guideline": "guideline_nice.jsonl_709.json", "patient_nb": "3", "structured_patient": "{\n    \"symptoms\": [\n        {\n            \"name of the symptom\": \"persistent hesitancy during micturition\",\n            \"intensity of symptom\": \"\",\n            \"specific attributes of the symptom\": {\n                \"location\": \"periurethral region of the prostate\",\n                \"Quality of\": \"hesitancy\",\n                \"temporalisation\": \"progressively worsening over the past year\"\n            },\n            \"When did the symptom appear\": \"over the past year\",\n            \"previous treatments\": \"\",\n            \"reaction to previous treatments\": \"\",\n            \"behaviour affecting the symptom\": \"\"\n        },\n        {\n            \"name of the symptom\": \"markedly decreased urinary stream\",\n            \"intensity of symptom\": \"\",\n            \"specific attributes of the symptom\": {\n                \"location\": \"periurethral region of the prostate\",\n                \"Quality of\": \"decreased stream\",\n                \"temporalisation\": \"progressively worsening over the past year\"\n            },\n            \"When did the symptom appear\": \"over the past year\",\n            \"previous treatments\": \"\",\n            \"reaction to previous treatments\": \"\",\n            \"behaviour affecting the symptom\": \"\"\n        },\n        {\n            \"name of the symptom\": \"frequent nocturia\",\n            \"intensity of symptom\": \"\",\n            \"specific attributes of the symptom\": {\n                \"location\": \"\",\n                \"Quality of\": \"frequent urination at night\",\n                \"temporalisation\": \"progressively worsening over the past year\"\n            },\n            \"When did the symptom appear\": \"over the past year\",\n            \"previous treatments\": \"\",\n            \"reaction to previous treatments\": \"\",\n            \"behaviour affecting the symptom\": \"\"\n        }\n    ],\n    \"socio economic context\": {},\n    \"geographic_context\": {\n        \"location\": \"\",\n        \"recent travels\": \"\",\n        \"level of care\": \"\"\n    },\n    \"physiological context\": {},\n    \"psychological context\": {},\n    \"personal medical_history\": {\n        \"coronary artery disease\": \"history of\"\n    },\n    \"family medical_history\": {},\n    \"current medication\": {\n        \"beta-blocker\": \"taking for coronary artery disease\"\n    },\n    \"lifestyle factors\": {},\n    \"results of recent medical tests\": {\n        \"digital rectal examination\": \"revealed significantly enlarged prostate with discrete palpable nodules compressing the urethra\"\n    }\n}"}