{"condition_name": "discrete chondral defects of the knee", "guideline": "guideline_nice.jsonl_1115.json", "patient_nb": "2", "structured_patient": "{\n    \"symptoms\": [\n        {\n            \"name of the symptom\": \"persistent knee pain\",\n            \"intensity of symptom\": \"7/10\",\n            \"specific attributes of the symptom\": {\n                \"location\": \"left knee joint\",\n                \"Quality of\": \"worsening\",\n                \"temporalisation\": \"progressively over the last year\"\n            },\n            \"When did the symptom appear\": \"\",\n            \"previous treatments\": \"conservative management for arthritis, intra-articular corticosteroid injections\",\n            \"reaction to previous treaments\": \"symptoms persist\",\n            \"behaviour affecting the symptom\": \"difficulty walking, particularly when ascending or descending stairs\"\n        },\n        {\n            \"name of the symptom\": \"swelling\",\n            \"intensity of symptom\": \"\",\n            \"specific attributes of the symptom\": {\n                \"location\": \"left knee joint\",\n                \"Quality of\": \"\",\n                \"temporalisation\": \"\"\n            },\n            \"When did the symptom appear\": \"\",\n            \"previous treatments\": \"conservative management for arthritis, intra-articular corticosteroid injections\",\n            \"reaction to previous treaments\": \"symptoms persist\",\n            \"behaviour affecting the symptom\": \"difficulty walking, particularly when ascending or descending stairs\"\n        }\n    ],\n    \"socio economic context\": {},\n    \"geographic_context\": {\n        \"location\": \"\",\n        \"recent travels\": \"\",\n        \"level of care\": \"\"\n    },\n    \"physiological context\": {},\n    \"psychological context\": {},\n    \"personal medical_history\": {\n        \"known history of\": \"osteoarthritis\"\n    },\n    \"family medical_history\": {},\n    \"current medication\": {},\n    \"lifestyle factors\": {},\n    \"results of recent medical tests\": {\n        \"physical examination\": \"discrete chondral defect in the weight-bearing area of the medial tibial plateau\",\n        \"imaging studies\": \"evidence of arthritic changes in the surrounding cartilage\"\n    }\n}"}