{"condition_name": "Breast Cancer", "guideline": "guideline_aafp.jsonl_35.json", "patient_nb": "2", "structured_patient": "{\n    \"symptoms\": [\n        {\n            \"name of the symptom\": \"persistent pain in right breast and nipple\",\n            \"intensity of symptom\": \"5/10\",\n            \"specific attributes of the symptom\": {\n                \"location\": \"right breast and nipple\",\n                \"Quality of\": \"pain\",\n                \"temporalisation\": \"ongoing for the past three months\"\n            },\n            \"When did the symptom appear\": \"three months ago\",\n            \"previous treatments\": \"\",\n            \"reaction to previous treaments\": \"\",\n            \"behaviour affecting the symptom\": \"\"\n        },\n        {\n            \"name of the symptom\": \"swelling\",\n            \"intensity of symptom\": \"\",\n            \"specific attributes of the symptom\": {\n                \"location\": \"right breast\",\n                \"Quality of\": \"swelling\",\n                \"temporalisation\": \"ongoing for the past three months\"\n            },\n            \"When did the symptom appear\": \"three months ago\",\n            \"previous treatments\": \"\",\n            \"reaction to previous treaments\": \"\",\n            \"behaviour affecting the symptom\": \"\"\n        },\n        {\n            \"name of the symptom\": \"redness\",\n            \"intensity of symptom\": \"\",\n            \"specific attributes of the symptom\": {\n                \"location\": \"right breast\",\n                \"Quality of\": \"redness\",\n                \"temporalisation\": \"ongoing for the past three months\"\n            },\n            \"When did the symptom appear\": \"three months ago\",\n            \"previous treatments\": \"\",\n            \"reaction to previous treaments\": \"\",\n            \"behaviour affecting the symptom\": \"\"\n        }\n    ],\n    \"socio economic context\": {},\n    \"geographic_context\": {\n        \"location\": \"\",\n        \"recent travels\": \"\",\n        \"level of care\": \"\"\n    },\n    \"physiological context\": {},\n    \"psychological context\": {},\n    \"personal medical_history\": {\n        \"prior history of breast abnormalities\": \"no\",\n        \"radiation exposure\": \"no\"\n    },\n    \"family medical_history\": {},\n    \"current medication\": {},\n    \"lifestyle factors\": {},\n    \"results of recent medical tests\": {}\n}"}