{"condition_name": "Hemifacial spasm", "guideline": "guideline_mayo.jsonl_475.json", "patient_nb": "2", "structured_patient": "{\n    \"symptoms\": [\n        {\n            \"name of the symptom\": \"Hemifacial spasm\",\n            \"intensity of symptom\": \"6/10\",\n            \"specific attributes of the symptom\": {\n                \"location\": \"Right facial region (eyelid, cheek, mouth)\",\n                \"Quality of\": \"Involuntary muscle contractions, twitching, jerking\",\n                \"temporalisation\": \"Persisted for the last four months\"\n            },\n            \"When did the symptom appear\": \"Four months ago\",\n            \"previous treatments\": \"\",\n            \"reaction to previous treatments\": \"\",\n            \"behaviour affecting the symptom\": \"Exacerbated during episodes of anxiety and stress\"\n        }\n    ],\n    \"socio economic context\": {},\n    \"geographic_context\": {\n        \"location\": \"\",\n        \"recent travels\": \"\",\n        \"level of care\": \"\"\n    },\n    \"physiological context\": {},\n    \"psychological context\": {\n        \"anxiety disorder\": \"Generalized anxiety disorder\"\n    },\n    \"personal medical_history\": {\n        \"generalized anxiety disorder\": \"Known history\"\n    },\n    \"family medical_history\": {\n        \"similar facial spasms\": \"Negative\"\n    },\n    \"current medication\": {},\n    \"lifestyle factors\": {},\n    \"results of recent medical tests\": {}\n}"}