{"condition_name": "Brain Metastases", "guideline": "guideline_gc.jsonl_556.json", "patient_nb": "2", "structured_patient": "{\n    \"symptoms\": [\n        {\n            \"name of the symptom\": \"headache\",\n            \"intensity of symptom\": \"moderate to severe\",\n            \"specific attributes of the symptom\": {\n                \"location\": \"head\",\n                \"Quality of\": \"gradually worsening\",\n                \"temporalisation\": \"associated with dizziness and blurred vision\"\n            },\n            \"When did the symptom appear\": \"gradually\",\n            \"previous treatments\": \"over-the-counter pain medications\",\n            \"reaction to previous treatments\": \"no alleviation\",\n            \"behaviour affecting the symptom\": \"\"\n        },\n        {\n            \"name of the symptom\": \"cognitive changes\",\n            \"intensity of symptom\": \"\",\n            \"specific attributes of the symptom\": {\n                \"location\": \"\",\n                \"Quality of\": \"difficulty with memory and concentration\",\n                \"temporalisation\": \"\"\n            },\n            \"When did the symptom appear\": \"gradually\",\n            \"previous treatments\": \"\",\n            \"reaction to previous treatments\": \"\",\n            \"behaviour affecting the symptom\": \"\"\n        }\n    ],\n    \"socio economic context\": {},\n    \"geographic_context\": {\n        \"location\": \"\",\n        \"recent travels\": \"\",\n        \"level of care\": \"\"\n    },\n    \"physiological context\": {},\n    \"psychological context\": {},\n    \"personal medical_history\": {},\n    \"family medical_history\": {},\n    \"current medication\": {},\n    \"lifestyle factors\": {},\n    \"results of recent medical tests\": {}\n}"}