{"condition_name": "Symptomatic degenerative arthritis (osteoarthritis) of the knee joint", "guideline": "guideline_nice.jsonl_1349.json", "patient_nb": "1", "structured_patient": "{\n    \"symptoms\": [\n        {\n            \"name of the symptom\": \"persistent knee pain\",\n            \"intensity of symptom\": \"6/10\",\n            \"specific attributes of the symptom\": {\n                \"location\": \"medial joint line\",\n                \"Quality of\": \"pain\",\n                \"temporalisation\": \"persistent\"\n            },\n            \"When did the symptom appear\": \"\",\n            \"previous treatments\": \"NSAIDs, physical therapy\",\n            \"reaction to previous treaments\": \"no significant improvement\",\n            \"behaviour affecting the symptom\": \"repetitive kneeling, heavy lifting\"\n        },\n        {\n            \"name of the symptom\": \"inflammation\",\n            \"intensity of symptom\": \"\",\n            \"specific attributes of the symptom\": {\n                \"location\": \"\",\n                \"Quality of\": \"inflammation\",\n                \"temporalisation\": \"persistent\"\n            },\n            \"When did the symptom appear\": \"\",\n            \"previous treatments\": \"NSAIDs\",\n            \"reaction to previous treaments\": \"no significant improvement\",\n            \"behaviour affecting the symptom\": \"repetitive kneeling, heavy lifting\"\n        },\n        {\n            \"name of the symptom\": \"reduced range of movement\",\n            \"intensity of symptom\": \"\",\n            \"specific attributes of the symptom\": {\n                \"location\": \"affected knee\",\n                \"Quality of\": \"range of movement\",\n                \"temporalisation\": \"persistent\"\n            },\n            \"When did the symptom appear\": \"\",\n            \"previous treatments\": \"physical therapy\",\n            \"reaction to previous treaments\": \"no significant improvement\",\n            \"behaviour affecting the symptom\": \"repetitive kneeling, heavy lifting\"\n        }\n    ],\n    \"socio economic context\": {},\n    \"geographic_context\": {\n        \"location\": \"\",\n        \"recent travels\": \"\",\n        \"level of care\": \"\"\n    },\n    \"physiological context\": {},\n    \"psychological context\": {},\n    \"personal medical_history\": {},\n    \"family medical_history\": {},\n    \"current medication\": {},\n    \"lifestyle factors\": {},\n    \"results of recent medical tests\": {}\n}"}