{"condition_name": "Intramuscular injection", "guideline": "guideline_rch.jsonl_237.json", "patient_nb": "2", "structured_patient": "{\n  \"symptoms\": [\n    {\n      \"name of the symptom\": \"site reactions\",\n      \"intensity of symptom\": \"moderately high (7/10 on the pain scale)\",\n      \"specific attributes of the symptom\": {\n        \"location\": \"injection sites (deltoid and gluteal regions)\",\n        \"Quality of\": \"pronounced redness, swelling, tenderness\",\n        \"temporalisation\": \"persistent\"\n      },\n      \"When did the symptom appear\": \"after intramuscular injections\",\n      \"previous treatments\": \"intramuscular injections\",\n      \"reaction to previous treaments\": \"inadequate relief, local skin irritation, occasional bruising\",\n      \"behaviour affecting the symptom\": \"unknown\"\n    },\n    {\n      \"name of the symptom\": \"chronic pain\",\n      \"intensity of symptom\": \"unknown\",\n      \"specific attributes of the symptom\": {\n        \"location\": \"\",\n        \"Quality of\": \"inadequate relief despite medication\",\n        \"temporalisation\": \"\"\n      },\n      \"When did the symptom appear\": \"\",\n      \"previous treatments\": \"\",\n      \"reaction to previous treaments\": \"\",\n      \"behaviour affecting the symptom\": \"unknown\"\n    }\n  ],\n  \"socio economic context\": {},\n  \"geographic_context\": {\n    \"location\": \"\",\n    \"recent travels\": \"\",\n    \"level of care\": \"\"\n  },\n  \"physiological context\": {},\n  \"psychological context\": {},\n  \"personal medical_history\": {},\n  \"family medical_history\": {},\n  \"current medication\": {},\n  \"lifestyle factors\": {},\n  \"results of recent medical tests\": {}\n}"}