{"condition_name": "Hypoxic Ischaemic Encephalopathy (HIE)", "guideline": "guideline_rch.jsonl_235.json", "patient_nb": "3", "structured_patient": "{\n    \"symptoms\": [\n        {\n            \"name of the symptom\": \"cellular hypoxia\",\n            \"intensity of symptom\": \"moderate to severe\",\n            \"specific attributes of the symptom\": {\n                \"location\": \"cells throughout the body\",\n                \"Quality of\": \"active cell death, increased seizure activity\",\n                \"temporalisation\": \"present since birth\"\n            },\n            \"When did the symptom appear\": \"at birth\",\n            \"previous treatments\": \"\",\n            \"reaction to previous treaments\": \"\",\n            \"behaviour affecting the symptom\": \"\"\n        },\n        {\n            \"name of the symptom\": \"raised intracranial pressure\",\n            \"intensity of symptom\": \"clinical signs\",\n            \"specific attributes of the symptom\": {\n                \"location\": \"within the skull\",\n                \"Quality of\": \"\",\n                \"temporalisation\": \"\"\n            },\n            \"When did the symptom appear\": \"after birth\",\n            \"previous treatments\": \"\",\n            \"reaction to previous treaments\": \"\",\n            \"behaviour affecting the symptom\": \"\"\n        },\n        {\n            \"name of the symptom\": \"subcutaneous fat necrosis\",\n            \"intensity of symptom\": \"\",\n            \"specific attributes of the symptom\": {\n                \"location\": \"subcutaneous tissue\",\n                \"Quality of\": \"\",\n                \"temporalisation\": \"\"\n            },\n            \"When did the symptom appear\": \"after birth\",\n            \"previous treatments\": \"\",\n            \"reaction to previous treaments\": \"\",\n            \"behaviour affecting the symptom\": \"\"\n        }\n    ],\n    \"socio economic context\": {},\n    \"geographic_context\": {\n        \"location\": \"\",\n        \"recent travels\": \"\",\n        \"level of care\": \"\"\n    },\n    \"physiological context\": {},\n    \"psychological context\": {},\n    \"personal medical_history\": {},\n    \"family medical_history\": {},\n    \"current medication\": {},\n    \"lifestyle factors\": {},\n    \"results of recent medical tests\": {}\n}"}