{"condition_name": "HIV Infection", "guideline": "guideline_aafp.jsonl_17.json", "patient_nb": "3", "structured_patient": "{\n  \"symptoms\": [\n    {\n      \"name of the symptom\": \"persistent cough\",\n      \"intensity of symptom\": \"4/10\",\n      \"specific attributes of the symptom\": {\n        \"location\": \"generalized\",\n        \"Quality of\": \"non-productive\",\n        \"temporalisation\": \"ongoing for the past six weeks\"\n      },\n      \"When did the symptom appear\": \"\",\n      \"previous treatments\": \"over-the-counter cough suppressants\",\n      \"reaction to previous treatments\": \"not alleviated\",\n      \"behaviour affecting the symptom\": \"\"\n    },\n    {\n      \"name of the symptom\": \"unintentional weight loss\",\n      \"intensity of symptom\": \"10 pounds\",\n      \"specific attributes of the symptom\": {\n        \"location\": \"\",\n        \"Quality of\": \"\",\n        \"temporalisation\": \"during this period\"\n      },\n      \"When did the symptom appear\": \"\",\n      \"previous treatments\": \"\",\n      \"reaction to previous treatments\": \"\",\n      \"behaviour affecting the symptom\": \"\"\n    },\n    {\n      \"name of the symptom\": \"night sweats\",\n      \"intensity of symptom\": \"\",\n      \"specific attributes of the symptom\": {\n        \"location\": \"\",\n        \"Quality of\": \"occasional\",\n        \"temporalisation\": \"\"\n      },\n      \"When did the symptom appear\": \"\",\n      \"previous treatments\": \"\",\n      \"reaction to previous treatments\": \"\",\n      \"behaviour affecting the symptom\": \"\"\n    },\n    {\n      \"name of the symptom\": \"generalized fatigue\",\n      \"intensity of symptom\": \"\",\n      \"specific attributes of the symptom\": {\n        \"location\": \"\",\n        \"Quality of\": \"\",\n        \"temporalisation\": \"\"\n      },\n      \"When did the symptom appear\": \"\",\n      \"previous treatments\": \"\",\n      \"reaction to previous treatments\": \"\",\n      \"behaviour affecting the symptom\": \"\"\n    }\n  ],\n  \"socio economic context\": {},\n  \"geographic_context\": {\n    \"location\": \"\",\n    \"recent travels\": \"\",\n    \"level of care\": \"\"\n  },\n  \"physiological context\": {},\n  \"psychological context\": {},\n  \"personal medical_history\": {\n    \"treated syphilis infection\": \"diagnosed two years ago\"\n  },\n  \"family medical_history\": {},\n  \"current medication\": {},\n  \"lifestyle factors\": {\n    \"sexual behavior\": \"multiple male sexual partners\"\n  },\n  \"results of recent medical tests\": {}\n}"}