{"condition_name": "Sciatica", "guideline": "guideline_mayo.jsonl_899.json", "patient_nb": "2", "structured_patient": "{\n    \"symptoms\": [\n        {\n            \"name of the symptom\": \"chronic lower back pain\",\n            \"intensity of symptom\": \"moderate to severe\",\n            \"specific attributes of the symptom\": {\n                \"location\": \"lower back, buttock, thigh, calf\",\n                \"Quality of\": \"sharp, burning sensation\",\n                \"temporalisation\": \"chronic\"\n            },\n            \"When did the symptom appear\": \"\",\n            \"previous treatments\": \"\",\n            \"reaction to previous treaments\": \"\",\n            \"behaviour affecting the symptom\": \"prolonged sitting\"\n        },\n        {\n            \"name of the symptom\": \"numbness\",\n            \"intensity of symptom\": \"\",\n            \"specific attributes of the symptom\": {\n                \"location\": \"leg\",\n                \"Quality of\": \"tingling sensation\",\n                \"temporalisation\": \"episodic\"\n            },\n            \"When did the symptom appear\": \"\",\n            \"previous treatments\": \"\",\n            \"reaction to previous treaments\": \"\",\n            \"behaviour affecting the symptom\": \"not specified\"\n        },\n        {\n            \"name of the symptom\": \"muscle weakness\",\n            \"intensity of symptom\": \"\",\n            \"specific attributes of the symptom\": {\n                \"location\": \"\",\n                \"Quality of\": \"weakness\",\n                \"temporalisation\": \"not specified\"\n            },\n            \"When did the symptom appear\": \"\",\n            \"previous treatments\": \"\",\n            \"reaction to previous treaments\": \"\",\n            \"behaviour affecting the symptom\": \"not specified\"\n        }\n    ],\n    \"socio economic context\": {},\n    \"geographic_context\": {\n        \"location\": \"\",\n        \"recent travels\": \"\",\n        \"level of care\": \"\"\n    },\n    \"physiological context\": {},\n    \"psychological context\": {},\n    \"personal medical_history\": {\n        \"age-related changes in the spine\": \"herniated disks, bone spurs\"\n    },\n    \"family medical_history\": {},\n    \"current medication\": {},\n    \"lifestyle factors\": {\n        \"occupational factors\": \"prolonged sitting\"\n    },\n    \"results of recent medical tests\": {}\n}"}