{"condition_name": "Dislocated shoulder", "guideline": "guideline_mayo.jsonl_312.json", "patient_nb": "1", "structured_patient": "{\n  \"symptoms\": [\n    {\n      \"name of the symptom\": \"deformed right shoulder\",\n      \"intensity of symptom\": \"\",\n      \"specific attributes of the symptom\": {\n        \"location\": \"right shoulder\",\n        \"Quality of\": \"visibly deformed\",\n        \"temporalisation\": \"\"\n      },\n      \"When did the symptom appear\": \"after the fall during a basketball game\",\n      \"previous treatments\": \"\",\n      \"reaction to previous treatments\": \"\",\n      \"behaviour affecting the symptom\": \"inability to move the shoulder joint\"\n    },\n    {\n      \"name of the symptom\": \"swelling\",\n      \"intensity of symptom\": \"\",\n      \"specific attributes of the symptom\": {\n        \"location\": \"affected area\",\n        \"Quality of\": \"significant\",\n        \"temporalisation\": \"\"\n      },\n      \"When did the symptom appear\": \"after the fall during a basketball game\",\n      \"previous treatments\": \"over-the-counter analgesics\",\n      \"reaction to previous treatments\": \"unrelieved\",\n      \"behaviour affecting the symptom\": \"\"\n    },\n    {\n      \"name of the symptom\": \"bruising\",\n      \"intensity of symptom\": \"\",\n      \"specific attributes of the symptom\": {\n        \"location\": \"affected area\",\n        \"Quality of\": \"significant\",\n        \"temporalisation\": \"\"\n      },\n      \"When did the symptom appear\": \"after the fall during a basketball game\",\n      \"previous treatments\": \"over-the-counter analgesics\",\n      \"reaction to previous treatments\": \"unrelieved\",\n      \"behaviour affecting the symptom\": \"\"\n    },\n    {\n      \"name of the symptom\": \"intense pain\",\n      \"intensity of symptom\": \"8/10\",\n      \"specific attributes of the symptom\": {\n        \"location\": \"shoulder\",\n        \"Quality of\": \"deep-seated\",\n        \"temporalisation\": \"\"\n      },\n      \"When did the symptom appear\": \"after the fall during a basketball game\",\n      \"previous treatments\": \"over-the-counter analgesics\",\n      \"reaction to previous treatments\": \"unrelieved\",\n      \"behaviour affecting the symptom\": \"\"\n    },\n    {\n      \"name of the symptom\": \"inability to move shoulder joint\",\n      \"intensity of symptom\": \"\",\n      \"specific attributes of the symptom\": {\n        \"location\": \"\",\n        \"Quality of\": \"evident\",\n        \"temporalisation\": \"\"\n      },\n      \"When did the symptom appear\": \"after the fall during a basketball game\",\n      \"previous treatments\": \"\",\n      \"reaction to previous treatments\": \"\",\n      \"behaviour affecting the symptom\": \"\"\n    },\n    {\n      \"name of the symptom\": \"muscle spasms\",\n      \"intensity of symptom\": \"\",\n      \"specific attributes of the symptom\": {\n        \"location\": \"\",\n        \"Quality of\": \"\",\n        \"temporalisation\": \"\"\n      },\n      \"When did the symptom appear\": \"after the fall during a basketball game\",\n      \"previous treatments\": \"\",\n      \"reaction to previous treatments\": \"\",\n      \"behaviour affecting the symptom\": \"\"\n    },\n    {\n      \"name of the symptom\": \"localized numbness and tingling\",\n      \"intensity of symptom\": \"\",\n      \"specific attributes of the symptom\": {\n        \"location\": \"shoulder\",\n        \"Quality of\": \"localized\",\n        \"temporalisation\": \"\"\n      },\n      \"When did the symptom appear\": \"after the fall during a basketball game\",\n      \"previous treatments\": \"\",\n      \"reaction to previous treatments\": \"\",\n      \"behaviour affecting the symptom\": \"\"\n    }\n  ],\n  \"socio economic context\": {},\n  \"geographic_context\": {\n    \"location\": \"\",\n    \"recent travels\": \"\",\n    \"level of care\": \"\"\n  },\n  \"physiological context\": {},\n  \"psychological context\": {},\n  \"personal medical_history\": {\n    \"shoulder dislocation or related joint problems\": \"no\"\n  },\n  \"family medical_history\": {},\n  \"current medication\": {},\n  \"lifestyle factors\": {},\n  \"results of recent medical tests\": {}\n}"}