{"condition_name": "Varicose veins", "guideline": "guideline_nice.jsonl_489.json", "patient_nb": "3", "structured_patient": "{\n    \"symptoms\": [\n        {\n            \"name of the symptom\": \"aching\",\n            \"intensity of symptom\": \"persistent and distressing\",\n            \"specific attributes of the symptom\": {\n                \"location\": \"lower limbs\",\n                \"Quality of\": \"aching, heaviness, throbbing\",\n                \"temporalisation\": \"progressively worsened over the last year\"\n            },\n            \"When did the symptom appear\": \"over the last year\",\n            \"previous treatments\": \"conservative management\",\n            \"reaction to previous treaments\": \"limited relief\",\n            \"behaviour affecting the symptom\": \"\"\n        },\n        {\n            \"name of the symptom\": \"heaviness\",\n            \"intensity of symptom\": \"persistent and distressing\",\n            \"specific attributes of the symptom\": {\n                \"location\": \"lower limbs\",\n                \"Quality of\": \"aching, heaviness, throbbing\",\n                \"temporalisation\": \"progressively worsened over the last year\"\n            },\n            \"When did the symptom appear\": \"over the last year\",\n            \"previous treatments\": \"conservative management\",\n            \"reaction to previous treaments\": \"limited relief\",\n            \"behaviour affecting the symptom\": \"\"\n        },\n        {\n            \"name of the symptom\": \"throbbing\",\n            \"intensity of symptom\": \"persistent and distressing\",\n            \"specific attributes of the symptom\": {\n                \"location\": \"lower limbs\",\n                \"Quality of\": \"aching, heaviness, throbbing\",\n                \"temporalisation\": \"progressively worsened over the last year\"\n            },\n            \"When did the symptom appear\": \"over the last year\",\n            \"previous treatments\": \"conservative management\",\n            \"reaction to previous treaments\": \"limited relief\",\n            \"behaviour affecting the symptom\": \"\"\n        },\n        {\n            \"name of the symptom\": \"itching\",\n            \"intensity of symptom\": \"\",\n            \"specific attributes of the symptom\": {\n                \"location\": \"legs\",\n                \"Quality of\": \"itching\",\n                \"temporalisation\": \"\"\n            },\n            \"When did the symptom appear\": \"\",\n            \"previous treatments\": \"\",\n            \"reaction to previous treaments\": \"\",\n            \"behaviour affecting the symptom\": \"\"\n        },\n        {\n            \"name of the symptom\": \"recurrent cramps\",\n            \"intensity of symptom\": \"\",\n            \"specific attributes of the symptom\": {\n                \"location\": \"legs\",\n                \"Quality of\": \"cramps\",\n                \"temporalisation\": \"recurrent\"\n            },\n            \"When did the symptom appear\": \"\",\n            \"previous treatments\": \"\",\n            \"reaction to previous treaments\": \"\",\n            \"behaviour affecting the symptom\": \"\"\n        },\n        {\n            \"name of the symptom\": \"skin discoloration\",\n            \"intensity of symptom\": \"\",\n            \"specific attributes of the symptom\": {\n                \"location\": \"lower extremities\",\n                \"Quality of\": \"discoloration\",\n                \"temporalisation\": \"\"\n            },\n            \"When did the symptom appear\": \"\",\n            \"previous treatments\": \"conservative management\",\n            \"reaction to previous treaments\": \"limited relief\",\n            \"behaviour affecting the symptom\": \"\"\n        },\n        {\n            \"name of the symptom\": \"inflammatory dermatitis\",\n            \"intensity of symptom\": \"\",\n            \"specific attributes of the symptom\": {\n                \"location\": \"lower extremities\",\n                \"Quality of\": \"inflammation\",\n                \"temporalisation\": \"\"\n            },\n            \"When did the symptom appear\": \"\",\n            \"previous treatments\": \"conservative management\",\n            \"reaction to previous treaments\": \"limited relief\",\n            \"behaviour affecting the symptom\": \"\"\n        },\n        {\n            \"name of the symptom\": \"ulceration\",\n            \"intensity of symptom\": \"\",\n            \"specific attributes of the symptom\": {\n                \"location\": \"lower extremities\",\n                \"Quality of\": \"ulceration\",\n                \"temporalisation\": \"\"\n            },\n            \"When did the symptom appear\": \"\",\n            \"previous treatments\": \"conservative management\",\n            \"reaction to previous treaments\": \"limited relief\",\n            \"behaviour affecting the symptom\": \"\"\n        }\n    ],\n    \"socio economic context\": {},\n    \"geographic_context\": {\n        \"location\": \"\",\n        \"recent travels\": \"\",\n        \"level of care\": \"\"\n    },\n    \"physiological context\": {},\n    \"psychological context\": {},\n    \"personal medical_history\": {\n        \"venous insufficiency\": \"diagnosed prior\"\n    },\n    \"family medical_history\": {},\n    \"current medication\": {},\n    \"lifestyle factors\": {},\n    \"results of recent medical tests\": {}\n}"}