{"condition_name": "Obesity in Children and Adolescents", "guideline": "guideline_usp.jsonl_74.json", "patient_nb": "3", "structured_patient": "{\n    \"symptoms\": [\n        {\n            \"name of the symptom\": \"obesity\",\n            \"intensity of symptom\": \"severe\",\n            \"specific attributes of the symptom\": {\n                \"location\": \"generalized\",\n                \"Quality of\": \"excessive body weight\",\n                \"temporalisation\": \"chronic\"\n            },\n            \"When did the symptom appear\": \"not provided\",\n            \"previous treatments\": \"dietary changes, increased physical activity\",\n            \"reaction to previous treaments\": \"no significant weight improvement\",\n            \"behaviour affecting the symptom\": \"sedentary lifestyle, inadequate sleep\"\n        }\n    ],\n    \"socio economic context\": {\n        \"low income\": \"limiting access to healthier food choices and structured exercise programs\"\n    },\n    \"geographic_context\": {\n        \"location\": \"not provided\",\n        \"recent travels\": \"not provided\",\n        \"level of care\": \"clinic visit\"\n    },\n    \"physiological context\": {\n        \"BMI measurement\": \"in the 97th percentile\"\n    },\n    \"psychological context\": {},\n    \"personal medical_history\": {},\n    \"family medical_history\": {\n        \"parental obesity\": \"present\",\n        \"family history of poor nutrition\": \"present\",\n        \"family history of low levels of physical activity\": \"present\"\n    },\n    \"current medication\": {},\n    \"lifestyle factors\": {},\n    \"results of recent medical tests\": {}\n}"}