{"condition_name": "N2O toxicity", "guideline": "guideline_rch.jsonl_300.json", "patient_nb": "1", "structured_patient": "{\n    \"symptoms\": [\n        {\n            \"name of the symptom\": \"altered sensation\",\n            \"intensity of symptom\": \"progressively worsening\",\n            \"specific attributes of the symptom\": {\n                \"location\": \"predominantly in lower limbs\",\n                \"Quality of\": \"\",\n                \"temporalisation\": \"\"\n            },\n            \"When did the symptom appear\": \"past few months\",\n            \"previous treatments\": \"\",\n            \"reaction to previous treaments\": \"\",\n            \"behaviour affecting the symptom\": \"regular daily inhalation of higher doses of a certain recreational agent\"\n        },\n        {\n            \"name of the symptom\": \"sensory deficits\",\n            \"intensity of symptom\": \"progressively worsening\",\n            \"specific attributes of the symptom\": {\n                \"location\": \"predominantly in lower limbs\",\n                \"Quality of\": \"\",\n                \"temporalisation\": \"\"\n            },\n            \"When did the symptom appear\": \"past few months\",\n            \"previous treatments\": \"\",\n            \"reaction to previous treaments\": \"\",\n            \"behaviour affecting the symptom\": \"regular daily inhalation of higher doses of a certain recreational agent\"\n        },\n        {\n            \"name of the symptom\": \"sensory ataxia\",\n            \"intensity of symptom\": \"progressively worsening\",\n            \"specific attributes of the symptom\": {\n                \"location\": \"\",\n                \"Quality of\": \"\",\n                \"temporalisation\": \"\"\n            },\n            \"When did the symptom appear\": \"past few months\",\n            \"previous treatments\": \"\",\n            \"reaction to previous treaments\": \"\",\n            \"behaviour affecting the symptom\": \"regular daily inhalation of higher doses of a certain recreational agent\"\n        },\n        {\n            \"name of the symptom\": \"muscle weakness\",\n            \"intensity of symptom\": \"progressively worsening\",\n            \"specific attributes of the symptom\": {\n                \"location\": \"predominantly in lower limbs\",\n                \"Quality of\": \"\",\n                \"temporalisation\": \"\"\n            },\n            \"When did the symptom appear\": \"past few months\",\n            \"previous treatments\": \"\",\n            \"reaction to previous treaments\": \"\",\n            \"behaviour affecting the symptom\": \"regular daily inhalation of higher doses of a certain recreational agent\"\n        },\n        {\n            \"name of the symptom\": \"personality change\",\n            \"intensity of symptom\": \"not specified\",\n            \"specific attributes of the symptom\": {\n                \"location\": \"\",\n                \"Quality of\": \"\",\n                \"temporalisation\": \"progressively worsening\"\n            },\n            \"When did the symptom appear\": \"past few months\",\n            \"previous treatments\": \"\",\n            \"reaction to previous treaments\": \"\",\n            \"behaviour affecting the symptom\": \"\"\n        },\n        {\n            \"name of the symptom\": \"irritability\",\n            \"intensity of symptom\": \"not specified\",\n            \"specific attributes of the symptom\": {\n                \"location\": \"\",\n                \"Quality of\": \"\",\n                \"temporalisation\": \"progressively worsening\"\n            },\n            \"When did the symptom appear\": \"past few months\",\n            \"previous treatments\": \"\",\n            \"reaction to previous treaments\": \"\",\n            \"behaviour affecting the symptom\": \"\"\n        },\n        {\n            \"name of the symptom\": \"depression\",\n            \"intensity of symptom\": \"not specified\",\n            \"specific attributes of the symptom\": {\n                \"location\": \"\",\n                \"Quality of\": \"\",\n                \"temporalisation\": \"progressively worsening\"\n            },\n            \"When did the symptom appear\": \"past few months\",\n            \"previous treatments\": \"\",\n            \"reaction to previous treaments\": \"\",\n            \"behaviour affecting the symptom\": \"\"\n        },\n        {\n            \"name of the symptom\": \"reduced power\",\n            \"intensity of symptom\": \"not specified\",\n            \"specific attributes of the symptom\": {\n                \"location\": \"affected limbs\",\n                \"Quality of\": \"\",\n                \"temporalisation\": \"\"\n            },\n            \"When did the symptom appear\": \"\",\n            \"previous treatments\": \"\",\n            \"reaction to previous treaments\": \"\",\n            \"behaviour affecting the symptom\": \"regular daily inhalation of higher doses of a certain recreational agent\"\n        },\n        {\n            \"name of the symptom\": \"reflexes\",\n            \"intensity of symptom\": \"not specified\",\n            \"specific attributes of the symptom\": {\n                \"location\": \"affected limbs\",\n                \"Quality of\": \"\",\n                \"temporalisation\": \"\"\n            },\n            \"When did the symptom appear\": \"\",\n            \"previous treatments\": \"\",\n            \"reaction to previous treaments\": \"\",\n            \"behaviour affecting the symptom\": \"regular daily inhalation of higher doses of a certain recreational agent\"\n        },\n        {\n            \"name of the symptom\": \"gait disturbance\",\n            \"intensity of symptom\": \"not specified\",\n            \"specific attributes of the symptom\": {\n                \"location\": \"\",\n                \"Quality of\": \"\",\n                \"temporalisation\": \"\"\n            },\n            \"When did the symptom appear\": \"\",\n            \"previous treatments\": \"\",\n            \"reaction to previous treaments\": \"\",\n            \"behaviour affecting the symptom\": \"regular daily inhalation of higher doses of a certain recreational agent\"\n        },\n        {\n            \"name of the symptom\": \"ataxia\",\n            \"intensity of symptom\": \"not specified\",\n            \"specific attributes of the symptom\": {\n                \"location\": \"\",\n                \"Quality of\": \"\",\n                \"temporalisation\": \"\"\n            },\n            \"When did the symptom appear\": \"\",\n            \"previous treatments\": \"\",\n            \"reaction to previous treaments\": \"\",\n            \"behaviour affecting the symptom\": \"regular daily inhalation of higher doses of a certain recreational agent\"\n        }\n    ],\n    \"socio economic context\": {},\n    \"geographic_context\": {\n        \"location\": \"\",\n        \"recent travels\": \"\",\n        \"level of care\": \"\"\n    },\n    \"physiological context\": {},\n    \"psychological context\": {},\n    \"personal medical_history\": {\n        \"history of chronic substance misuse\": \"regular daily inhalation of higher doses of a certain recreational agent\"\n    },\n    \"family medical_history\": {},\n    \"current medication\": {},\n    \"lifestyle factors\": {},\n    \"results of recent medical tests\": {}\n}"}