{"condition_name": "Ecmo", "guideline": "guideline_gc.jsonl_822.json", "patient_nb": "4", "structured_patient": "{\n    \"symptoms\": [\n        {\n            \"name of the symptom\": \"generalized tonic-clonic seizures\",\n            \"intensity of symptom\": \"\",\n            \"specific attributes of the symptom\": {\n                \"location\": \"whole body\",\n                \"Quality of\": \"convulsive, rhythmic muscle contractions\",\n                \"temporalisation\": \"every 4-6 hours\",\n                \"duration\": \"3 to 5 minutes\"\n            },\n            \"When did the symptom appear\": \"after respiratory failure secondary to severe ARDS\",\n            \"previous treatments\": \"first-line antiepileptic medications\",\n            \"reaction to previous treaments\": \"not controlled\",\n            \"behaviour affecting the symptom\": \"agitation\"\n        }\n    ],\n    \"socio economic context\": {},\n    \"geographic_context\": {\n        \"location\": \"pediatric ICU\",\n        \"recent travels\": \"\",\n        \"level of care\": \"critical condition\"\n    },\n    \"physiological context\": {},\n    \"psychological context\": {},\n    \"personal medical_history\": {\n        \"neurological issues\": \"absence of any prior\"\n    },\n    \"family medical_history\": {},\n    \"current medication\": {\n        \"sedation regimen\": \"adjusted\"\n    },\n    \"lifestyle factors\": {},\n    \"results of recent medical tests\": {}\n}"}