{"condition_name": "Osteoporosis", "guideline": "guideline_usp.jsonl_65.json", "patient_nb": "3", "structured_patient": "{\n    \"symptoms\": [\n        {\n            \"name of the symptom\": \"chronic back pain\",\n            \"intensity of symptom\": \"7/10\",\n            \"specific attributes of the symptom\": {\n                \"location\": \"site of the spinal fracture\",\n                \"Quality of\": \"\",\n                \"temporalisation\": \"chronic\"\n            },\n            \"When did the symptom appear\": \"\",\n            \"previous treatments\": \"\",\n            \"reaction to previous treaments\": \"\",\n            \"behaviour affecting the symptom\": \"history of excess alcohol consumption\"\n        }\n    ],\n    \"socio economic context\": {},\n    \"geographic_context\": {\n        \"location\": \"\",\n        \"recent travels\": \"\",\n        \"level of care\": \"\"\n    },\n    \"physiological context\": {},\n    \"psychological context\": {},\n    \"personal medical_history\": {\n        \"alcohol consumption\": \"excess\"\n    },\n    \"family medical_history\": {\n        \"parental history of hip fracture\": \"none\"\n    },\n    \"current medication\": {},\n    \"lifestyle factors\": {\n        \"body weight\": \"below average\",\n        \"alcohol intake\": \"excess\"\n    },\n    \"results of recent medical tests\": {}\n}"}