{"condition_name": "Vitreous floaters", "guideline": "guideline_nice.jsonl_117.json", "patient_nb": "2", "structured_patient": "{\n    \"symptoms\": [\n        {\n            \"name of the symptom\": \"floaters\",\n            \"intensity of symptom\": \"mild but bothersome\",\n            \"specific attributes of the symptom\": {\n                \"location\": \"right eye\",\n                \"Quality of\": \"small, transparent dots that drift across visual field\",\n                \"temporalisation\": \"persistent for the past two months\"\n            },\n            \"When did the symptom appear\": \"two months ago\",\n            \"previous treatments\": \"\",\n            \"reaction to previous treatments\": \"\",\n            \"behaviour affecting the symptom\": \"more prominent outdoors or in well-lit environments\"\n        }\n    ],\n    \"socio economic context\": {},\n    \"geographic_context\": {\n        \"location\": \"\",\n        \"recent travels\": \"\",\n        \"level of care\": \"\"\n    },\n    \"physiological context\": {},\n    \"psychological context\": {},\n    \"personal medical_history\": {},\n    \"family medical_history\": {},\n    \"current medication\": {},\n    \"lifestyle factors\": {},\n    \"results of recent medical tests\": {}\n}"}