{"condition_name": "Idiopathic scoliosis", "guideline": "guideline_nice.jsonl_181.json", "patient_nb": "3", "structured_patient": "{\n    \"symptoms\": [\n        {\n            \"name of the symptom\": \"recurrent back pain\",\n            \"intensity of symptom\": \"mild to moderate\",\n            \"specific attributes of the symptom\": {\n                \"location\": \"back\",\n                \"Quality of\": \"pain\",\n                \"temporalisation\": \"triggered during athletic involvement\"\n            },\n            \"When did the symptom appear\": \"several months ago\",\n            \"previous treatments\": \"\",\n            \"reaction to previous treaments\": \"\",\n            \"behaviour affecting the symptom\": \"athletic involvement\"\n        }\n    ],\n    \"socio economic context\": {},\n    \"geographic_context\": {\n        \"location\": \"\",\n        \"recent travels\": \"\",\n        \"level of care\": \"\"\n    },\n    \"physiological context\": {},\n    \"psychological context\": {},\n    \"personal medical_history\": {},\n    \"family medical_history\": {},\n    \"current medication\": {},\n    \"lifestyle factors\": {\n        \"age\": \"12\",\n        \"sports activities\": \"actively involved in various sports\"\n    },\n    \"results of recent medical tests\": {}\n}"}