{"condition_name": "Atherosclerotic Occlusive Disease of the Lower Extremities", "guideline": "guideline_gc.jsonl_35.json", "patient_nb": "1", "structured_patient": "{\n    \"symptoms\": [\n        {\n            \"name of the symptom\": \"intermittent claudication\",\n            \"intensity of symptom\": \"7/10\",\n            \"specific attributes of the symptom\": {\n                \"location\": \"left lower extremity\",\n                \"Quality of\": \"pain\",\n                \"temporalisation\": \"occurs consistently after walking a distance of fewer than 100 meters and improves with rest\"\n            },\n            \"When did the symptom appear\": \"persistent\",\n            \"previous treatments\": \"\",\n            \"reaction to previous treatments\": \"\",\n            \"behaviour affecting the symptom\": \"walking\"\n        }\n    ],\n    \"socio economic context\": {},\n    \"geographic_context\": {\n        \"location\": \"\",\n        \"recent travels\": \"\",\n        \"level of care\": \"\"\n    },\n    \"physiological context\": {},\n    \"psychological context\": {},\n    \"personal medical_history\": {\n        \"hypertension\": \"\",\n        \"coronary artery disease\": \"\",\n        \"smoking history\": \"long-term smoker with a 40 pack-year history\"\n    },\n    \"family medical_history\": {},\n    \"current medication\": {\n        \"antihypertensive medications\": \"\",\n        \"antiplatelet medications\": \"\"\n    },\n    \"lifestyle factors\": {},\n    \"results of recent medical tests\": {}\n}"}