{"condition_name": "PMRT for patients with T1-2 breast cancer with one to three positive axillary nodes", "guideline": "guideline_gc.jsonl_198.json", "patient_nb": "1", "structured_patient": "{\n  \"symptoms\": [\n    {\n      \"name of the symptom\": \"Lingering fear of cancer recurrence\",\n      \"intensity of symptom\": \"Significantly impacting quality of life\",\n      \"specific attributes of the symptom\": {\n        \"location\": \"Mental/emotional\",\n        \"Quality of\": \"Fear/anxiety\",\n        \"temporalisation\": \"Persistent, ongoing\"\n      },\n      \"When did the symptom appear\": \"\",\n      \"previous treatments\": \"Neoadjuvant systemic therapy (NAST) with substantial response\",\n      \"reaction to previous treaments\": \"\",\n      \"behaviour affecting the symptom\": \"\"\n    }\n  ],\n  \"socio economic context\": {},\n  \"geographic_context\": {\n    \"location\": \"\",\n    \"recent travels\": \"\",\n    \"level of care\": \"\"\n  },\n  \"physiological context\": {},\n  \"psychological context\": {},\n  \"personal medical_history\": {\n    \"T1 breast cancer\": \"Documented medical history\"\n  },\n  \"family medical_history\": {},\n  \"current medication\": {},\n  \"lifestyle factors\": {},\n  \"results of recent medical tests\": {}\n}"}