{"condition_name": "Unequal limb lengths caused by trauma or infection or, more rarely, hypoplasia or dysplasia (congenital conditions such as achondroplasia, Ollier\"s disease, and brachial plexus palsy). The condition can be unilateral or bilateral.", "guideline": "guideline_nice.jsonl_210.json", "patient_nb": "2", "structured_patient": "{\n    \"symptoms\": [\n        {\n            \"name of the symptom\": \"limb length discrepancy\",\n            \"intensity of symptom\": \"\",\n            \"specific attributes of the symptom\": {\n                \"location\": \"left lower limb is shorter than the right\",\n                \"Quality of\": \"difference in length between limbs\",\n                \"temporalisation\": \"\"\n            },\n            \"When did the symptom appear\": \"long-standing concern\",\n            \"previous treatments\": \"\",\n            \"reaction to previous treaments\": \"\",\n            \"behaviour affecting the symptom\": \"unknown\"\n        }\n    ],\n    \"socio economic context\": {},\n    \"geographic_context\": {\n        \"location\": \"\",\n        \"recent travels\": \"\",\n        \"level of care\": \"\"\n    },\n    \"physiological context\": {},\n    \"psychological context\": {},\n    \"personal medical_history\": {\n        \"childhood diagnosis of Ollier's disease\": \"yes\"\n    },\n    \"family medical_history\": {},\n    \"current medication\": {},\n    \"lifestyle factors\": {},\n    \"results of recent medical tests\": {}\n}"}