{"condition_name": "Primary hepatocellular carcinoma", "guideline": "guideline_nice.jsonl_1166.json", "patient_nb": "2", "structured_patient": "{\n    \"symptoms\": [\n        {\n            \"name of the symptom\": \"abdominal pain\",\n            \"intensity of symptom\": \"6/10\",\n            \"specific attributes of the symptom\": {\n                \"location\": \"abdomen\",\n                \"Quality of\": \"sharp or dull\",\n                \"temporalisation\": \"recurrent\"\n            },\n            \"When did the symptom appear\": \"recently\",\n            \"previous treatments\": \"unknown\",\n            \"reaction to previous treaments\": \"unknown\",\n            \"behaviour affecting the symptom\": \"unknown\"\n        },\n        {\n            \"name of the symptom\": \"jaundice\",\n            \"intensity of symptom\": \"\",\n            \"specific attributes of the symptom\": {\n                \"location\": \"skin and eyes\",\n                \"Quality of\": \"yellow discoloration\",\n                \"temporalisation\": \"progressive\"\n            },\n            \"When did the symptom appear\": \"in the last three months\",\n            \"previous treatments\": \"unknown\",\n            \"reaction to previous treaments\": \"unknown\",\n            \"behaviour affecting the symptom\": \"unknown\"\n        },\n        {\n            \"name of the symptom\": \"fatigue\",\n            \"intensity of symptom\": \"6/10\",\n            \"specific attributes of the symptom\": {\n                \"location\": \"general\",\n                \"Quality of\": \"constant\",\n                \"temporalisation\": \"\"\n            },\n            \"When did the symptom appear\": \"unknown\",\n            \"previous treatments\": \"unknown\",\n            \"reaction to previous treaments\": \"unknown\",\n            \"behaviour affecting the symptom\": \"\"\n        }\n    ],\n    \"socio economic context\": {},\n    \"geographic_context\": {\n        \"location\": \"\",\n        \"recent travels\": \"\",\n        \"level of care\": \"\"\n    },\n    \"physiological context\": {},\n    \"psychological context\": {},\n    \"personal medical_history\": {\n        \"cholecystitis\": \"\"\n    },\n    \"family medical_history\": {},\n    \"current medication\": {},\n    \"lifestyle factors\": {},\n    \"results of recent medical tests\": {}\n}"}