{"condition_name": "Postoperative adult and pediatric patients", "guideline": "guideline_gc.jsonl_96.json", "patient_nb": "1", "structured_patient": "{\n    \"symptoms\": [\n        {\n            \"name of the symptom\": \"chest pain\",\n            \"intensity of symptom\": \"5/10\",\n            \"specific attributes of the symptom\": {\n                \"location\": \"chest\",\n                \"Quality of\": \"dull and persistent\",\n                \"temporalisation\": \"ongoing\"\n            },\n            \"When did the symptom appear\": \"post abdominal surgery\",\n            \"previous treatments\": \"standard postoperative care, including incentive spirometry\",\n            \"reaction to previous treatments\": \"no significant improvement\",\n            \"behaviour affecting the symptom\": \"deep inspiration and coughing\"\n        },\n        {\n            \"name of the symptom\": \"decreased breath sounds\",\n            \"intensity of symptom\": \"\",\n            \"specific attributes of the symptom\": {\n                \"location\": \"lower lobe of right lung\",\n                \"Quality of\": \"\",\n                \"temporalisation\": \"\"\n            },\n            \"When did the symptom appear\": \"post abdominal surgery\",\n            \"previous treatments\": \"standard postoperative care, including incentive spirometry\",\n            \"reaction to previous treatments\": \"no significant improvement\",\n            \"behaviour affecting the symptom\": \"\"\n        }\n    ],\n    \"socio economic context\": {},\n    \"geographic_context\": {\n        \"location\": \"\",\n        \"recent travels\": \"\",\n        \"level of care\": \"\"\n    },\n    \"physiological context\": {},\n    \"psychological context\": {},\n    \"personal medical_history\": {\n        \"smoking history\": \"20 pack-years\",\n        \"recent abdominal surgery\": \"\"\n    },\n    \"family medical_history\": {},\n    \"current medication\": {},\n    \"lifestyle factors\": {},\n    \"results of recent medical tests\": {}\n}"}