{"condition_name": "Thoracolumbar Spine Trauma", "guideline": "guideline_gc.jsonl_734.json", "patient_nb": "3", "structured_patient": "{\n  \"symptoms\": [\n    {\n      \"name of the symptom\": \"persistent thoracolumbar back pain\",\n      \"intensity of symptom\": \"7/10\",\n      \"specific attributes of the symptom\": {\n        \"location\": \"thoracolumbar\",\n        \"Quality of\": \"pain\",\n        \"temporalisation\": \"persistent\"\n      },\n      \"When did the symptom appear\": \"after workplace injury\",\n      \"previous treatments\": \"undergone multiple previous spinal procedures, including the use of open and percutaneous pedicle screws\",\n      \"reaction to previous treaments\": \"history of chronic back pain, surgical interventions\",\n      \"behaviour affecting the symptom\": \"\"\n    },\n    {\n      \"name of the symptom\": \"neurological deficits in lower extremities\",\n      \"intensity of symptom\": \"\",\n      \"specific attributes of the symptom\": {\n        \"location\": \"lower extremities\",\n        \"Quality of\": \"neurological deficits\",\n        \"temporalisation\": \"\"\n      },\n      \"When did the symptom appear\": \"after workplace injury\",\n      \"previous treatments\": \"\",\n      \"reaction to previous treaments\": \"\",\n      \"behaviour affecting the symptom\": \"\"\n    },\n    {\n      \"name of the symptom\": \"decline in lower limb motor function\",\n      \"intensity of symptom\": \"\",\n      \"specific attributes of the symptom\": {\n        \"location\": \"lower limbs\",\n        \"Quality of\": \"motor function\",\n        \"temporalisation\": \"decline\"\n      },\n      \"When did the symptom appear\": \"after workplace injury\",\n      \"previous treatments\": \"\",\n      \"reaction to previous treaments\": \"\",\n      \"behaviour affecting the symptom\": \"\"\n    },\n    {\n      \"name of the symptom\": \"sacral sensation decline\",\n      \"intensity of symptom\": \"\",\n      \"specific attributes of the symptom\": {\n        \"location\": \"sacral\",\n        \"Quality of\": \"sensation\",\n        \"temporalisation\": \"decline\"\n      },\n      \"When did the symptom appear\": \"after workplace injury\",\n      \"previous treatments\": \"\",\n      \"reaction to previous treaments\": \"\",\n      \"behaviour affecting the symptom\": \"\"\n    }\n  ],\n  \"socio economic context\": {},\n  \"geographic_context\": {\n    \"location\": \"\",\n    \"recent travels\": \"\",\n    \"level of care\": \"\"\n  },\n  \"physiological context\": {},\n  \"psychological context\": {},\n  \"personal medical_history\": {\n    \"history of chronic back pain\": \"\",\n    \"undergone multiple previous spinal procedures, including the use of open and percutaneous pedicle screws\": \"\"\n  },\n  \"family medical_history\": {},\n  \"current medication\": {},\n  \"lifestyle factors\": {},\n  \"results of recent medical tests\": {\n    \"radiographic findings\": \"thoracic and lumbar fractures\"\n  }\n}"}