{"condition_name": "HIV Infection", "guideline": "guideline_aafp.jsonl_17.json", "patient_nb": "1", "structured_patient": "{\n  \"symptoms\": [\n    {\n      \"name of the symptom\": \"persistent low-grade fevers\",\n      \"intensity of symptom\": \"around 100.4\u00b0F\",\n      \"specific attributes of the symptom\": {\n        \"location\": \"\",\n        \"Quality of\": \"\",\n        \"temporalisation\": \"\"\n      },\n      \"When did the symptom appear\": \"for the past three months\",\n      \"previous treatments\": \"\",\n      \"reaction to previous treaments\": \"\",\n      \"behaviour affecting the symptom\": \"history of high-risk sexual behavior and intravenous drug use\"\n    },\n    {\n      \"name of the symptom\": \"unintentional weight loss\",\n      \"intensity of symptom\": \"15 pounds\",\n      \"specific attributes of the symptom\": {\n        \"location\": \"\",\n        \"Quality of\": \"\",\n        \"temporalisation\": \"\"\n      },\n      \"When did the symptom appear\": \"over the same period\",\n      \"previous treatments\": \"\",\n      \"reaction to previous treaments\": \"\",\n      \"behaviour affecting the symptom\": \"history of high-risk sexual behavior and intravenous drug use\"\n    },\n    {\n      \"name of the symptom\": \"fatigue\",\n      \"intensity of symptom\": \"generalized sense\",\n      \"specific attributes of the symptom\": {\n        \"location\": \"\",\n        \"Quality of\": \"\",\n        \"temporalisation\": \"\"\n      },\n      \"When did the symptom appear\": \"past three months\",\n      \"previous treatments\": \"\",\n      \"reaction to previous treaments\": \"\",\n      \"behaviour affecting the symptom\": \"history of high-risk sexual behavior and intravenous drug use\"\n    },\n    {\n      \"name of the symptom\": \"night sweats\",\n      \"intensity of symptom\": \"occasional\",\n      \"specific attributes of the symptom\": {\n        \"location\": \"\",\n        \"Quality of\": \"\",\n        \"temporalisation\": \"\"\n      },\n      \"When did the symptom appear\": \"past three months\",\n      \"previous treatments\": \"\",\n      \"reaction to previous treaments\": \"\",\n      \"behaviour affecting the symptom\": \"history of high-risk sexual behavior and intravenous drug use\"\n    }\n  ],\n  \"socio economic context\": {},\n  \"geographic_context\": {\n    \"location\": \"\",\n    \"recent travels\": \"denied any recent travel\",\n    \"level of care\": \"\"\n  },\n  \"physiological context\": {},\n  \"psychological context\": {},\n  \"personal medical_history\": {\n    \"previous episodes of sexually transmitted infections\": \"treated at local clinics\"\n  },\n  \"family medical_history\": {},\n  \"current medication\": {},\n  \"lifestyle factors\": {},\n  \"results of recent medical tests\": {}\n}"}