{"condition_name": "Peripheral artery disease (PAD)", "guideline": "guideline_mayo.jsonl_761.json", "patient_nb": "1", "structured_patient": "{\n  \"symptoms\": [\n    {\n      \"name of the symptom\": \"leg pain (claudication)\",\n      \"intensity of symptom\": \"8/10\",\n      \"specific attributes of the symptom\": {\n        \"location\": \"calves\",\n        \"Quality of\": \"consistent\",\n        \"temporalisation\": \"hinders ability to walk or engage in physical activities\"\n      },\n      \"When did the symptom appear\": \"\",\n      \"previous treatments\": \"\",\n      \"reaction to previous treatments\": \"\",\n      \"behaviour affecting the symptom\": \"exercise\"\n    },\n    {\n      \"name of the symptom\": \"muscle pain\",\n      \"intensity of symptom\": \"\",\n      \"specific attributes of the symptom\": {\n        \"location\": \"legs\",\n        \"Quality of\": \"during exercise\",\n        \"temporalisation\": \"subsides with rest\"\n      },\n      \"When did the symptom appear\": \"\",\n      \"previous treatments\": \"\",\n      \"reaction to previous treatments\": \"\",\n      \"behaviour affecting the symptom\": \"exercise\"\n    },\n    {\n      \"name of the symptom\": \"cramping\",\n      \"intensity of symptom\": \"\",\n      \"specific attributes of the symptom\": {\n        \"location\": \"legs\",\n        \"Quality of\": \"during exercise\",\n        \"temporalisation\": \"subsides with rest\"\n      },\n      \"When did the symptom appear\": \"\",\n      \"previous treatments\": \"\",\n      \"reaction to previous treatments\": \"\",\n      \"behaviour affecting the symptom\": \"exercise\"\n    }\n  ],\n  \"socio economic context\": {},\n  \"geographic_context\": {\n    \"location\": \"\",\n    \"recent travels\": \"\",\n    \"level of care\": \"\"\n  },\n  \"physiological context\": {},\n  \"psychological context\": {},\n  \"personal medical_history\": {\n    \"smoking\": \"history of\",\n    \"diabetes\": \"diagnosed\"\n  },\n  \"family medical_history\": {},\n  \"current medication\": {},\n  \"lifestyle factors\": {},\n  \"results of recent medical tests\": {}\n}"}