{"condition_name": "Vestibular Schwannoma Surgery", "guideline": "guideline_gc.jsonl_796.json", "patient_nb": "3", "structured_patient": "{\n    \"symptoms\": [\n        {\n            \"name of the symptom\": \"sensation of fullness and pressure in left ear\",\n            \"intensity of symptom\": \"chronically bothersome\",\n            \"specific attributes of the symptom\": {\n                \"location\": \"deep within the left ear\",\n                \"Quality of\": \"fullness and pressure\",\n                \"temporalisation\": \"chronic\"\n            },\n            \"When did the symptom appear\": \"\",\n            \"previous treatments\": \"oral and intratympanic steroids\",\n            \"reaction to previous treatments\": \"unsuccessful\",\n            \"behaviour affecting the symptom\": \"\"\n        },\n        {\n            \"name of the symptom\": \"dull, persistent headache\",\n            \"intensity of symptom\": \"average pain score of 5/10\",\n            \"specific attributes of the symptom\": {\n                \"location\": \"localized to the same side (left)\",\n                \"Quality of\": \"dull, persistent\",\n                \"temporalisation\": \"\"\n            },\n            \"When did the symptom appear\": \"\",\n            \"previous treatments\": \"\",\n            \"reaction to previous treatments\": \"\",\n            \"behaviour affecting the symptom\": \"\"\n        },\n        {\n            \"name of the symptom\": \"recurrent episodes of dizziness\",\n            \"intensity of symptom\": \"\",\n            \"specific attributes of the symptom\": {\n                \"location\": \"\",\n                \"Quality of\": \"dizziness\",\n                \"temporalisation\": \"increased in frequency and duration over the past six months\"\n            },\n            \"When did the symptom appear\": \"\",\n            \"previous treatments\": \"\",\n            \"reaction to previous treatments\": \"\",\n            \"behaviour affecting the symptom\": \"\"\n        },\n        {\n            \"name of the symptom\": \"decline in hearing acuity\",\n            \"intensity of symptom\": \"\",\n            \"specific attributes of the symptom\": {\n                \"location\": \"left ear\",\n                \"Quality of\": \"hearing loss\",\n                \"temporalisation\": \"\"\n            },\n            \"When did the symptom appear\": \"\",\n            \"previous treatments\": \"oral and intratympanic steroids\",\n            \"reaction to previous treatments\": \"no improvement\",\n            \"behaviour affecting the symptom\": \"\"\n        }\n    ],\n    \"socio economic context\": {},\n    \"geographic_context\": {\n        \"location\": \"\",\n        \"recent travels\": \"\",\n        \"level of care\": \"\"\n    },\n    \"physiological context\": {},\n    \"psychological context\": {},\n    \"personal medical_history\": {},\n    \"family medical_history\": {},\n    \"current medication\": {},\n    \"lifestyle factors\": {},\n    \"results of recent medical tests\": {}\n}"}