{"condition_name": "Cervical Dilation before First-Trimester Surgical Abortion", "guideline": "guideline_gc.jsonl_319.json", "patient_nb": "6", "structured_patient": "{\n    \"symptoms\": [\n        {\n            \"name of the symptom\": \"mild lower abdominal discomfort\",\n            \"intensity of symptom\": \"4/10\",\n            \"specific attributes of the symptom\": {\n                \"location\": \"lower abdomen\",\n                \"Quality of\": \"discomfort\",\n                \"temporalisation\": \"intermittent\"\n            },\n            \"When did the symptom appear\": \"\",\n            \"previous treatments\": \"\",\n            \"reaction to previous treaments\": \"\",\n            \"behaviour affecting the symptom\": \"\"\n        },\n        {\n            \"name of the symptom\": \"light vaginal bleeding\",\n            \"intensity of symptom\": \"\",\n            \"specific attributes of the symptom\": {\n                \"location\": \"vagina\",\n                \"Quality of\": \"bleeding\",\n                \"temporalisation\": \"intermittent\"\n            },\n            \"When did the symptom appear\": \"\",\n            \"previous treatments\": \"\",\n            \"reaction to previous treaments\": \"\",\n            \"behaviour affecting the symptom\": \"\"\n        }\n    ],\n    \"socio economic context\": {},\n    \"geographic_context\": {\n        \"location\": \"\",\n        \"recent travels\": \"\",\n        \"level of care\": \"\"\n    },\n    \"physiological context\": {},\n    \"psychological context\": {},\n    \"personal medical_history\": {},\n    \"family medical_history\": {},\n    \"current medication\": {},\n    \"lifestyle factors\": {},\n    \"results of recent medical tests\": {}\n}"}