{"condition_name": "Autism Spectrum Disorder", "guideline": "guideline_usp.jsonl_80.json", "patient_nb": "3", "structured_patient": "{\n    \"symptoms\": [\n        {\n            \"name of the symptom\": \"Language development delay\",\n            \"intensity of symptom\": \"Moderate\",\n            \"specific attributes of the symptom\": {\n                \"location\": \"Speech and language abilities\",\n                \"Quality of\": \"Limited use of words, difficulties in understanding and following verbal instructions\",\n                \"temporalisation\": \"Symptoms have persisted\"\n            },\n            \"When did the symptom appear\": \"Early childhood\",\n            \"previous treatments\": \"Early interventions and support from early childhood specialists\",\n            \"reaction to previous treaments\": \"Symptoms have not improved\",\n            \"behaviour affecting the symptom\": \"Repetitive motor behaviors (body rocking, hand-flapping)\"\n        },\n        {\n            \"name of the symptom\": \"Social interaction difficulties\",\n            \"intensity of symptom\": \"Moderate\",\n            \"specific attributes of the symptom\": {\n                \"location\": \"Social settings\",\n                \"Quality of\": \"Minimal interest in interacting with peers\",\n                \"temporalisation\": \"Symptoms have persisted\"\n            },\n            \"When did the symptom appear\": \"Early childhood\",\n            \"previous treatments\": \"Early interventions and support from early childhood specialists\",\n            \"reaction to previous treaments\": \"Symptoms have not improved\",\n            \"behaviour affecting the symptom\": \"Preference for playing alone\"\n        },\n        {\n            \"name of the symptom\": \"Sensory processing difficulties\",\n            \"intensity of symptom\": \"Mild\",\n            \"specific attributes of the symptom\": {\n                \"location\": \"Sensory perception\",\n                \"Quality of\": \"Atypical responses to sensory stimuli (textures and smells)\",\n                \"temporalisation\": \"Symptoms have persisted\"\n            },\n            \"When did the symptom appear\": \"Early childhood\",\n            \"previous treatments\": \"Early interventions and support from early childhood specialists\",\n            \"reaction to previous treaments\": \"Symptoms have not improved\",\n            \"behaviour affecting the symptom\": \"-\"\n        }\n    ],\n    \"socio economic context\": {},\n    \"geographic_context\": {\n        \"location\": \"\",\n        \"recent travels\": \"\",\n        \"level of care\": \"\"\n    },\n    \"physiological context\": {},\n    \"psychological context\": {},\n    \"personal medical_history\": {},\n    \"family medical_history\": {},\n    \"current medication\": {},\n    \"lifestyle factors\": {},\n    \"results of recent medical tests\": {}\n}"}