{"condition_name": "Acoustic Neuroma", "guideline": "guideline_mayo.jsonl_9.json", "patient_nb": "3", "structured_patient": "{\n    \"symptoms\": [\n        {\n            \"name of the symptom\": \"gradual, bilateral hearing loss\",\n            \"intensity of symptom\": \"progressively worsening\",\n            \"specific attributes of the symptom\": {\n                \"location\": \"ears\",\n                \"Quality of\": \"muffled\",\n                \"temporalisation\": \"over the past two years\"\n            },\n            \"When did the symptom appear\": \"over the past two years\",\n            \"previous treatments\": \"\",\n            \"reaction to previous treaments\": \"\",\n            \"behaviour affecting the symptom\": \"working in environments with background noise\"\n        },\n        {\n            \"name of the symptom\": \"difficulty hearing high-pitched sounds\",\n            \"intensity of symptom\": \"worsening\",\n            \"specific attributes of the symptom\": {\n                \"location\": \"\",\n                \"Quality of\": \"\",\n                \"temporalisation\": \"over the past two years\"\n            },\n            \"When did the symptom appear\": \"over the past two years\",\n            \"previous treatments\": \"\",\n            \"reaction to previous treaments\": \"\",\n            \"behaviour affecting the symptom\": \"working in environments with background noise\"\n        },\n        {\n            \"name of the symptom\": \"low-grade ringing sound (tinnitus)\",\n            \"intensity of symptom\": \"4/10\",\n            \"specific attributes of the symptom\": {\n                \"location\": \"both ears\",\n                \"Quality of\": \"ringing\",\n                \"temporalisation\": \"persistent\"\n            },\n            \"When did the symptom appear\": \"\",\n            \"previous treatments\": \"\",\n            \"reaction to previous treaments\": \"\",\n            \"behaviour affecting the symptom\": \"\"\n        },\n        {\n            \"name of the symptom\": \"dizziness\",\n            \"intensity of symptom\": \"\",\n            \"specific attributes of the symptom\": {\n                \"location\": \"\",\n                \"Quality of\": \"\",\n                \"temporalisation\": \"\"\n            },\n            \"When did the symptom appear\": \"not specified\",\n            \"previous treatments\": \"\",\n            \"reaction to previous treaments\": \"\",\n            \"behaviour affecting the symptom\": \"working in environments with background noise\"\n        },\n        {\n            \"name of the symptom\": \"vague sensation of unsteadiness\",\n            \"intensity of symptom\": \"\",\n            \"specific attributes of the symptom\": {\n                \"location\": \"\",\n                \"Quality of\": \"unsteadiness\",\n                \"temporalisation\": \"\"\n            },\n            \"When did the symptom appear\": \"not specified\",\n            \"previous treatments\": \"\",\n            \"reaction to previous treaments\": \"\",\n            \"behaviour affecting the symptom\": \"working in environments with background noise\"\n        }\n    ],\n    \"socio economic context\": {},\n    \"geographic_context\": {\n        \"location\": \"\",\n        \"recent travels\": \"\",\n        \"level of care\": \"\"\n    },\n    \"physiological context\": {},\n    \"psychological context\": {},\n    \"personal medical_history\": {\n        \"occupational chemical exposure\": \"history of\"\n    },\n    \"family medical_history\": {},\n    \"current medication\": {},\n    \"lifestyle factors\": {},\n    \"results of recent medical tests\": {}\n}"}