{"condition_name": "Expanded Carrier Screening", "guideline": "guideline_gc.jsonl_154.json", "patient_nb": "1", "structured_patient": "{\n    \"symptoms\": [],\n    \"socio economic context\": {\n        \"insurance coverage\": \"limited access to medical care\"\n    },\n    \"geographic_context\": {\n        \"location\": \"community with limited medical care access\"\n    },\n    \"physiological context\": {},\n    \"psychological context\": {\n        \"health literacy\": \"lower levels\",\n        \"reproductive health concerns\": \"expressed\"\n    },\n    \"personal medical_history\": {},\n    \"family medical_history\": {\n        \"history of genetic disorders\": \"present\"\n    },\n    \"current medication\": {},\n    \"lifestyle factors\": {},\n    \"results of recent medical tests\": {}\n}"}