{"condition_name": "Pelviureteric junction obstruction", "guideline": "guideline_nice.jsonl_1368.json", "patient_nb": "2", "structured_patient": "{\n    \"symptoms\": [\n        {\n            \"name of the symptom\": \"severe right-sided flank pain\",\n            \"intensity of symptom\": \"7/10\",\n            \"specific attributes of the symptom\": {\n                \"location\": \"right flank\",\n                \"Quality of\": \"persistent dull ache\",\n                \"temporalisation\": \"recurrent episodes\"\n            },\n            \"When did the symptom appear\": \"\",\n            \"previous treatments\": \"common analgesics\",\n            \"reaction to previous treaments\": \"refractory\",\n            \"behaviour affecting the symptom\": \"\"\n        },\n        {\n            \"name of the symptom\": \"urinary tract infections\",\n            \"intensity of symptom\": \"\",\n            \"specific attributes of the symptom\": {\n                \"location\": \"urinary tract\",\n                \"Quality of\": \"\",\n                \"temporalisation\": \"often accompanies the pain episodes\"\n            },\n            \"When did the symptom appear\": \"\",\n            \"previous treatments\": \"\",\n            \"reaction to previous treaments\": \"\",\n            \"behaviour affecting the symptom\": \"\"\n        }\n    ],\n    \"socio economic context\": {},\n    \"geographic_context\": {\n        \"location\": \"\",\n        \"recent travels\": \"\",\n        \"level of care\": \"\"\n    },\n    \"physiological context\": {},\n    \"psychological context\": {},\n    \"personal medical_history\": {},\n    \"family medical_history\": {},\n    \"current medication\": {},\n    \"lifestyle factors\": {},\n    \"results of recent medical tests\": {}\n}"}