{"condition_name": "Autism Spectrum Disorder (ASD)", "guideline": "guideline_rch.jsonl_63.json", "patient_nb": "3", "structured_patient": "{\n    \"symptoms\": [\n        {\n            \"name of the symptom\": \"impaired social communication and interaction\",\n            \"intensity of symptom\": \"\",\n            \"specific attributes of the symptom\": {\n                \"location\": \"\",\n                \"Quality of\": \"\",\n                \"temporalisation\": \"persistent throughout childhood\"\n            },\n            \"When did the symptom appear\": \"since childhood\",\n            \"previous treatments\": \"previous interventions\",\n            \"reaction to previous treaments\": \"limited improvement\",\n            \"behaviour affecting the symptom\": \"struggles with understanding social cues, making friendships, engaging in age-appropriate peer interactions\"\n        },\n        {\n            \"name of the symptom\": \"pronounced restrictive, repetitive patterns of behavior\",\n            \"intensity of symptom\": \"\",\n            \"specific attributes of the symptom\": {\n                \"location\": \"\",\n                \"Quality of\": \"\",\n                \"temporalisation\": \"persistent throughout childhood\"\n            },\n            \"When did the symptom appear\": \"since childhood\",\n            \"previous treatments\": \"previous interventions\",\n            \"reaction to previous treaments\": \"limited improvement\",\n            \"behaviour affecting the symptom\": \"rigid adherence to specific routines, intense fixations on certain topics\"\n        },\n        {\n            \"name of the symptom\": \"sensory sensitivities\",\n            \"intensity of symptom\": \"\",\n            \"specific attributes of the symptom\": {\n                \"location\": \"light and colors\",\n                \"Quality of\": \"discomfort\",\n                \"temporalisation\": \"\"\n            },\n            \"When did the symptom appear\": \"since childhood\",\n            \"previous treatments\": \"previous interventions\",\n            \"reaction to previous treaments\": \"limited improvement\",\n            \"behaviour affecting the symptom\": \"frequently results in emotional outbursts\"\n        }\n    ],\n    \"socio economic context\": {},\n    \"geographic_context\": {\n        \"location\": \"\",\n        \"recent travels\": \"\",\n        \"level of care\": \"\"\n    },\n    \"physiological context\": {},\n    \"psychological context\": {},\n    \"personal medical_history\": {},\n    \"family medical_history\": {\n        \"psychiatric disorders\": \"family history of psychiatric disorders\"\n    },\n    \"current medication\": {},\n    \"lifestyle factors\": {},\n    \"results of recent medical tests\": {}\n}"}