{"condition_name": "Benzodiazepine Overdose", "guideline": "guideline_rch.jsonl_69.json", "patient_nb": "2", "structured_patient": "{\n    \"symptoms\": [\n        {\n            \"name of the symptom\": \"ataxia\",\n            \"intensity of symptom\": \"\",\n            \"specific attributes of the symptom\": {\n                \"location\": \"\",\n                \"Quality of\": \"\",\n                \"temporalisation\": \"\"\n            },\n            \"When did the symptom appear\": \"recently\",\n            \"previous treatments\": \"benzodiazepine use\",\n            \"reaction to previous treatments\": \"increase in symptoms\",\n            \"behaviour affecting the symptom\": \"increased benzodiazepine intake\"\n        },\n        {\n            \"name of the symptom\": \"areflexia\",\n            \"intensity of symptom\": \"\",\n            \"specific attributes of the symptom\": {\n                \"location\": \"\",\n                \"Quality of\": \"\",\n                \"temporalisation\": \"\"\n            },\n            \"When did the symptom appear\": \"recently\",\n            \"previous treatments\": \"benzodiazepine use\",\n            \"reaction to previous treatments\": \"increase in symptoms\",\n            \"behaviour affecting the symptom\": \"increased benzodiazepine intake\"\n        },\n        {\n            \"name of the symptom\": \"seizure\",\n            \"intensity of symptom\": \"\",\n            \"specific attributes of the symptom\": {\n                \"location\": \"\",\n                \"Quality of\": \"\",\n                \"temporalisation\": \"\"\n            },\n            \"When did the symptom appear\": \"recently\",\n            \"previous treatments\": \"benzodiazepine use\",\n            \"reaction to previous treatments\": \"increase in symptoms\",\n            \"behaviour affecting the symptom\": \"increased benzodiazepine intake\"\n        },\n        {\n            \"name of the symptom\": \"agitation\",\n            \"intensity of symptom\": \"\",\n            \"specific attributes of the symptom\": {\n                \"location\": \"\",\n                \"Quality of\": \"subjective feeling\",\n                \"temporalisation\": \"\"\n            },\n            \"When did the symptom appear\": \"recently\",\n            \"previous treatments\": \"benzodiazepine use\",\n            \"reaction to previous treatments\": \"increase in symptoms\",\n            \"behaviour affecting the symptom\": \"increase in benzodiazepine intake\"\n        },\n        {\n            \"name of the symptom\": \"hallucinations\",\n            \"intensity of symptom\": \"\",\n            \"specific attributes of the symptom\": {\n                \"location\": \"\",\n                \"Quality of\": \"perceptual disturbance\",\n                \"temporalisation\": \"\"\n            },\n            \"When did the symptom appear\": \"recently\",\n            \"previous treatments\": \"benzodiazepine use\",\n            \"reaction to previous treatments\": \"increase in symptoms\",\n            \"behaviour affecting the symptom\": \"increase in benzodiazepine intake\"\n        }\n    ],\n    \"socio economic context\": {},\n    \"geographic_context\": {\n        \"location\": \"\",\n        \"recent travels\": \"\",\n        \"level of care\": \"\"\n    },\n    \"physiological context\": {},\n    \"psychological context\": {},\n    \"personal medical_history\": {\n        \"history of anxiety\": \"known\"\n    },\n    \"family medical_history\": {},\n    \"current medication\": {\n        \"benzodiazepines\": \"recent increase in intake\"\n    },\n    \"lifestyle factors\": {},\n    \"results of recent medical tests\": {}\n}"}