{"condition_name": "The yips", "guideline": "guideline_mayo.jsonl_1099.json", "patient_nb": "3", "structured_patient": "{\n    \"symptoms\": [\n        {\n            \"name of the symptom\": \"muscle tremors\",\n            \"intensity of symptom\": \"frequent\",\n            \"specific attributes of the symptom\": {\n                \"location\": \"upper extremities\",\n                \"Quality of\": \"involuntary\",\n                \"temporalisation\": \"during golfing activities\"\n            },\n            \"When did the symptom appear\": \"lifelong\",\n            \"previous treatments\": \"modifying playing techniques\",\n            \"reaction to previous treatments\": \"condition persists\",\n            \"behaviour affecting the symptom\": \"not specified\"\n        },\n        {\n            \"name of the symptom\": \"twitching\",\n            \"intensity of symptom\": \"frequent\",\n            \"specific attributes of the symptom\": {\n                \"location\": \"upper extremities\",\n                \"Quality of\": \"involuntary\",\n                \"temporalisation\": \"during golfing activities\"\n            },\n            \"When did the symptom appear\": \"lifelong\",\n            \"previous treatments\": \"modifying playing techniques\",\n            \"reaction to previous treatments\": \"condition persists\",\n            \"behaviour affecting the symptom\": \"not specified\"\n        },\n        {\n            \"name of the symptom\": \"involuntary jerks\",\n            \"intensity of symptom\": \"frequent\",\n            \"specific attributes of the symptom\": {\n                \"location\": \"upper extremities\",\n                \"Quality of\": \"involuntary\",\n                \"temporalisation\": \"during golfing activities\"\n            },\n            \"When did the symptom appear\": \"lifelong\",\n            \"previous treatments\": \"modifying playing techniques\",\n            \"reaction to previous treatments\": \"condition persists\",\n            \"behaviour affecting the symptom\": \"not specified\"\n        },\n        {\n            \"name of the symptom\": \"freezing episodes\",\n            \"intensity of symptom\": \"substantial impact on game performance\",\n            \"specific attributes of the symptom\": {\n                \"location\": \"not specified\",\n                \"Quality of\": \"freezing\",\n                \"temporalisation\": \"during tournament play\"\n            },\n            \"When did the symptom appear\": \"recently worsened during tournaments\",\n            \"previous treatments\": \"modifying playing techniques\",\n            \"reaction to previous treatments\": \"condition persists\",\n            \"behaviour affecting the symptom\": \"not specified\"\n        }\n    ],\n    \"socio economic context\": {},\n    \"geographic_context\": {\n        \"location\": \"\",\n        \"recent travels\": \"\",\n        \"level of care\": \"\"\n    },\n    \"physiological context\": {},\n    \"psychological context\": {},\n    \"personal medical_history\": {},\n    \"family medical_history\": {},\n    \"current medication\": {},\n    \"lifestyle factors\": {},\n    \"results of recent medical tests\": {}\n}"}