{"condition_name": "Preeclampsia", "guideline": "guideline_usp.jsonl_76.json", "patient_nb": "1", "structured_patient": "{\n  \"symptoms\": [\n    {\n      \"name of the symptom\": \"high blood pressure\",\n      \"intensity of symptom\": \"N/A\",\n      \"specific attributes of the symptom\": {\n        \"location\": \"general\",\n        \"Quality of\": \"N/A\",\n        \"temporalisation\": \"onset in the third trimester\"\n      },\n      \"When did the symptom appear\": \"32 weeks of gestation\",\n      \"previous treatments\": \"N/A\",\n      \"reaction to previous treatments\": \"N/A\",\n      \"behaviour affecting the symptom\": \"N/A\"\n    },\n    {\n      \"name of the symptom\": \"frontal headaches\",\n      \"intensity of symptom\": \"4/10\",\n      \"specific attributes of the symptom\": {\n        \"location\": \"frontal\",\n        \"Quality of\": \"occasional\",\n        \"temporalisation\": \"N/A\"\n      },\n      \"When did the symptom appear\": \"N/A\",\n      \"previous treatments\": \"N/A\",\n      \"reaction to previous treatments\": \"N/A\",\n      \"behaviour affecting the symptom\": \"N/A\"\n    },\n    {\n      \"name of the symptom\": \"mild epigastric discomfort\",\n      \"intensity of symptom\": \"N/A\",\n      \"specific attributes of the symptom\": {\n        \"location\": \"epigastric\",\n        \"Quality of\": \"mild\",\n        \"temporalisation\": \"N/A\"\n      },\n      \"When did the symptom appear\": \"N/A\",\n      \"previous treatments\": \"N/A\",\n      \"reaction to previous treatments\": \"N/A\",\n      \"behaviour affecting the symptom\": \"N/A\"\n    }\n  ],\n  \"socio economic context\": {},\n  \"geographic_context\": {\n    \"location\": \"N/A\",\n    \"recent travels\": \"N/A\",\n    \"level of care\": \"N/A\"\n  },\n  \"physiological context\": {},\n  \"psychological context\": {},\n  \"personal medical_history\": {\n    \"pregnancies\": \"G2P1\",\n    \"history of preeclampsia\": \"complicated first pregnancy\"\n  },\n  \"family medical_history\": {},\n  \"current medication\": {},\n  \"lifestyle factors\": {\n    \"body mass index\": \"within normal limits\"\n  },\n  \"results of recent medical tests\": {}\n}"}