{"condition_name": "Tennis elbow (lateral epicondylitis) ", "guideline": "guideline_nice.jsonl_1380.json", "patient_nb": "2", "structured_patient": "{\n    \"symptoms\": [\n        {\n            \"name of the symptom\": \"sharp, intermittent pain\",\n            \"intensity of symptom\": \"7/10\",\n            \"specific attributes of the symptom\": {\n                \"location\": \"left outer elbow (lateral epicondyle)\",\n                \"Quality of\": \"sharp\",\n                \"temporalisation\": \"intermittent\"\n            },\n            \"When did the symptom appear\": \"past two months\",\n            \"previous treatments\": \"\",\n            \"reaction to previous treaments\": \"\",\n            \"behaviour affecting the symptom\": \"backhand stroke during tennis\"\n        },\n        {\n            \"name of the symptom\": \"weakness\",\n            \"intensity of symptom\": \"\",\n            \"specific attributes of the symptom\": {\n                \"location\": \"left elbow\",\n                \"Quality of\": \"sense of\",\n                \"temporalisation\": \"\"\n            },\n            \"When did the symptom appear\": \"during tennis games\",\n            \"previous treatments\": \"\",\n            \"reaction to previous treaments\": \"\",\n            \"behaviour affecting the symptom\": \"playing tennis\"\n        },\n        {\n            \"name of the symptom\": \"stiffness\",\n            \"intensity of symptom\": \"mild\",\n            \"specific attributes of the symptom\": {\n                \"location\": \"outer elbow\",\n                \"Quality of\": \"\",\n                \"temporalisation\": \"\"\n            },\n            \"When did the symptom appear\": \"\",\n            \"previous treatments\": \"\",\n            \"reaction to previous treaments\": \"\",\n            \"behaviour affecting the symptom\": \"unknown\"\n        }\n    ],\n    \"socio economic context\": {},\n    \"geographic_context\": {\n        \"location\": \"\",\n        \"recent travels\": \"\",\n        \"level of care\": \"\"\n    },\n    \"physiological context\": {},\n    \"psychological context\": {},\n    \"personal medical_history\": {},\n    \"family medical_history\": {},\n    \"current medication\": {},\n    \"lifestyle factors\": {},\n    \"results of recent medical tests\": {}\n}"}