{"condition_name": "Barrett\"s oesophagus", "guideline": "guideline_nice.jsonl_1348.json", "patient_nb": "3", "structured_patient": "{\n    \"symptoms\": [\n        {\n            \"name of the symptom\": \"retrosternal pain\",\n            \"intensity of symptom\": \"8/10\",\n            \"specific attributes of the symptom\": {\n                \"location\": \"retrosternal\",\n                \"Quality of\": \"pain\",\n                \"temporalisation\": \"persistent\"\n            },\n            \"When did the symptom appear\": \"over the past year\",\n            \"previous treatments\": \"PPI therapy\",\n            \"reaction to previous treaments\": \"worsened\",\n            \"behaviour affecting the symptom\": \"not mentioned\"\n        },\n        {\n            \"name of the symptom\": \"heartburn\",\n            \"intensity of symptom\": \"8/10\",\n            \"specific attributes of the symptom\": {\n                \"location\": \"\",\n                \"Quality of\": \"burning sensation\",\n                \"temporalisation\": \"persistent\"\n            },\n            \"When did the symptom appear\": \"over the past year\",\n            \"previous treatments\": \"PPI therapy\",\n            \"reaction to previous treaments\": \"worsened\",\n            \"behaviour affecting the symptom\": \"not mentioned\"\n        }\n    ],\n    \"socio economic context\": {},\n    \"geographic_context\": {\n        \"location\": \"\",\n        \"recent travels\": \"\",\n        \"level of care\": \"\"\n    },\n    \"physiological context\": {},\n    \"psychological context\": {},\n    \"personal medical_history\": {\n        \"GERD\": \"prolonged history\"\n    },\n    \"family medical_history\": {},\n    \"current medication\": {\n        \"PPI therapy\": \"adherence\"\n    },\n    \"lifestyle factors\": {},\n    \"results of recent medical tests\": {\n        \"upper endoscopy\": \"abnormal epithelium in the lower oesophagus\",\n        \"histological examination\": \"confirmed high-grade dysplasia (HGD)\"\n    }\n}"}