{"condition_name": "Neonatal Jaundice", "guideline": "guideline_rch.jsonl_257.json", "patient_nb": "1", "structured_patient": "{\n    \"symptoms\": [\n        {\n            \"name of the symptom\": \"yellow appearance of the skin and sclera\",\n            \"intensity of symptom\": \"\",\n            \"specific attributes of the symptom\": {\n                \"location\": \"skin and sclera\",\n                \"Quality of\": \"color change\",\n                \"temporalisation\": \"appeared prior to other symptoms\"\n            },\n            \"When did the symptom appear\": \"5 days after birth\",\n            \"previous treatments\": \"\",\n            \"reaction to previous treaments\": \"\",\n            \"behaviour affecting the symptom\": \"\"\n        },\n        {\n            \"name of the symptom\": \"lethargy\",\n            \"intensity of symptom\": \"\",\n            \"specific attributes of the symptom\": {\n                \"location\": \"\",\n                \"Quality of\": \"reduced energy levels\",\n                \"temporalisation\": \"\"\n            },\n            \"When did the symptom appear\": \"5 days after birth\",\n            \"previous treatments\": \"\",\n            \"reaction to previous treaments\": \"\",\n            \"behaviour affecting the symptom\": \"\"\n        },\n        {\n            \"name of the symptom\": \"poor suck\",\n            \"intensity of symptom\": \"\",\n            \"specific attributes of the symptom\": {\n                \"location\": \"oral cavity\",\n                \"Quality of\": \"difficulty feeding\",\n                \"temporalisation\": \"\"\n            },\n            \"When did the symptom appear\": \"5 days after birth\",\n            \"previous treatments\": \"\",\n            \"reaction to previous treaments\": \"\",\n            \"behaviour affecting the symptom\": \"\"\n        },\n        {\n            \"name of the symptom\": \"hypotonia\",\n            \"intensity of symptom\": \"\",\n            \"specific attributes of the symptom\": {\n                \"location\": \"muscles\",\n                \"Quality of\": \"decreased muscle tone\",\n                \"temporalisation\": \"\"\n            },\n            \"When did the symptom appear\": \"5 days after birth\",\n            \"previous treatments\": \"\",\n            \"reaction to previous treaments\": \"\",\n            \"behaviour affecting the symptom\": \"\"\n        },\n        {\n            \"name of the symptom\": \"high-pitched cry\",\n            \"intensity of symptom\": \"\",\n            \"specific attributes of the symptom\": {\n                \"location\": \"\",\n                \"Quality of\": \"pitch of cry\",\n                \"temporalisation\": \"\"\n            },\n            \"When did the symptom appear\": \"after birth\",\n            \"previous treatments\": \"\",\n            \"reaction to previous treaments\": \"\",\n            \"behaviour affecting the symptom\": \"\"\n        },\n        {\n            \"name of the symptom\": \"hypertonia\",\n            \"intensity of symptom\": \"\",\n            \"specific attributes of the symptom\": {\n                \"location\": \"muscles\",\n                \"Quality of\": \"increased muscle tone\",\n                \"temporalisation\": \"episodic\"\n            },\n            \"When did the symptom appear\": \"after birth\",\n            \"previous treatments\": \"\",\n            \"reaction to previous treaments\": \"\",\n            \"behaviour affecting the symptom\": \"\"\n        }\n    ],\n    \"socio economic context\": {},\n    \"geographic_context\": {\n        \"location\": \"\",\n        \"recent travels\": \"\",\n        \"level of care\": \"\"\n    },\n    \"physiological context\": {},\n    \"psychological context\": {},\n    \"personal medical_history\": {},\n    \"family medical_history\": {},\n    \"current medication\": {},\n    \"lifestyle factors\": {},\n    \"results of recent medical tests\": {}\n}"}