{"condition_name": "Renal tumour", "guideline": "guideline_nice.jsonl_1538.json", "patient_nb": "1", "structured_patient": "{\n    \"symptoms\": [\n        {\n            \"name of the symptom\": \"intermittent dull pain\",\n            \"intensity of symptom\": \"4/10\",\n            \"specific attributes of the symptom\": {\n                \"location\": \"right flank, radiating towards the back\",\n                \"Quality of\": \"dull\",\n                \"temporalisation\": \"intermittent\"\n            },\n            \"When did the symptom appear\": \"past four months\",\n            \"previous treatments\": \"over-the-counter analgesics\",\n            \"reaction to previous treaments\": \"not responded\",\n            \"behaviour affecting the symptom\": \"\"\n        },\n        {\n            \"name of the symptom\": \"weight loss\",\n            \"intensity of symptom\": \"\",\n            \"specific attributes of the symptom\": {\n                \"location\": \"\",\n                \"Quality of\": \"unexplained\",\n                \"temporalisation\": \"gradual\"\n            },\n            \"When did the symptom appear\": \"last three months\",\n            \"previous treatments\": \"\",\n            \"reaction to previous treaments\": \"\",\n            \"behaviour affecting the symptom\": \"\"\n        }\n    ],\n    \"socio economic context\": {},\n    \"geographic_context\": {\n        \"location\": \"\",\n        \"recent travels\": \"\",\n        \"level of care\": \"\"\n    },\n    \"physiological context\": {},\n    \"psychological context\": {},\n    \"personal medical_history\": {},\n    \"family medical_history\": {},\n    \"current medication\": {},\n    \"lifestyle factors\": {},\n    \"results of recent medical tests\": {\n        \"abdominal imaging study\": \"solid renal mass, approximately 5 cm in size, located peripherally in the right kidney\"\n    }\n}"}