{"condition_name": "Dyspnea in Advanced Cancer", "guideline": "guideline_gc.jsonl_237.json", "patient_nb": "3", "structured_patient": "{\n  \"symptoms\": [\n    {\n      \"name of the symptom\": \"increased dyspnea\",\n      \"intensity of symptom\": \"notable\",\n      \"specific attributes of the symptom\": {\n        \"location\": \"\",\n        \"Quality of\": \"persistent and distressing sensation of shortness of breath\",\n        \"temporalisation\": \"chronic, becoming more pronounced\"\n      },\n      \"When did the symptom appear\": \"\",\n      \"previous treatments\": \"adjustments in opioid therapy\",\n      \"reaction to previous treaments\": \"remains a significant burden\",\n      \"behaviour affecting the symptom\": \"limiting physical activities\"\n    },\n    {\n      \"name of the symptom\": \"pain\",\n      \"intensity of symptom\": \"6/10\",\n      \"specific attributes of the symptom\": {\n        \"location\": \"\",\n        \"Quality of\": \"\",\n        \"temporalisation\": \"\"\n      },\n      \"When did the symptom appear\": \"\",\n      \"previous treatments\": \"unknown\",\n      \"reaction to previous treaments\": \"\",\n      \"behaviour affecting the symptom\": \"\"\n    },\n    {\n      \"name of the symptom\": \"nocturnal difficult breathing\",\n      \"intensity of symptom\": \"\",\n      \"specific attributes of the symptom\": {\n        \"location\": \"\",\n        \"Quality of\": \"episodes often accompanied by anxiety\",\n        \"temporalisation\": \"nocturnal\"\n      },\n      \"When did the symptom appear\": \"\",\n      \"previous treatments\": \"unknown\",\n      \"reaction to previous treaments\": \"\",\n      \"behaviour affecting the symptom\": \"\"\n    }\n  ],\n  \"socio economic context\": {},\n  \"geographic_context\": {\n    \"location\": \"\",\n    \"recent travels\": \"\",\n    \"level of care\": \"\"\n  },\n  \"physiological context\": {},\n  \"psychological context\": {},\n  \"personal medical_history\": {\n    \"advanced prostate cancer\": \"history\",\n    \"opioid therapy\": \"\"\n  },\n  \"family medical_history\": {},\n  \"current medication\": {},\n  \"lifestyle factors\": {},\n  \"results of recent medical tests\": {}\n}"}