{"condition_name": "Prostate Cancer Screening", "guideline": "guideline_aafp.jsonl_38.json", "patient_nb": "2", "structured_patient": "{\n    \"symptoms\": [\n        {\n            \"name of the symptom\": \"increased urinary frequency\",\n            \"intensity of symptom\": \"mild\",\n            \"specific attributes of the symptom\": {\n                \"location\": \"lower urinary tract\",\n                \"Quality of\": \"urinary frequency\",\n                \"temporalisation\": \"more frequent during the day and once at night\"\n            },\n            \"When did the symptom appear\": \"\",\n            \"previous treatments\": \"none\",\n            \"reaction to previous treatments\": \"\",\n            \"behaviour affecting the symptom\": \"aging\"\n        },\n        {\n            \"name of the symptom\": \"weak urinary stream\",\n            \"intensity of symptom\": \"mild\",\n            \"specific attributes of the symptom\": {\n                \"location\": \"lower urinary tract\",\n                \"Quality of\": \"urinary stream\",\n                \"temporalisation\": \"\"\n            },\n            \"When did the symptom appear\": \"\",\n            \"previous treatments\": \"none\",\n            \"reaction to previous treatments\": \"\",\n            \"behaviour affecting the symptom\": \"aging\"\n        }\n    ],\n    \"socio economic context\": {},\n    \"geographic_context\": {\n        \"location\": \"\",\n        \"recent travels\": \"\",\n        \"level of care\": \"\"\n    },\n    \"physiological context\": {},\n    \"psychological context\": {},\n    \"personal medical_history\": {},\n    \"family medical_history\": {\n        \"prostate cancer\": \"no family history\"\n    },\n    \"current medication\": {},\n    \"lifestyle factors\": {},\n    \"results of recent medical tests\": {\n        \"digital rectal examination\": \"slightly enlarged prostate\",\n        \"PSA levels\": \"elevated (8 ng/ml)\"\n    }\n}"}