{"condition_name": "Chyle leak or discharge", "guideline": "guideline_nice.jsonl_55.json", "patient_nb": "1", "structured_patient": "{\n    \"symptoms\": [\n        {\n            \"name of the symptom\": \"delayed wound healing\",\n            \"intensity of symptom\": \"unspecified\",\n            \"specific attributes of the symptom\": {\n                \"location\": \"post-operative wound sites\",\n                \"Quality of\": \"prolonged, non-healing\",\n                \"temporalisation\": \"delayed following surgical procedure\"\n            },\n            \"When did the symptom appear\": \"after the thoracic surgery\",\n            \"previous treatments\": \"unspecified\",\n            \"reaction to previous treatments\": \"unspecified\",\n            \"behaviour affecting the symptom\": \"unspecified\"\n        },\n        {\n            \"name of the symptom\": \"persistent dehydration\",\n            \"intensity of symptom\": \"unspecified\",\n            \"specific attributes of the symptom\": {\n                \"location\": \"\",\n                \"Quality of\": \"chronic\",\n                \"temporalisation\": \"persistent\"\n            },\n            \"When did the symptom appear\": \"unspecified\",\n            \"previous treatments\": \"unspecified\",\n            \"reaction to previous treatments\": \"unspecified\",\n            \"behaviour affecting the symptom\": \"adequate oral intake does not alleviate\"\n        },\n        {\n            \"name of the symptom\": \"malnutrition\",\n            \"intensity of symptom\": \"unspecified\",\n            \"specific attributes of the symptom\": {\n                \"location\": \"\",\n                \"Quality of\": \"nutritional deficiency\",\n                \"temporalisation\": \"persistent\"\n            },\n            \"When did the symptom appear\": \"unspecified\",\n            \"previous treatments\": \"unspecified\",\n            \"reaction to previous treatments\": \"unspecified\",\n            \"behaviour affecting the symptom\": \"unspecified\"\n        },\n        {\n            \"name of the symptom\": \"dyspnea\",\n            \"intensity of symptom\": \"mild\",\n            \"specific attributes of the symptom\": {\n                \"location\": \"\",\n                \"Quality of\": \"shortness of breath\",\n                \"temporalisation\": \"during exertion\"\n            },\n            \"When did the symptom appear\": \"unspecified\",\n            \"previous treatments\": \"unspecified\",\n            \"reaction to previous treatments\": \"unspecified\",\n            \"behaviour affecting the symptom\": \"physical exertion\"\n        }\n    ],\n    \"socio economic context\": {},\n    \"geographic_context\": {\n        \"location\": \"\",\n        \"recent travels\": \"\",\n        \"level of care\": \"\"\n    },\n    \"physiological context\": {},\n    \"psychological context\": {},\n    \"personal medical_history\": {\n        \"thoracic surgery\": \"history of\"\n    },\n    \"family medical_history\": {},\n    \"current medication\": {\n        \"immunosuppression\": \"long-term steroid use\"\n    },\n    \"lifestyle factors\": {},\n    \"results of recent medical tests\": {}\n}"}