{"condition_name": "PMRT for patients with T1-2 breast cancer with one to three positive axillary nodes", "guideline": "guideline_gc.jsonl_198.json", "patient_nb": "3", "structured_patient": "{\n    \"symptoms\": [\n        {\n            \"name of the symptom\": \"Fear of cancer recurrence\",\n            \"intensity of symptom\": \"Significant distress and heightened anxiety\",\n            \"specific attributes of the symptom\": {\n                \"location\": \"\",\n                \"Quality of\": \"\",\n                \"temporalisation\": \"\"\n            },\n            \"When did the symptom appear\": \"During recent clinical visit\",\n            \"previous treatments\": \"Neoadjuvant systemic therapy (NAST)\",\n            \"reaction to previous treaments\": \"Not mentioned\",\n            \"behaviour affecting the symptom\": \"Persistent focus on potential recurrence\"\n        }\n    ],\n    \"socio economic context\": {},\n    \"geographic_context\": {\n        \"location\": \"\",\n        \"recent travels\": \"\",\n        \"level of care\": \"Regular follow-up care\"\n    },\n    \"physiological context\": {\n        \"hormonal sensitivity\": \"Strong\"\n    },\n    \"psychological context\": {\n        \"recurring fear of cancer\": \"Expressed by patient as a prominent clinical issue causing distress\"\n    },\n    \"personal medical_history\": {},\n    \"family medical_history\": {},\n    \"current medication\": {},\n    \"lifestyle factors\": {},\n    \"results of recent medical tests\": {}\n}"}