{"condition_name": "Eucalyptus oil poisoning", "guideline": "guideline_rch.jsonl_180.json", "patient_nb": "1", "structured_patient": "{\n    \"symptoms\": [\n        {\n            \"name of the symptom\": \"CNS depression\",\n            \"intensity of symptom\": \"severe\",\n            \"specific attributes of the symptom\": {\n                \"location\": \"central nervous system\",\n                \"Quality of\": \"depressed activity\",\n                \"temporalisation\": \"post-ingestion\"\n            },\n            \"When did the symptom appear\": \"post-ingestion\",\n            \"previous treatments\": \"\",\n            \"reaction to previous treaments\": \"\",\n            \"behaviour affecting the symptom\": \"ingestion of eucalyptus oil\"\n        },\n        {\n            \"name of the symptom\": \"respiratory compromise\",\n            \"intensity of symptom\": \"significant\",\n            \"specific attributes of the symptom\": {\n                \"location\": \"respiratory system\",\n                \"Quality of\": \"impaired function\",\n                \"temporalisation\": \"post-ingestion\"\n            },\n            \"When did the symptom appear\": \"post-ingestion\",\n            \"previous treatments\": \"\",\n            \"reaction to previous treaments\": \"\",\n            \"behaviour affecting the symptom\": \"ingestion of eucalyptus oil\"\n        },\n        {\n            \"name of the symptom\": \"drowsiness\",\n            \"intensity of symptom\": \"moderate\",\n            \"specific attributes of the symptom\": {\n                \"location\": \"general\",\n                \"Quality of\": \"excessive sleepiness\",\n                \"temporalisation\": \"post-ingestion\"\n            },\n            \"When did the symptom appear\": \"post-ingestion\",\n            \"previous treatments\": \"\",\n            \"reaction to previous treaments\": \"\",\n            \"behaviour affecting the symptom\": \"ingestion of eucalyptus oil\"\n        },\n        {\n            \"name of the symptom\": \"ataxia\",\n            \"intensity of symptom\": \"mild\",\n            \"specific attributes of the symptom\": {\n                \"location\": \"muscular coordination\",\n                \"Quality of\": \"impaired coordination\",\n                \"temporalisation\": \"post-ingestion\"\n            },\n            \"When did the symptom appear\": \"post-ingestion\",\n            \"previous treatments\": \"\",\n            \"reaction to previous treaments\": \"\",\n            \"behaviour affecting the symptom\": \"ingestion of eucalyptus oil\"\n        },\n        {\n            \"name of the symptom\": \"dizziness\",\n            \"intensity of symptom\": \"moderate\",\n            \"specific attributes of the symptom\": {\n                \"location\": \"balance and orientation\",\n                \"Quality of\": \"lightheadedness\",\n                \"temporalisation\": \"post-ingestion\"\n            },\n            \"When did the symptom appear\": \"post-ingestion\",\n            \"previous treatments\": \"\",\n            \"reaction to previous treaments\": \"\",\n            \"behaviour affecting the symptom\": \"ingestion of eucalyptus oil\"\n        },\n        {\n            \"name of the symptom\": \"mydriasis\",\n            \"intensity of symptom\": \"mild\",\n            \"specific attributes of the symptom\": {\n                \"location\": \"pupils\",\n                \"Quality of\": \"dilated\",\n                \"temporalisation\": \"post-ingestion\"\n            },\n            \"When did the symptom appear\": \"post-ingestion\",\n            \"previous treatments\": \"\",\n            \"reaction to previous treaments\": \"\",\n            \"behaviour affecting the symptom\": \"ingestion of eucalyptus oil\"\n        },\n        {\n            \"name of the symptom\": \"epigastric pain\",\n            \"intensity of symptom\": \"moderate\",\n            \"specific attributes of the symptom\": {\n                \"location\": \"upper abdomen\",\n                \"Quality of\": \"pain or discomfort\",\n                \"temporalisation\": \"post-ingestion\"\n            },\n            \"When did the symptom appear\": \"post-ingestion\",\n            \"previous treatments\": \"\",\n            \"reaction to previous treaments\": \"\",\n            \"behaviour affecting the symptom\": \"ingestion of eucalyptus oil\"\n        },\n        {\n            \"name of the symptom\": \"persistent nausea\",\n            \"intensity of symptom\": \"mild\",\n            \"specific attributes of the symptom\": {\n                \"location\": \"stomach\",\n                \"Quality of\": \"nauseous sensation\",\n                \"temporalisation\": \"post-ingestion\"\n            },\n            \"When did the symptom appear\": \"post-ingestion\",\n            \"previous treatments\": \"\",\n            \"reaction to previous treaments\": \"\",\n            \"behaviour affecting the symptom\": \"ingestion of eucalyptus oil\"\n        },\n        {\n            \"name of the symptom\": \"vomiting\",\n            \"intensity of symptom\": \"severe\",\n            \"specific attributes of the symptom\": {\n                \"location\": \"stomach\",\n                \"Quality of\": \"expulsion of stomach contents\",\n                \"temporalisation\": \"post-ingestion\"\n            },\n            \"When did the symptom appear\": \"post-ingestion\",\n            \"previous treatments\": \"\",\n            \"reaction to previous treaments\": \"\",\n            \"behaviour affecting the symptom\": \"ingestion of eucalyptus oil\"\n        },\n        {\n            \"name of the symptom\": \"diarrhea\",\n            \"intensity of symptom\": \"moderate\",\n            \"specific attributes of the symptom\": {\n                \"location\": \"intestines\",\n                \"Quality of\": \"loose and frequent bowel movements\",\n                \"temporalisation\": \"post-ingestion\"\n            },\n            \"When did the symptom appear\": \"post-ingestion\",\n            \"previous treatments\": \"\",\n            \"reaction to previous treaments\": \"\",\n            \"behaviour affecting the symptom\": \"ingestion of eucalyptus oil\"\n        },\n        {\n            \"name of the symptom\": \"tachycardia\",\n            \"intensity of symptom\": \"mild\",\n            \"specific attributes of the symptom\": {\n                \"location\": \"heart\",\n                \"Quality of\": \"rapid heartbeat\",\n                \"temporalisation\": \"post-ingestion\"\n            },\n            \"When did the symptom appear\": \"post-ingestion\",\n            \"previous treatments\": \"\",\n            \"reaction to previous treaments\": \"\",\n            \"behaviour affecting the symptom\": \"ingestion of eucalyptus oil\"\n        },\n        {\n            \"name of the symptom\": \"mild hypotension\",\n            \"intensity of symptom\": \"mild\",\n            \"specific attributes of the symptom\": {\n                \"location\": \"blood pressure\",\n                \"Quality of\": \"low blood pressure\",\n                \"temporalisation\": \"post-ingestion\"\n            },\n            \"When did the symptom appear\": \"post-ingestion\",\n            \"previous treatments\": \"\",\n            \"reaction to previous treaments\": \"\",\n            \"behaviour affecting the symptom\": \"ingestion of eucalyptus oil\"\n        }\n    ],\n    \"socio economic context\": {},\n    \"geographic_context\": {\n        \"location\": \"emergency department\",\n        \"recent travels\": \"\",\n        \"level of care\": \"requires immediate intervention\"\n    },\n    \"physiological context\": {},\n    \"psychological context\": {},\n    \"personal medical_history\": {\n        \"anxiety\": \"known history of anxiety\"\n    },\n    \"family medical_history\": {},\n    \"current medication\": {},\n    \"lifestyle factors\": {},\n    \"results of recent medical tests\": {}\n}"}