{"condition_name": "Vertebral compression fractures", "guideline": "guideline_nice.jsonl_1525.json", "patient_nb": "1", "structured_patient": "{\n    \"symptoms\": [\n        {\n            \"name of the symptom\": \"persistent localized pain\",\n            \"intensity of symptom\": \"7/10\",\n            \"specific attributes of the symptom\": {\n                \"location\": \"lower back region\",\n                \"Quality of\": \"sharp\",\n                \"temporalisation\": \"past six months, notably worsened over time\"\n            },\n            \"When did the symptom appear\": \"past six months\",\n            \"previous treatments\": \"\",\n            \"reaction to previous treaments\": \"\",\n            \"behaviour affecting the symptom\": \"increased risk of falls in daily activities\"\n        },\n        {\n            \"name of the symptom\": \"progressive spinal deformity\",\n            \"intensity of symptom\": \"\",\n            \"specific attributes of the symptom\": {\n                \"location\": \"spine\",\n                \"Quality of\": \"abnormal curvature\",\n                \"temporalisation\": \"progressive\"\n            },\n            \"When did the symptom appear\": \"\",\n            \"previous treatments\": \"\",\n            \"reaction to previous treaments\": \"\",\n            \"behaviour affecting the symptom\": \"\"\n        }\n    ],\n    \"socio economic context\": {},\n    \"geographic_context\": {\n        \"location\": \"\",\n        \"recent travels\": \"\",\n        \"level of care\": \"\"\n    },\n    \"physiological context\": {},\n    \"psychological context\": {},\n    \"personal medical_history\": {\n        \"chronic steroid usage\": \"due to a previous autoimmune condition\"\n    },\n    \"family medical_history\": {},\n    \"current medication\": {},\n    \"lifestyle factors\": {},\n    \"results of recent medical tests\": {}\n}"}