{"condition_name": "Galactorrhea", "guideline": "guideline_mayo.jsonl_413.json", "patient_nb": "3", "structured_patient": "{\n  \"symptoms\": [\n    {\n      \"name of the symptom\": \"milky discharge from left nipple\",\n      \"intensity of symptom\": \"\",\n      \"specific attributes of the symptom\": {\n        \"location\": \"left nipple\",\n        \"Quality of\": \"milky\",\n        \"temporalisation\": \"intermittent\"\n      },\n      \"When did the symptom appear\": \"\",\n      \"previous treatments\": \"surgical removal of a benign breast lump\",\n      \"reaction to previous treatments\": \"\",\n      \"behaviour affecting the symptom\": \"manual expression of discharge\"\n    },\n    {\n      \"name of the symptom\": \"irregular menstrual periods\",\n      \"intensity of symptom\": \"\",\n      \"specific attributes of the symptom\": {\n        \"location\": \"\",\n        \"Quality of\": \"\",\n        \"temporalisation\": \"irregular\"\n      },\n      \"When did the symptom appear\": \"\",\n      \"previous treatments\": \"unknown\",\n      \"reaction to previous treatments\": \"\",\n      \"behaviour affecting the symptom\": \"\"\n    },\n    {\n      \"name of the symptom\": \"headaches\",\n      \"intensity of symptom\": \"\",\n      \"specific attributes of the symptom\": {\n        \"location\": \"\",\n        \"Quality of\": \"occasional\",\n        \"temporalisation\": \"\"\n      },\n      \"When did the symptom appear\": \"\",\n      \"previous treatments\": \"unknown\",\n      \"reaction to previous treatments\": \"\",\n      \"behaviour affecting the symptom\": \"\"\n    },\n    {\n      \"name of the symptom\": \"vision problems\",\n      \"intensity of symptom\": \"\",\n      \"specific attributes of the symptom\": {\n        \"location\": \"\",\n        \"Quality of\": \"\",\n        \"temporalisation\": \"newly developed\"\n      },\n      \"When did the symptom appear\": \"\",\n      \"previous treatments\": \"unknown\",\n      \"reaction to previous treatments\": \"\",\n      \"behaviour affecting the symptom\": \"\"\n    }\n  ],\n  \"socio economic context\": {},\n  \"geographic_context\": {\n    \"location\": \"\",\n    \"recent travels\": \"\",\n    \"level of care\": \"\"\n  },\n  \"physiological context\": {},\n  \"psychological context\": {},\n  \"personal medical_history\": {\n    \"history of irregular menstrual periods\": {\n      \"details\": \"persisted despite removal of benign breast lump\",\n      \"diagnosis date\": \"\",\n      \"treatment history\": \"\",\n      \"response to treatment\": \"\"\n    },\n    \"prior breast lump\": {\n      \"details\": \"surgically removed\",\n      \"diagnosis date\": \"\",\n      \"treatment history\": \"surgical removal\",\n      \"response to treatment\": \"\"\n    }\n  },\n  \"family medical_history\": {},\n  \"current medication\": {},\n  \"lifestyle factors\": {},\n  \"results of recent medical tests\": {}\n}"}