{"condition_name": "Meralgia paresthetica", "guideline": "guideline_mayo.jsonl_632.json", "patient_nb": "4", "structured_patient": "{\n    \"symptoms\": [\n        {\n            \"name of the symptom\": \"aching, burning pain\",\n            \"intensity of symptom\": \"5/10\",\n            \"specific attributes of the symptom\": {\n                \"location\": \"right thigh\",\n                \"Quality of\": \"aching, burning\",\n                \"temporalisation\": \"\"\n            },\n            \"When did the symptom appear\": \"during pregnancy\",\n            \"previous treatments\": \"\",\n            \"reaction to previous treatments\": \"\",\n            \"behaviour affecting the symptom\": \"associated with weight gain\"\n        },\n        {\n            \"name of the symptom\": \"tingling\",\n            \"intensity of symptom\": \"\",\n            \"specific attributes of the symptom\": {\n                \"location\": \"right thigh\",\n                \"Quality of\": \"tingling\",\n                \"temporalisation\": \"\"\n            },\n            \"When did the symptom appear\": \"during pregnancy\",\n            \"previous treatments\": \"\",\n            \"reaction to previous treatments\": \"\",\n            \"behaviour affecting the symptom\": \"associated with weight gain\"\n        },\n        {\n            \"name of the symptom\": \"numbness\",\n            \"intensity of symptom\": \"\",\n            \"specific attributes of the symptom\": {\n                \"location\": \"right thigh\",\n                \"Quality of\": \"numbness\",\n                \"temporalisation\": \"\"\n            },\n            \"When did the symptom appear\": \"during pregnancy\",\n            \"previous treatments\": \"\",\n            \"reaction to previous treatments\": \"\",\n            \"behaviour affecting the symptom\": \"associated with weight gain\"\n        },\n        {\n            \"name of the symptom\": \"increased sensitivity\",\n            \"intensity of symptom\": \"\",\n            \"specific attributes of the symptom\": {\n                \"location\": \"right thigh\",\n                \"Quality of\": \"increased sensitivity\",\n                \"temporalisation\": \"\"\n            },\n            \"When did the symptom appear\": \"during pregnancy\",\n            \"previous treatments\": \"\",\n            \"reaction to previous treatments\": \"\",\n            \"behaviour affecting the symptom\": \"associated with weight gain\"\n        },\n        {\n            \"name of the symptom\": \"pain with light touch\",\n            \"intensity of symptom\": \"\",\n            \"specific attributes of the symptom\": {\n                \"location\": \"right thigh\",\n                \"Quality of\": \"pain with light touch\",\n                \"temporalisation\": \"\"\n            },\n            \"When did the symptom appear\": \"during pregnancy\",\n            \"previous treatments\": \"\",\n            \"reaction to previous treatments\": \"\",\n            \"behaviour affecting the symptom\": \"associated with weight gain\"\n        }\n    ],\n    \"socio economic context\": {},\n    \"geographic_context\": {\n        \"location\": \"\",\n        \"recent travels\": \"\",\n        \"level of care\": \"\"\n    },\n    \"physiological context\": {},\n    \"psychological context\": {},\n    \"personal medical_history\": {\n        \"pregnancy\": \"third trimester\"\n    },\n    \"family medical_history\": {},\n    \"current medication\": {},\n    \"lifestyle factors\": {},\n    \"results of recent medical tests\": {}\n}"}