{"condition_name": "Basal cell carcinoma (BCC), Squamous cell carcinoma (SCC)", "guideline": "guideline_nice.jsonl_1134.json", "patient_nb": "2", "structured_patient": "{\n  \"symptoms\": [\n    {\n      \"name of the symptom\": \"persistent, scaly, and slightly tender skin patch\",\n      \"intensity of symptom\": \"3/10\",\n      \"specific attributes of the symptom\": {\n        \"location\": \"right forearm\",\n        \"Quality of\": \"scaling and tenderness\",\n        \"temporalisation\": \"gradual increase over a year\"\n      },\n      \"When did the symptom appear\": \"over a year ago\",\n      \"previous treatments\": \"over-the-counter corticosteroid creams\",\n      \"reaction to previous treaments\": \"no improvement\",\n      \"behaviour affecting the symptom\": \"prolonged sun exposure, outdoor lifestyle\"\n    },\n    {\n      \"name of the symptom\": \"itching\",\n      \"intensity of symptom\": \"\",\n      \"specific attributes of the symptom\": {\n        \"location\": \"affected area (right forearm)\",\n        \"Quality of\": \"itching sensation\",\n        \"temporalisation\": \"occasional\"\n      },\n      \"When did the symptom appear\": \"\",\n      \"previous treatments\": \"\",\n      \"reaction to previous treaments\": \"\",\n      \"behaviour affecting the symptom\": \"prolonged sun exposure, outdoor lifestyle\"\n    }\n  ],\n  \"socio economic context\": {},\n  \"geographic_context\": {\n    \"location\": \"\",\n    \"recent travels\": \"\",\n    \"level of care\": \"\"\n  },\n  \"physiological context\": {},\n  \"psychological context\": {},\n  \"personal medical_history\": {\n    \"prolonged sun exposure\": \"significant history\"\n  },\n  \"family medical_history\": {},\n  \"current medication\": {},\n  \"lifestyle factors\": {\n    \"occupation\": \"outdoor recreational instructor\"\n  },\n  \"results of recent medical tests\": {}\n}"}