{"condition_name": "Edema", "guideline": "guideline_mayo.jsonl_344.json", "patient_nb": "1", "structured_patient": "{\n    \"symptoms\": [\n        {\n            \"name of the symptom\": \"swelling\",\n            \"intensity of symptom\": \"noticeable\",\n            \"specific attributes of the symptom\": {\n                \"location\": \"legs\",\n                \"Quality of\": \"puffiness, feeling stretched and shiny, persistent dimpling (pitting) upon pressure\",\n                \"temporalisation\": \"persist, primarily in one leg\"\n            },\n            \"When did the symptom appear\": \"recently\",\n            \"previous treatments\": \"prescribed diuretic regimen\",\n            \"reaction to previous treatments\": \"insufficient relief\",\n            \"behaviour affecting the symptom\": \"prolonged sitting due to desk job\"\n        },\n        {\n            \"name of the symptom\": \"shortness of breath\",\n            \"intensity of symptom\": \"episodes\",\n            \"specific attributes of the symptom\": {\n                \"location\": \"\",\n                \"Quality of\": \"\",\n                \"temporalisation\": \"\"\n            },\n            \"When did the symptom appear\": \"recently\",\n            \"previous treatments\": \"\",\n            \"reaction to previous treatments\": \"\",\n            \"behaviour affecting the symptom\": \"\"\n        },\n        {\n            \"name of the symptom\": \"irregular heartbeat\",\n            \"intensity of symptom\": \"\",\n            \"specific attributes of the symptom\": {\n                \"location\": \"\",\n                \"Quality of\": \"\",\n                \"temporalisation\": \"\"\n            },\n            \"When did the symptom appear\": \"recently\",\n            \"previous treatments\": \"\",\n            \"reaction to previous treatments\": \"\",\n            \"behaviour affecting the symptom\": \"\"\n        },\n        {\n            \"name of the symptom\": \"leg heaviness\",\n            \"intensity of symptom\": \"constant feeling\",\n            \"specific attributes of the symptom\": {\n                \"location\": \"legs\",\n                \"Quality of\": \"\",\n                \"temporalisation\": \"\"\n            },\n            \"When did the symptom appear\": \"recently\",\n            \"previous treatments\": \"prescribed diuretic regimen\",\n            \"reaction to previous treatments\": \"insufficient relief\",\n            \"behaviour affecting the symptom\": \"prolonged sitting due to desk job\"\n        }\n    ],\n    \"socio economic context\": {},\n    \"geographic_context\": {\n        \"location\": \"\",\n        \"recent travels\": \"\",\n        \"level of care\": \"\"\n    },\n    \"physiological context\": {},\n    \"psychological context\": {},\n    \"personal medical_history\": {\n        \"congestive heart failure\": \"history of\"\n    },\n    \"family medical_history\": {},\n    \"current medication\": {\n        \"diuretic\": \"prescribed regimen\"\n    },\n    \"lifestyle factors\": {\n        \"job\": \"desk job involving prolonged sitting\"\n    },\n    \"results of recent medical tests\": {}\n}"}