{"condition_name": "Hypertrophic obstructive cardiomyopathy (HOCM)", "guideline": "guideline_nice.jsonl_1626.json", "patient_nb": "2", "structured_patient": "{\n  \"symptoms\": [\n    {\n      \"name of the symptom\": \"chest pain\",\n      \"intensity of symptom\": \"6/10\",\n      \"specific attributes of the symptom\": {\n        \"location\": \"chest\",\n        \"Quality of\": \"pain\",\n        \"temporalisation\": \"frequently induced by physical exertion and alleviated by rest\"\n      },\n      \"When did the symptom appear\": \"6 months ago\",\n      \"previous treatments\": \"\",\n      \"reaction to previous treaments\": \"\",\n      \"behaviour affecting the symptom\": \"physical exertion\"\n    },\n    {\n      \"name of the symptom\": \"breathlessness\",\n      \"intensity of symptom\": \"\",\n      \"specific attributes of the symptom\": {\n        \"location\": \"\",\n        \"Quality of\": \"sensation of breathlessness\",\n        \"temporalisation\": \"during strenuous activities\"\n      },\n      \"When did the symptom appear\": \"concurrently with chest pain\",\n      \"previous treatments\": \"\",\n      \"reaction to previous treaments\": \"\",\n      \"behaviour affecting the symptom\": \"strenuous activities\"\n    },\n    {\n      \"name of the symptom\": \"palpitations\",\n      \"intensity of symptom\": \"\",\n      \"specific attributes of the symptom\": {\n        \"location\": \"\",\n        \"Quality of\": \"intermittent palpitations\",\n        \"temporalisation\": \"\"\n      },\n      \"When did the symptom appear\": \"concurrently with chest pain\",\n      \"previous treatments\": \"\",\n      \"reaction to previous treaments\": \"\",\n      \"behaviour affecting the symptom\": \"\"\n    },\n    {\n      \"name of the symptom\": \"breathlessness\",\n      \"intensity of symptom\": \"\",\n      \"specific attributes of the symptom\": {\n        \"location\": \"\",\n        \"Quality of\": \"sensation of breathlessness\",\n        \"temporalisation\": \"during strenuous activities\"\n      },\n      \"When did the symptom appear\": \"concurrently with palpitations\",\n      \"previous treatments\": \"\",\n      \"reaction to previous treaments\": \"\",\n      \"behaviour affecting the symptom\": \"strenuous activities\"\n    },\n    {\n      \"name of the symptom\": \"lightheadedness\",\n      \"intensity of symptom\": \"\",\n      \"specific attributes of the symptom\": {\n        \"location\": \"\",\n        \"Quality of\": \"feeling of lightheadedness\",\n        \"temporalisation\": \"\"\n      },\n      \"When did the symptom appear\": \"concurrently with palpitations\",\n      \"previous treatments\": \"\",\n      \"reaction to previous treaments\": \"\",\n      \"behaviour affecting the symptom\": \"\"\n    }\n  ],\n  \"socio economic context\": {},\n  \"geographic_context\": {\n    \"location\": \"\",\n    \"recent travels\": \"\",\n    \"level of care\": \"\"\n  },\n  \"physiological context\": {},\n  \"psychological context\": {},\n  \"personal medical_history\": {},\n  \"family medical_history\": {},\n  \"current medication\": {},\n  \"lifestyle factors\": {},\n  \"results of recent medical tests\": {}\n}"}