{"condition_name": "Ovarian Cancer: Screening", "guideline": "guideline_usp.jsonl_71.json", "patient_nb": "3", "structured_patient": "{\n  \"symptoms\": [\n    {\n      \"name of the symptom\": \"chronic fatigue\",\n      \"intensity of symptom\": \"not specified\",\n      \"specific attributes of the symptom\": {\n        \"location\": \"\",\n        \"Quality of\": \"fatigue\",\n        \"temporalisation\": \"chronic\"\n      },\n      \"When did the symptom appear\": \"not specified\",\n      \"previous treatments\": \"\",\n      \"reaction to previous treatments\": \"\",\n      \"behaviour affecting the symptom\": \"demanding work schedule and lifestyle\"\n    },\n    {\n      \"name of the symptom\": \"bloating\",\n      \"intensity of symptom\": \"not specified\",\n      \"specific attributes of the symptom\": {\n        \"location\": \"abdomen\",\n        \"Quality of\": \"distension, fullness\",\n        \"temporalisation\": \"persistent\"\n      },\n      \"When did the symptom appear\": \"last two months\",\n      \"previous treatments\": \"\",\n      \"reaction to previous treatments\": \"\",\n      \"behaviour affecting the symptom\": \"\"\n    },\n    {\n      \"name of the symptom\": \"abdominal pain\",\n      \"intensity of symptom\": \"5/10\",\n      \"specific attributes of the symptom\": {\n        \"location\": \"abdomen\",\n        \"Quality of\": \"pain\",\n        \"temporalisation\": \"intermittent\"\n      },\n      \"When did the symptom appear\": \"last two months\",\n      \"previous treatments\": \"\",\n      \"reaction to previous treatments\": \"\",\n      \"behaviour affecting the symptom\": \"\"\n    },\n    {\n      \"name of the symptom\": \"pressure in abdomen\",\n      \"intensity of symptom\": \"not specified\",\n      \"specific attributes of the symptom\": {\n        \"location\": \"abdomen\",\n        \"Quality of\": \"pressure\",\n        \"temporalisation\": \"intermittent\"\n      },\n      \"When did the symptom appear\": \"last two months\",\n      \"previous treatments\": \"\",\n      \"reaction to previous treatments\": \"\",\n      \"behaviour affecting the symptom\": \"\"\n    },\n    {\n      \"name of the symptom\": \"increased frequency\",\n      \"intensity of symptom\": \"not specified\",\n      \"specific attributes of the symptom\": {\n        \"location\": \"urinary\",\n        \"Quality of\": \"\",\n        \"temporalisation\": \"\"\n      },\n      \"When did the symptom appear\": \"recently\",\n      \"previous treatments\": \"\",\n      \"reaction to previous treatments\": \"\",\n      \"behaviour affecting the symptom\": \"\"\n    },\n    {\n      \"name of the symptom\": \"mild discomfort\",\n      \"intensity of symptom\": \"not specified\",\n      \"specific attributes of the symptom\": {\n        \"location\": \"urinary\",\n        \"Quality of\": \"discomfort\",\n        \"temporalisation\": \"\"\n      },\n      \"When did the symptom appear\": \"recently\",\n      \"previous treatments\": \"\",\n      \"reaction to previous treatments\": \"\",\n      \"behaviour affecting the symptom\": \"\"\n    }\n  ],\n  \"socio economic context\": {},\n  \"geographic_context\": {\n    \"location\": \"\",\n    \"recent travels\": \"\",\n    \"level of care\": \"\"\n  },\n  \"physiological context\": {},\n  \"psychological context\": {},\n  \"personal medical_history\": {},\n  \"family medical_history\": {},\n  \"current medication\": {},\n  \"lifestyle factors\": {},\n  \"results of recent medical tests\": {}\n}"}