{"condition_name": "Flatfeet", "guideline": "guideline_mayo.jsonl_399.json", "patient_nb": "2", "structured_patient": "{\n    \"symptoms\": [\n        {\n            \"name of the symptom\": \"foot pain\",\n            \"intensity of symptom\": \"7/10\",\n            \"specific attributes of the symptom\": {\n                \"location\": \"heel and arch regions\",\n                \"Quality of\": \"persistent\",\n                \"temporalisation\": \"exacerbated during weight-bearing activities\"\n            },\n            \"When did the symptom appear\": \"\",\n            \"previous treatments\": \"footwear modifications, over-the-counter pain relief\",\n            \"reaction to previous treaments\": \"ineffective\",\n            \"behaviour affecting the symptom\": \"weight-bearing activities\"\n        },\n        {\n            \"name of the symptom\": \"swelling\",\n            \"intensity of symptom\": \"\",\n            \"specific attributes of the symptom\": {\n                \"location\": \"along the inside of left ankle\",\n                \"Quality of\": \"\",\n                \"temporalisation\": \"\"\n            },\n            \"When did the symptom appear\": \"\",\n            \"previous treatments\": \"\",\n            \"reaction to previous treaments\": \"\",\n            \"behaviour affecting the symptom\": \"\"\n        }\n    ],\n    \"socio economic context\": {},\n    \"geographic_context\": {\n        \"location\": \"\",\n        \"recent travels\": \"\",\n        \"level of care\": \"\"\n    },\n    \"physiological context\": {},\n    \"psychological context\": {},\n    \"personal medical_history\": {\n        \"obesity\": \"present\"\n    },\n    \"family medical_history\": {},\n    \"current medication\": {},\n    \"lifestyle factors\": {\n        \"body mass index\": \"in the obese range\"\n    },\n    \"results of recent medical tests\": {}\n}"}