{"condition_name": "Dental Caries in Children Younger Than 5 Years", "guideline": "guideline_usp.jsonl_23.json", "patient_nb": "1", "structured_patient": "{\n    \"symptoms\": [\n        {\n            \"name of the symptom\": \"dental pain\",\n            \"intensity of symptom\": \"6/10\",\n            \"specific attributes of the symptom\": {\n                \"location\": \"\",\n                \"Quality of\": \"aching\",\n                \"temporalisation\": \"\"\n            },\n            \"When did the symptom appear\": \"\",\n            \"previous treatments\": \"\",\n            \"reaction to previous treaments\": \"\",\n            \"behaviour affecting the symptom\": \"frequent consumption of sugary foods\"\n        },\n        {\n            \"name of the symptom\": \"notable loss of teeth\",\n            \"intensity of symptom\": \"\",\n            \"specific attributes of the symptom\": {\n                \"location\": \"\",\n                \"Quality of\": \"progressive\",\n                \"temporalisation\": \"\"\n            },\n            \"When did the symptom appear\": \"\",\n            \"previous treatments\": \"\",\n            \"reaction to previous treaments\": \"\",\n            \"behaviour affecting the symptom\": \"poor oral hygiene, frequent consumption of sugary foods\"\n        }\n    ],\n    \"socio economic context\": {\n        \"family's socioeconomic status\": \"\"\n    },\n    \"geographic_context\": {\n        \"location\": \"\",\n        \"recent travels\": \"\",\n        \"level of care\": \"\"\n    },\n    \"physiological context\": {},\n    \"psychological context\": {},\n    \"personal medical_history\": {},\n    \"family medical_history\": {\n        \"pattern of poor oral health\": \"\"\n    },\n    \"current medication\": {},\n    \"lifestyle factors\": {\n        \"dietary habits\": \"frequent consumption of sugary foods\"\n    },\n    \"results of recent medical tests\": {}\n}"}