{"condition_name": "Ventricular Assist Device-Related Infections And Solid Organ Transplantation", "guideline": "guideline_gc.jsonl_798.json", "patient_nb": "3", "structured_patient": "{\n    \"symptoms\": [\n        {\n            \"name of the symptom\": \"unusual set of symptoms\",\n            \"intensity of symptom\": \"moderate\",\n            \"specific attributes of the symptom\": {\n                \"location\": \"not specified\",\n                \"Quality of\": \"not specified\",\n                \"temporalisation\": \"not specified\"\n            },\n            \"When did the symptom appear\": \"presenting\",\n            \"previous treatments\": \"unknown\",\n            \"reaction to previous treaments\": \"unknown\",\n            \"behaviour affecting the symptom\": \"unknown\"\n        },\n        {\n            \"name of the symptom\": \"local inflammation\",\n            \"intensity of symptom\": \"moderate\",\n            \"specific attributes of the symptom\": {\n                \"location\": \"transplanted liver\",\n                \"Quality of\": \"unknown\",\n                \"temporalisation\": \"not specified\"\n            },\n            \"When did the symptom appear\": \"unknown\",\n            \"previous treatments\": \"unknown\",\n            \"reaction to previous treaments\": \"unknown\",\n            \"behaviour affecting the symptom\": \"unknown\"\n        }\n    ],\n    \"socio economic context\": {},\n    \"geographic_context\": {\n        \"location\": \"not specified\",\n        \"recent travels\": \"unknown\",\n        \"level of care\": \"transplant recipient, immunosuppressive therapy\"\n    },\n    \"physiological context\": {},\n    \"psychological context\": {},\n    \"personal medical_history\": {\n        \"solid organ transplantation\": \"liver\"\n    },\n    \"family medical_history\": {},\n    \"current medication\": {\n        \"immunosuppressive therapy\": \"being maintained\"\n    },\n    \"lifestyle factors\": {},\n    \"results of recent medical tests\": {}\n}"}