{"condition_name": "Prominent ears", "guideline": "guideline_nice.jsonl_547.json", "patient_nb": "3", "structured_patient": "{\n    \"symptoms\": [\n        {\n            \"name of the symptom\": \"prominently protruding ears\",\n            \"intensity of symptom\": \"\",\n            \"specific attributes of the symptom\": {\n                \"location\": \"ears\",\n                \"Quality of\": \"cosmetic concern affecting confidence\",\n                \"temporalisation\": \"lifelong\"\n            },\n            \"When did the symptom appear\": \"\",\n            \"previous treatments\": \"\",\n            \"reaction to previous treaments\": \"\",\n            \"behaviour affecting the symptom\": \"\"\n        }\n    ],\n    \"socio economic context\": {},\n    \"geographic_context\": {\n        \"location\": \"\",\n        \"recent travels\": \"\",\n        \"level of care\": \"\"\n    },\n    \"physiological context\": {},\n    \"psychological context\": {\n        \"confidence level\": \"affected in personal and professional settings\"\n    },\n    \"personal medical_history\": {\n        \"previous ear interventions\": \"none\"\n    },\n    \"family medical_history\": {\n        \"prominent ears\": \"no family history\"\n    },\n    \"current medication\": {},\n    \"lifestyle factors\": {},\n    \"results of recent medical tests\": {}\n}"}