{"condition_name": "Corneal endothelial dysfunction", "guideline": "guideline_nice.jsonl_1388.json", "patient_nb": "3", "structured_patient": "{\n    \"symptoms\": [\n        {\n            \"name of the symptom\": \"visual impairment\",\n            \"intensity of symptom\": \"gradual onset of blurriness and occasional episodes of decreased clarity\",\n            \"specific attributes of the symptom\": {\n                \"location\": \"right eye\",\n                \"Quality of\": \"corneal clouding\",\n                \"temporalisation\": \"persistent\"\n            },\n            \"When did the symptom appear\": \"recently\",\n            \"previous treatments\": \"topical ointments\",\n            \"reaction to previous treaments\": \"minimal improvement\",\n            \"behaviour affecting the symptom\": \"\"\n        },\n        {\n            \"name of the symptom\": \"discomfort\",\n            \"intensity of symptom\": \"5/10\",\n            \"specific attributes of the symptom\": {\n                \"location\": \"right eye\",\n                \"Quality of\": \"gritty sensation\",\n                \"temporalisation\": \"persistent\"\n            },\n            \"When did the symptom appear\": \"recently\",\n            \"previous treatments\": \"topical ointments\",\n            \"reaction to previous treaments\": \"minimal improvement\",\n            \"behaviour affecting the symptom\": \"\"\n        }\n    ],\n    \"socio economic context\": {},\n    \"geographic_context\": {\n        \"location\": \"\",\n        \"recent travels\": \"\",\n        \"level of care\": \"\"\n    },\n    \"physiological context\": {},\n    \"psychological context\": {},\n    \"personal medical_history\": {\n        \"corneal surgery\": \"past\"\n    },\n    \"family medical_history\": {},\n    \"current medication\": {},\n    \"lifestyle factors\": {},\n    \"results of recent medical tests\": {}\n}"}