{"condition_name": "Flu (influenza)", "guideline": "guideline_mayo.jsonl_542.json", "patient_nb": "3", "structured_patient": "{\n    \"symptoms\": [\n        {\n            \"name of the symptom\": \"fever\",\n            \"intensity of symptom\": \"101.8\u00b0F (38.8\u00b0C)\",\n            \"specific attributes of the symptom\": {\n                \"location\": \"\",\n                \"Quality of\": \"flu-like\",\n                \"temporalisation\": \"persisting\"\n            },\n            \"When did the symptom appear\": \"\",\n            \"previous treatments\": \"\",\n            \"reaction to previous treaments\": \"\",\n            \"behaviour affecting the symptom\": \"\"\n        },\n        {\n            \"name of the symptom\": \"muscle aches\",\n            \"intensity of symptom\": \"8 on a 10-point pain scale\",\n            \"specific attributes of the symptom\": {\n                \"location\": \"widespread\",\n                \"Quality of\": \"severe\",\n                \"temporalisation\": \"persisting\"\n            },\n            \"When did the symptom appear\": \"\",\n            \"previous treatments\": \"\",\n            \"reaction to previous treaments\": \"\",\n            \"behaviour affecting the symptom\": \"\"\n        },\n        {\n            \"name of the symptom\": \"chills\",\n            \"intensity of symptom\": \"\",\n            \"specific attributes of the symptom\": {\n                \"location\": \"\",\n                \"Quality of\": \"alternating with sweats\",\n                \"temporalisation\": \"\"\n            },\n            \"When did the symptom appear\": \"\",\n            \"previous treatments\": \"\",\n            \"reaction to previous treaments\": \"\",\n            \"behaviour affecting the symptom\": \"\"\n        },\n        {\n            \"name of the symptom\": \"sweats\",\n            \"intensity of symptom\": \"\",\n            \"specific attributes of the symptom\": {\n                \"location\": \"\",\n                \"Quality of\": \"alternating with chills\",\n                \"temporalisation\": \"\"\n            },\n            \"When did the symptom appear\": \"\",\n            \"previous treatments\": \"\",\n            \"reaction to previous treaments\": \"\",\n            \"behaviour affecting the symptom\": \"\"\n        },\n        {\n            \"name of the symptom\": \"dry cough\",\n            \"intensity of symptom\": \"\",\n            \"specific attributes of the symptom\": {\n                \"location\": \"chest\",\n                \"Quality of\": \"persistent\",\n                \"temporalisation\": \"\"\n            },\n            \"When did the symptom appear\": \"\",\n            \"previous treatments\": \"\",\n            \"reaction to previous treaments\": \"\",\n            \"behaviour affecting the symptom\": \"\"\n        },\n        {\n            \"name of the symptom\": \"chest discomfort\",\n            \"intensity of symptom\": \"6 on a scale of 10\",\n            \"specific attributes of the symptom\": {\n                \"location\": \"chest\",\n                \"Quality of\": \"significant\",\n                \"temporalisation\": \"\"\n            },\n            \"When did the symptom appear\": \"\",\n            \"previous treatments\": \"\",\n            \"reaction to previous treaments\": \"\",\n            \"behaviour affecting the symptom\": \"\"\n        },\n        {\n            \"name of the symptom\": \"shortness of breath\",\n            \"intensity of symptom\": \"\",\n            \"specific attributes of the symptom\": {\n                \"location\": \"\",\n                \"Quality of\": \"\",\n                \"temporalisation\": \"\"\n            },\n            \"When did the symptom appear\": \"\",\n            \"previous treatments\": \"\",\n            \"reaction to previous treaments\": \"\",\n            \"behaviour affecting the symptom\": \"\"\n        },\n        {\n            \"name of the symptom\": \"headache\",\n            \"intensity of symptom\": \"\",\n            \"specific attributes of the symptom\": {\n                \"location\": \"\",\n                \"Quality of\": \"throbbing\",\n                \"temporalisation\": \"constant\"\n            },\n            \"When did the symptom appear\": \"\",\n            \"previous treatments\": \"\",\n            \"reaction to previous treaments\": \"\",\n            \"behaviour affecting the symptom\": \"\"\n        },\n        {\n            \"name of the symptom\": \"vomiting\",\n            \"intensity of symptom\": \"\",\n            \"specific attributes of the symptom\": {\n                \"location\": \"\",\n                \"Quality of\": \"\",\n                \"temporalisation\": \"\"\n            },\n            \"When did the symptom appear\": \"\",\n            \"previous treatments\": \"\",\n            \"reaction to previous treaments\": \"\",\n            \"behaviour affecting the symptom\": \"\"\n        },\n        {\n            \"name of the symptom\": \"diarrhea\",\n            \"intensity of symptom\": \"\",\n            \"specific attributes of the symptom\": {\n                \"location\": \"\",\n                \"Quality of\": \"\",\n                \"temporalisation\": \"\"\n            },\n            \"When did the symptom appear\": \"\",\n            \"previous treatments\": \"\",\n            \"reaction to previous treaments\": \"\",\n            \"behaviour affecting the symptom\": \"\"\n        }\n    ],\n    \"socio economic context\": {},\n    \"geographic_context\": {\n        \"location\": \"\",\n        \"recent travels\": \"\",\n        \"level of care\": \"\"\n    },\n    \"physiological context\": {},\n    \"psychological context\": {},\n    \"personal medical_history\": {\n        \"obesity\": \"present\"\n    },\n    \"family medical_history\": {},\n    \"current medication\": {},\n    \"lifestyle factors\": {},\n    \"results of recent medical tests\": {}\n}"}