{"condition_name": "Heartburn", "guideline": "guideline_mayo.jsonl_469.json", "patient_nb": "3", "structured_patient": "{\n  \"symptoms\": [\n    {\n      \"name of the symptom\": \"chronic burning sensation in the chest\",\n      \"intensity of symptom\": \"8/10\",\n      \"specific attributes of the symptom\": {\n        \"location\": \"chest\",\n        \"Quality of\": \"burning\",\n        \"temporalisation\": \"post-meals and at night\"\n      },\n      \"When did the symptom appear\": \"chronic\",\n      \"previous treatments\": \"nonprescription medications\",\n      \"reaction to previous treatments\": \"symptoms have persisted\",\n      \"behaviour affecting the symptom\": \"lying down or bending over\"\n    },\n    {\n      \"name of the symptom\": \"bitter taste in mouth\",\n      \"intensity of symptom\": \"\",\n      \"specific attributes of the symptom\": {\n        \"location\": \"mouth\",\n        \"Quality of\": \"bitter\",\n        \"temporalisation\": \"persistent\"\n      },\n      \"When did the symptom appear\": \"chronic\",\n      \"previous treatments\": \"nonprescription medications\",\n      \"reaction to previous treatments\": \"symptoms have persisted\",\n      \"behaviour affecting the symptom\": \"\"\n    }\n  ],\n  \"socio economic context\": {},\n  \"geographic_context\": {\n    \"location\": \"\",\n    \"recent travels\": \"\",\n    \"level of care\": \"\"\n  },\n  \"physiological context\": {},\n  \"psychological context\": {},\n  \"personal medical_history\": {},\n  \"family medical_history\": {},\n  \"current medication\": {},\n  \"lifestyle factors\": {},\n  \"results of recent medical tests\": {}\n}"}