{"condition_name": "Localised inoperable endobronchial cancer", "guideline": "guideline_nice.jsonl_1552.json", "patient_nb": "2", "structured_patient": "{\n    \"symptoms\": [\n        {\n            \"name of the symptom\": \"persistent cough\",\n            \"intensity of symptom\": \"increasing\",\n            \"specific attributes of the symptom\": {\n                \"location\": \"chest\",\n                \"Quality of\": \"productive\",\n                \"temporalisation\": \"past three months\"\n            },\n            \"When did the symptom appear\": \"past three months\",\n            \"previous treatments\": \"\",\n            \"reaction to previous treatments\": \"\",\n            \"behaviour affecting the symptom\": \"coughing, deep breathing\"\n        },\n        {\n            \"name of the symptom\": \"chest pain\",\n            \"intensity of symptom\": \"increasing\",\n            \"specific attributes of the symptom\": {\n                \"location\": \"chest\",\n                \"Quality of\": \"painful, sharp\",\n                \"temporalisation\": \"exacerbated during coughing and deep breathing\"\n            },\n            \"When did the symptom appear\": \"past three months\",\n            \"previous treatments\": \"\",\n            \"reaction to previous treatments\": \"\",\n            \"behaviour affecting the symptom\": \"coughing, deep breathing\"\n        },\n        {\n            \"name of the symptom\": \"wheezing\",\n            \"intensity of symptom\": \"noticeable\",\n            \"specific attributes of the symptom\": {\n                \"location\": \"respiratory tract\",\n                \"Quality of\": \"whistling sound\",\n                \"temporalisation\": \"\"\n            },\n            \"When did the symptom appear\": \"past three months\",\n            \"previous treatments\": \"\",\n            \"reaction to previous treatments\": \"\",\n            \"behaviour affecting the symptom\": \"exercise\"\n        },\n        {\n            \"name of the symptom\": \"decline in exercise tolerance\",\n            \"intensity of symptom\": \"increasing\",\n            \"specific attributes of the symptom\": {\n                \"location\": \"\",\n                \"Quality of\": \"reduced ability to perform physical activity\",\n                \"temporalisation\": \"\"\n            },\n            \"When did the symptom appear\": \"past three months\",\n            \"previous treatments\": \"\",\n            \"reaction to previous treatments\": \"\",\n            \"behaviour affecting the symptom\": \"physical activity\"\n        }\n    ],\n    \"socio economic context\": {},\n    \"geographic_context\": {\n        \"location\": \"\",\n        \"recent travels\": \"\",\n        \"level of care\": \"\"\n    },\n    \"physiological context\": {},\n    \"psychological context\": {},\n    \"personal medical_history\": {\n        \"lung cancer\": \"previous resection\"\n    },\n    \"family medical_history\": {},\n    \"current medication\": {},\n    \"lifestyle factors\": {},\n    \"results of recent medical tests\": {\n        \"pulmonary function tests\": \"impaired respiratory function, restrictive pattern, decreased DLCO\",\n        \"echocardiography\": \"reduced ejection fraction\"\n    }\n}"}