{"condition_name": "Eye injuries in children", "guideline": "guideline_rch.jsonl_185.json", "patient_nb": "2", "structured_patient": "{\n    \"symptoms\": [\n        {\n            \"name of the symptom\": \"reluctance to open right eye\",\n            \"intensity of symptom\": \"\",\n            \"specific attributes of the symptom\": {\n                \"location\": \"right eye\",\n                \"Quality of\": \"inability or unwillingness to open\",\n                \"temporalisation\": \"\"\n            },\n            \"When did the symptom appear\": \"following head trauma\",\n            \"previous treatments\": \"\",\n            \"reaction to previous treatments\": \"\",\n            \"behaviour affecting the symptom\": \"reluctance to open\"\n        },\n        {\n            \"name of the symptom\": \"severe eye pain\",\n            \"intensity of symptom\": \"\",\n            \"specific attributes of the symptom\": {\n                \"location\": \"right eye\",\n                \"Quality of\": \"severe pain\",\n                \"temporalisation\": \"\"\n            },\n            \"When did the symptom appear\": \"following head trauma\",\n            \"previous treatments\": \"\",\n            \"reaction to previous treatments\": \"\",\n            \"behaviour affecting the symptom\": \"pain and discomfort\"\n        },\n        {\n            \"name of the symptom\": \"photophobia\",\n            \"intensity of symptom\": \"\",\n            \"specific attributes of the symptom\": {\n                \"location\": \"\",\n                \"Quality of\": \"sensitivity to light\",\n                \"temporalisation\": \"\"\n            },\n            \"When did the symptom appear\": \"following head trauma\",\n            \"previous treatments\": \"\",\n            \"reaction to previous treatments\": \"\",\n            \"behaviour affecting the symptom\": \"\"\n        },\n        {\n            \"name of the symptom\": \"swelling of the eyelids\",\n            \"intensity of symptom\": \"\",\n            \"specific attributes of the symptom\": {\n                \"location\": \"eyelids\",\n                \"Quality of\": \"swollen\",\n                \"temporalisation\": \"\"\n            },\n            \"When did the symptom appear\": \"following head trauma\",\n            \"previous treatments\": \"\",\n            \"reaction to previous treatments\": \"\",\n            \"behaviour affecting the symptom\": \"\"\n        },\n        {\n            \"name of the symptom\": \"ptosis\",\n            \"intensity of symptom\": \"\",\n            \"specific attributes of the symptom\": {\n                \"location\": \"\",\n                \"Quality of\": \"drooping eyelid\",\n                \"temporalisation\": \"\"\n            },\n            \"When did the symptom appear\": \"following head trauma\",\n            \"previous treatments\": \"\",\n            \"reaction to previous treatments\": \"\",\n            \"behaviour affecting the symptom\": \"\"\n        },\n        {\n            \"name of the symptom\": \"proptosis\",\n            \"intensity of symptom\": \"\",\n            \"specific attributes of the symptom\": {\n                \"location\": \"\",\n                \"Quality of\": \"bulging eye\",\n                \"temporalisation\": \"\"\n            },\n            \"When did the symptom appear\": \"following head trauma\",\n            \"previous treatments\": \"\",\n            \"reaction to previous treatments\": \"\",\n            \"behaviour affecting the symptom\": \"\"\n        },\n        {\n            \"name of the symptom\": \"weakness of the eyelid\",\n            \"intensity of symptom\": \"\",\n            \"specific attributes of the symptom\": {\n                \"location\": \"eyelid\",\n                \"Quality of\": \"weak\",\n                \"temporalisation\": \"\"\n            },\n            \"When did the symptom appear\": \"following head trauma\",\n            \"previous treatments\": \"\",\n            \"reaction to previous treatments\": \"\",\n            \"behaviour affecting the symptom\": \"\"\n        },\n        {\n            \"name of the symptom\": \"observable hyphaema\",\n            \"intensity of symptom\": \"\",\n            \"specific attributes of the symptom\": {\n                \"location\": \"\",\n                \"Quality of\": \"visible blood in the anterior chamber of the eye\",\n                \"temporalisation\": \"\"\n            },\n            \"When did the symptom appear\": \"following head trauma\",\n            \"previous treatments\": \"\",\n            \"reaction to previous treatments\": \"\",\n            \"behaviour affecting the symptom\": \"\"\n        },\n        {\n            \"name of the symptom\": \"abnormal pupillary light reflex\",\n            \"intensity of symptom\": \"\",\n            \"specific attributes of the symptom\": {\n                \"location\": \"affected eye\",\n                \"Quality of\": \"abnormal response to light\",\n                \"temporalisation\": \"\"\n            },\n            \"When did the symptom appear\": \"following head trauma\",\n            \"previous treatments\": \"\",\n            \"reaction to previous treatments\": \"\",\n            \"behaviour affecting the symptom\": \"\"\n        },\n        {\n            \"name of the symptom\": \"difficulty visualizing the fundus\",\n            \"intensity of symptom\": \"\",\n            \"specific attributes of the symptom\": {\n                \"location\": \"visual perception\",\n                \"Quality of\": \"difficult\",\n                \"temporalisation\": \"\"\n            },\n            \"When did the symptom appear\": \"following head trauma\",\n            \"previous treatments\": \"\",\n            \"reaction to previous treatments\": \"\",\n            \"behaviour affecting the symptom\": \"pain and discomfort\"\n        }\n    ],\n    \"socio economic context\": {},\n    \"geographic_context\": {\n        \"location\": \"\",\n        \"recent travels\": \"\",\n        \"level of care\": \"\"\n    },\n    \"physiological context\": {},\n    \"psychological context\": {},\n    \"personal medical_history\": {},\n    \"family medical_history\": {},\n    \"current medication\": {},\n    \"lifestyle factors\": {},\n    \"results of recent medical tests\": {}\n}"}