{"condition_name": "Zollinger-Ellison syndrome", "guideline": "guideline_mayo.jsonl_1100.json", "patient_nb": "2", "structured_patient": "{\n    \"symptoms\": [\n        {\n            \"name of the symptom\": \"persistent burning and aching sensations\",\n            \"intensity of symptom\": \"7/10\",\n            \"specific attributes of the symptom\": {\n                \"location\": \"upper abdomen\",\n                \"Quality of\": \"burning and aching\",\n                \"temporalisation\": \"persistent\"\n            },\n            \"When did the symptom appear\": \"\",\n            \"previous treatments\": \"nonprescription medications\",\n            \"reaction to previous treaments\": \"temporary relief\",\n            \"behaviour affecting the symptom\": \"\"\n        },\n        {\n            \"name of the symptom\": \"diarrhea\",\n            \"intensity of symptom\": \"\",\n            \"specific attributes of the symptom\": {\n                \"location\": \"\",\n                \"Quality of\": \"\",\n                \"temporalisation\": \"episodes\"\n            },\n            \"When did the symptom appear\": \"\",\n            \"previous treatments\": \"nonprescription medications\",\n            \"reaction to previous treaments\": \"temporary relief\",\n            \"behaviour affecting the symptom\": \"\"\n        },\n        {\n            \"name of the symptom\": \"acid reflux\",\n            \"intensity of symptom\": \"\",\n            \"specific attributes of the symptom\": {\n                \"location\": \"\",\n                \"Quality of\": \"\",\n                \"temporalisation\": \"episodes\"\n            },\n            \"When did the symptom appear\": \"\",\n            \"previous treatments\": \"nonprescription medications\",\n            \"reaction to previous treaments\": \"temporary relief\",\n            \"behaviour affecting the symptom\": \"\"\n        },\n        {\n            \"name of the symptom\": \"heartburn\",\n            \"intensity of symptom\": \"\",\n            \"specific attributes of the symptom\": {\n                \"location\": \"\",\n                \"Quality of\": \"\",\n                \"temporalisation\": \"episodes\"\n            },\n            \"When did the symptom appear\": \"\",\n            \"previous treatments\": \"nonprescription medications\",\n            \"reaction to previous treaments\": \"temporary relief\",\n            \"behaviour affecting the symptom\": \"\"\n        },\n        {\n            \"name of the symptom\": \"nausea\",\n            \"intensity of symptom\": \"\",\n            \"specific attributes of the symptom\": {\n                \"location\": \"\",\n                \"Quality of\": \"\",\n                \"temporalisation\": \"frequent episodes\"\n            },\n            \"When did the symptom appear\": \"\",\n            \"previous treatments\": \"nonprescription medications\",\n            \"reaction to previous treaments\": \"temporary relief\",\n            \"behaviour affecting the symptom\": \"\"\n        },\n        {\n            \"name of the symptom\": \"vomiting\",\n            \"intensity of symptom\": \"\",\n            \"specific attributes of the symptom\": {\n                \"location\": \"\",\n                \"Quality of\": \"\",\n                \"temporalisation\": \"occasional\"\n            },\n            \"When did the symptom appear\": \"\",\n            \"previous treatments\": \"nonprescription medications\",\n            \"reaction to previous treaments\": \"temporary relief\",\n            \"behaviour affecting the symptom\": \"\"\n        },\n        {\n            \"name of the symptom\": \"loss of appetite\",\n            \"intensity of symptom\": \"\",\n            \"specific attributes of the symptom\": {\n                \"location\": \"\",\n                \"Quality of\": \"noticeable\",\n                \"temporalisation\": \"unintended\"\n            },\n            \"When did the symptom appear\": \"\",\n            \"previous treatments\": \"\",\n            \"reaction to previous treaments\": \"\",\n            \"behaviour affecting the symptom\": \"unintended weight loss\"\n        }\n    ],\n    \"socio economic context\": {},\n    \"geographic_context\": {\n        \"location\": \"\",\n        \"recent travels\": \"\",\n        \"level of care\": \"\"\n    },\n    \"physiological context\": {},\n    \"psychological context\": {},\n    \"personal medical_history\": {},\n    \"family medical_history\": {},\n    \"current medication\": {\n        \"nonprescription medications\": \"\"\n    },\n    \"lifestyle factors\": {},\n    \"results of recent medical tests\": {}\n}"}