{"condition_name": "Hashimoto\"s disease", "guideline": "guideline_mayo.jsonl_456.json", "patient_nb": "1", "structured_patient": "{\n   \"symptoms\":[\n      {\n         \"name of the symptom\":\"persistent fatigue and sluggishness\",\n         \"intensity of symptom\":\"7/10\",\n         \"specific attributes of the symptom\":{\n            \"location\":\"\",\n            \"Quality of\":\"fatigue and sluggishness\",\n            \"temporalisation\":\"persistent\"\n         },\n         \"When did the symptom appear\":\"\",\n         \"previous treatments\":\"\",\n         \"reaction to previous treaments\":\"\",\n         \"behaviour affecting the symptom\":\"increased sleepiness and regular sleep schedule\"\n      },\n      {\n         \"name of the symptom\":\"pain\",\n         \"intensity of symptom\":\"7/10\",\n         \"specific attributes of the symptom\":{\n            \"location\":\"\",\n            \"Quality of\":\"muscle pain\",\n            \"temporalisation\":\"persistent\"\n         },\n         \"When did the symptom appear\":\"\",\n         \"previous treatments\":\"\",\n         \"reaction to previous treaments\":\"\",\n         \"behaviour affecting the symptom\":\"\"\n      },\n      {\n         \"name of the symptom\":\"dry skin\",\n         \"intensity of symptom\":\"\",\n         \"specific attributes of the symptom\":{\n            \"location\":\"\",\n            \"Quality of\":\"dryness\",\n            \"temporalisation\":\"\"\n         },\n         \"When did the symptom appear\":\"\",\n         \"previous treatments\":\"\",\n         \"reaction to previous treaments\":\"\",\n         \"behaviour affecting the symptom\":\"\"\n      },\n      {\n         \"name of the symptom\":\"constipation\",\n         \"intensity of symptom\":\"\",\n         \"specific attributes of the symptom\":{\n            \"location\":\"\",\n            \"Quality of\":\"difficulty passing stools\",\n            \"temporalisation\":\"\"\n         },\n         \"When did the symptom appear\":\"\",\n         \"previous treatments\":\"\",\n         \"reaction to previous treaments\":\"\",\n         \"behaviour affecting the symptom\":\"\"\n      },\n      {\n         \"name of the symptom\":\"muscle weakness\",\n         \"intensity of symptom\":\"\",\n         \"specific attributes of the symptom\":{\n            \"location\":\"\",\n            \"Quality of\":\"weakness\",\n            \"temporalisation\":\"\"\n         },\n         \"When did the symptom appear\":\"\",\n         \"previous treatments\":\"\",\n         \"reaction to previous treaments\":\"\",\n         \"behaviour affecting the symptom\":\"\"\n      },\n      {\n         \"name of the symptom\":\"joint pain\",\n         \"intensity of symptom\":\"\",\n         \"specific attributes of the symptom\":{\n            \"location\":\"\",\n            \"Quality of\":\"pain\",\n            \"temporalisation\":\"\"\n         },\n         \"When did the symptom appear\":\"\",\n         \"previous treatments\":\"\",\n         \"reaction to previous treaments\":\"\",\n         \"behaviour affecting the symptom\":\"\"\n      },\n      {\n         \"name of the symptom\":\"stiffness\",\n         \"intensity of symptom\":\"\",\n         \"specific attributes of the symptom\":{\n            \"location\":\"\",\n            \"Quality of\":\"stiffness\",\n            \"temporalisation\":\"\"\n         },\n         \"When did the symptom appear\":\"\",\n         \"previous treatments\":\"\",\n         \"reaction to previous treaments\":\"\",\n         \"behaviour affecting the symptom\":\"\"\n      },\n      {\n         \"name of the symptom\":\"puffy face\",\n         \"intensity of symptom\":\"\",\n         \"specific attributes of the symptom\":{\n            \"location\":\"face\",\n            \"Quality of\":\"swelling\",\n            \"temporalisation\":\"\"\n         },\n         \"When did the symptom appear\":\"\",\n         \"previous treatments\":\"\",\n         \"reaction to previous treaments\":\"\",\n         \"behaviour affecting the symptom\":\"\"\n      },\n      {\n         \"name of the symptom\":\"brittle nails\",\n         \"intensity of symptom\":\"\",\n         \"specific attributes of the symptom\":{\n            \"location\":\"nails\",\n            \"Quality of\":\"fragility\",\n            \"temporalisation\":\"\"\n         },\n         \"When did the symptom appear\":\"\",\n         \"previous treatments\":\"\",\n         \"reaction to previous treaments\":\"\",\n         \"behaviour affecting the symptom\":\"\"\n      },\n      {\n         \"name of the symptom\":\"hair loss\",\n         \"intensity of symptom\":\"\",\n         \"specific attributes of the symptom\":{\n            \"location\":\"scalp\",\n            \"Quality of\":\"hair loss\",\n            \"temporalisation\":\"\"\n         },\n         \"When did the symptom appear\":\"\",\n         \"previous treatments\":\"\",\n         \"reaction to previous treaments\":\"\",\n         \"behaviour affecting the symptom\":\"\"\n      }\n   ],\n   \"socio economic context\":{},\n   \"geographic_context\":{\n      \"location\":\"\",\n      \"recent travels\":\"\",\n      \"level of care\":\"\"\n   },\n   \"physiological context\":{},\n   \"psychological context\":{},\n   \"personal medical_history\":{},\n   \"family medical_history\":{\n      \"thyroid disorders\":\"present (family history)\"\n   },\n   \"current medication\":{},\n   \"lifestyle factors\":{},\n   \"results of recent medical tests\":{}\n}"}