{"condition_name": "Adult Isthmic Spondylolisthesis", "guideline": "guideline_gc.jsonl_952.json", "patient_nb": "2", "structured_patient": "{\n    \"symptoms\": [\n        {\n            \"name of the symptom\": \"Persistent, intermittent back pain\",\n            \"intensity of symptom\": \"6/10\",\n            \"specific attributes of the symptom\": {\n                \"location\": \"Lower back\",\n                \"Quality of\": \"Pain exacerbated during bending or lifting heavy objects\",\n                \"temporalisation\": \"Persistent, intermittent\"\n            },\n            \"When did the symptom appear\": \"\",\n            \"previous treatments\": \"Conservative management\",\n            \"reaction to previous treaments\": \"Refractory\",\n            \"behaviour affecting the symptom\": \"Bending or lifting heavy objects\"\n        },\n        {\n            \"name of the symptom\": \"Radiating pain\",\n            \"intensity of symptom\": \"7/10\",\n            \"specific attributes of the symptom\": {\n                \"location\": \"Right lower extremity\",\n                \"Quality of\": \"Burning sensation, occasional numbness\",\n                \"temporalisation\": \"Radiating\"\n            },\n            \"When did the symptom appear\": \"\",\n            \"previous treatments\": \"\",\n            \"reaction to previous treaments\": \"\",\n            \"behaviour affecting the symptom\": \"\"\n        },\n        {\n            \"name of the symptom\": \"Motor weakness\",\n            \"intensity of symptom\": \"\",\n            \"specific attributes of the symptom\": {\n                \"location\": \"Right leg\",\n                \"Quality of\": \"\",\n                \"temporalisation\": \"\"\n            },\n            \"When did the symptom appear\": \"\",\n            \"previous treatments\": \"\",\n            \"reaction to previous treaments\": \"\",\n            \"behaviour affecting the symptom\": \"\"\n        },\n        {\n            \"name of the symptom\": \"Neurologic deficits\",\n            \"intensity of symptom\": \"\",\n            \"specific attributes of the symptom\": {\n                \"location\": \"Right leg\",\n                \"Quality of\": \"\",\n                \"temporalisation\": \"\"\n            },\n            \"When did the symptom appear\": \"\",\n            \"previous treatments\": \"\",\n            \"reaction to previous treaments\": \"\",\n            \"behaviour affecting the symptom\": \"\"\n        }\n    ],\n    \"socio economic context\": {},\n    \"geographic_context\": {\n        \"location\": \"\",\n        \"recent travels\": \"\",\n        \"level of care\": \"\"\n    },\n    \"physiological context\": {},\n    \"psychological context\": {},\n    \"personal medical_history\": {\n        \"lower back injuries\": \"History of recurrent\"\n    },\n    \"family medical_history\": {},\n    \"current medication\": {},\n    \"lifestyle factors\": {\n        \"occupation\": \"Construction work\"\n    },\n    \"results of recent medical tests\": {\n        \"diagnostic imaging\": \"Neuroforaminal stenosis, abnormal pelvic parameters (high pelvic tilt, sacral slope)\"\n    }\n}"}