{"condition_name": "Sciatica", "guideline": "guideline_mayo.jsonl_899.json", "patient_nb": "3", "structured_patient": "{\n  \"symptoms\": [\n    {\n      \"name of the symptom\": \"lower back pain\",\n      \"intensity of symptom\": \"persistent, moderate ache\",\n      \"specific attributes of the symptom\": {\n        \"location\": \"lower back\",\n        \"Quality of\": \"ache\",\n        \"temporalisation\": \"persistent\"\n      },\n      \"When did the symptom appear\": \"\",\n      \"previous treatments\": \"\",\n      \"reaction to previous treaments\": \"\",\n      \"behaviour affecting the symptom\": \"exacerbated by prolonged sitting and sedentary lifestyle\"\n    },\n    {\n      \"name of the symptom\": \"buttock pain\",\n      \"intensity of symptom\": \"persistent, moderate ache\",\n      \"specific attributes of the symptom\": {\n        \"location\": \"buttock\",\n        \"Quality of\": \"ache\",\n        \"temporalisation\": \"persistent\"\n      },\n      \"When did the symptom appear\": \"\",\n      \"previous treatments\": \"\",\n      \"reaction to previous treaments\": \"\",\n      \"behaviour affecting the symptom\": \"exacerbated by prolonged sitting and sedentary lifestyle\"\n    },\n    {\n      \"name of the symptom\": \"thigh pain\",\n      \"intensity of symptom\": \"persistent, moderate ache\",\n      \"specific attributes of the symptom\": {\n        \"location\": \"thigh\",\n        \"Quality of\": \"ache\",\n        \"temporalisation\": \"persistent\"\n      },\n      \"When did the symptom appear\": \"\",\n      \"previous treatments\": \"\",\n      \"reaction to previous treaments\": \"\",\n      \"behaviour affecting the symptom\": \"exacerbated by prolonged sitting and sedentary lifestyle\"\n    },\n    {\n      \"name of the symptom\": \"calf pain\",\n      \"intensity of symptom\": \"persistent, moderate ache\",\n      \"specific attributes of the symptom\": {\n        \"location\": \"calf\",\n        \"Quality of\": \"ache\",\n        \"temporalisation\": \"persistent\"\n      },\n      \"When did the symptom appear\": \"\",\n      \"previous treatments\": \"\",\n      \"reaction to previous treaments\": \"\",\n      \"behaviour affecting the symptom\": \"exacerbated by prolonged sitting and sedentary lifestyle\"\n    },\n    {\n      \"name of the symptom\": \"sharp, burning sensations\",\n      \"intensity of symptom\": \"\",\n      \"specific attributes of the symptom\": {\n        \"location\": \"lower back, buttock, thigh, calf\",\n        \"Quality of\": \"burning sensations\",\n        \"temporalisation\": \"interspersed\"\n      },\n      \"When did the symptom appear\": \"\",\n      \"previous treatments\": \"\",\n      \"reaction to previous treaments\": \"\",\n      \"behaviour affecting the symptom\": \"exacerbated by prolonged sitting and sedentary lifestyle\"\n    },\n    {\n      \"name of the symptom\": \"electric shock-like pain\",\n      \"intensity of symptom\": \"\",\n      \"specific attributes of the symptom\": {\n        \"location\": \"lower back, buttock, thigh, calf\",\n        \"Quality of\": \"electric shock-like pain\",\n        \"temporalisation\": \"periodic jolts\"\n      },\n      \"When did the symptom appear\": \"\",\n      \"previous treatments\": \"\",\n      \"reaction to previous treaments\": \"\",\n      \"behaviour affecting the symptom\": \"exacerbated by prolonged sitting and sedentary lifestyle\"\n    },\n    {\n      \"name of the symptom\": \"frequent numbness\",\n      \"intensity of symptom\": \"\",\n      \"specific attributes of the symptom\": {\n        \"location\": \"leg and foot\",\n        \"Quality of\": \"numbness\",\n        \"temporalisation\": \"frequent\"\n      },\n      \"When did the symptom appear\": \"\",\n      \"previous treatments\": \"\",\n      \"reaction to previous treaments\": \"\",\n      \"behaviour affecting the symptom\": \"exacerbated by prolonged sitting and sedentary lifestyle\"\n    },\n    {\n      \"name of the symptom\": \"tingling\",\n      \"intensity of symptom\": \"\",\n      \"specific attributes of the symptom\": {\n        \"location\": \"leg and foot\",\n        \"Quality of\": \"tingling\",\n        \"temporalisation\": \"frequent\"\n      },\n      \"When did the symptom appear\": \"\",\n      \"previous treatments\": \"\",\n      \"reaction to previous treaments\": \"\",\n      \"behaviour affecting the symptom\": \"exacerbated by prolonged sitting and sedentary lifestyle\"\n    },\n    {\n      \"name of the symptom\": \"muscle weakness\",\n      \"intensity of symptom\": \"\",\n      \"specific attributes of the symptom\": {\n        \"location\": \"leg and foot\",\n        \"Quality of\": \"weakness\",\n        \"temporalisation\": \"\"\n      },\n      \"When did the symptom appear\": \"\",\n      \"previous treatments\": \"\",\n      \"reaction to previous treaments\": \"\",\n      \"behaviour affecting the symptom\": \"exacerbated by prolonged sitting and sedentary lifestyle\"\n    }\n  ],\n  \"socio economic context\": {},\n  \"geographic_context\": {\n    \"location\": \"\",\n    \"recent travels\": \"\",\n    \"level of care\": \"\"\n  },\n  \"physiological context\": {},\n  \"psychological context\": {},\n  \"personal medical_history\": {\n    \"obesity\": \"history of\",\n    \"diabetes\": \"history of\"\n  },\n  \"family medical_history\": {},\n  \"current medication\": {},\n  \"lifestyle factors\": {\n    \"sedentary lifestyle\": \"prolonged sitting\"\n  },\n  \"results of recent medical tests\": {}\n}"}