{"condition_name": "Coronary artery calcification (intimal and medial calcifications)", "guideline": "guideline_nice.jsonl_470.json", "patient_nb": "2", "structured_patient": "{\n    \"symptoms\": [\n        {\n            \"name of the symptom\": \"recurrent chest pain\",\n            \"intensity of symptom\": \"7/10\",\n            \"specific attributes of the symptom\": {\n                \"location\": \"chest, radiating to jaw\",\n                \"Quality of\": \"pain\",\n                \"temporalisation\": \"recurrent\"\n            },\n            \"When did the symptom appear\": \"\",\n            \"previous treatments\": \"\",\n            \"reaction to previous treaments\": \"\",\n            \"behaviour affecting the symptom\": \"\"\n        }\n    ],\n    \"socio economic context\": {},\n    \"geographic_context\": {\n        \"location\": \"\",\n        \"recent travels\": \"\",\n        \"level of care\": \"\"\n    },\n    \"physiological context\": {},\n    \"psychological context\": {},\n    \"personal medical_history\": {\n        \"hypertension\": \"history of\",\n        \"diabetes\": \"history of\",\n        \"previous endovascular interventions\": \"multiple\",\n        \"subsequent target lesion revascularization\": \"persistent need\"\n    },\n    \"family medical_history\": {},\n    \"current medication\": {},\n    \"lifestyle factors\": {},\n    \"results of recent medical tests\": {\n        \"coronary artery calcification\": \"indicated\",\n        \"arterial wall stiffness\": \"observed\"\n    }\n}"}