{"condition_name": "Pediatric Gastroesophageal Reflux", "guideline": "guideline_gc.jsonl_565.json", "patient_nb": "3", "structured_patient": "{\n  \"symptoms\": [\n    {\n      \"name of the symptom\": \"regurgitation\",\n      \"intensity of symptom\": \"persistent\",\n      \"specific attributes of the symptom\": {\n        \"location\": \"esophagus\",\n        \"Quality of\": \"gastric contents being passed from stomach to esophagus\",\n        \"temporalisation\": \"chronic\"\n      },\n      \"When did the symptom appear\": \"history of regurgitation documented\",\n      \"previous treatments\": \"dietary modifications, positional strategies\",\n      \"reaction to previous treatments\": \"not shown significant improvement\",\n      \"behaviour affecting the symptom\": \"\"\n    },\n    {\n      \"name of the symptom\": \"vomiting\",\n      \"intensity of symptom\": \"troublesome\",\n      \"specific attributes of the symptom\": {\n        \"location\": \"stomach\",\n        \"Quality of\": \"expulsion of gastric contents through mouth\",\n        \"temporalisation\": \"chronic\"\n      },\n      \"When did the symptom appear\": \"history of vomiting documented\",\n      \"previous treatments\": \"dietary modifications, positional strategies\",\n      \"reaction to previous treatments\": \"not shown significant improvement\",\n      \"behaviour affecting the symptom\": \"\"\n    }\n  ],\n  \"socio economic context\": {},\n  \"geographic_context\": {\n    \"location\": \"\",\n    \"recent travels\": \"\",\n    \"level of care\": \"\"\n  },\n  \"physiological context\": {},\n  \"psychological context\": {},\n  \"personal medical_history\": {},\n  \"family medical_history\": {},\n  \"current medication\": {},\n  \"lifestyle factors\": {},\n  \"results of recent medical tests\": {}\n}"}