{"condition_name": "Anal fistula", "guideline": "guideline_mayo.jsonl_47.json", "patient_nb": "3", "structured_patient": "{\n    \"symptoms\": [\n        {\n            \"name of the symptom\": \"persistent, aching pain\",\n            \"intensity of symptom\": \"troubling\",\n            \"specific attributes of the symptom\": {\n                \"location\": \"rectum and anus\",\n                \"Quality of\": \"aching\",\n                \"temporalisation\": \"exacerbations during bowel movements and prolonged sitting\"\n            },\n            \"When did the symptom appear\": \"not specified\",\n            \"previous treatments\": \"not specified\",\n            \"reaction to previous treatments\": \"not specified\",\n            \"behaviour affecting the symptom\": \"prolonged sitting, bowel movements\"\n        },\n        {\n            \"name of the symptom\": \"visible opening on the skin surrounding the anus\",\n            \"intensity of symptom\": \"not specified\",\n            \"specific attributes of the symptom\": {\n                \"location\": \"skin surrounding the anus\",\n                \"Quality of\": \"visible\",\n                \"temporalisation\": \"not specified\"\n            },\n            \"When did the symptom appear\": \"not specified\",\n            \"previous treatments\": \"not specified\",\n            \"reaction to previous treatments\": \"not specified\",\n            \"behaviour affecting the symptom\": \"not specified\"\n        },\n        {\n            \"name of the symptom\": \"redness and inflammation\",\n            \"intensity of symptom\": \"not specified\",\n            \"specific attributes of the symptom\": {\n                \"location\": \"skin surrounding the anus\",\n                \"Quality of\": \"inflamed\",\n                \"temporalisation\": \"not specified\"\n            },\n            \"When did the symptom appear\": \"not specified\",\n            \"previous treatments\": \"not specified\",\n            \"reaction to previous treatments\": \"not specified\",\n            \"behaviour affecting the symptom\": \"not specified\"\n        },\n        {\n            \"name of the symptom\": \"ongoing oozing\",\n            \"intensity of symptom\": \"not specified\",\n            \"specific attributes of the symptom\": {\n                \"location\": \"tunnel opening\",\n                \"Quality of\": \"combination of pus, blood, occasional leakage of stool\",\n                \"temporalisation\": \"not specified\"\n            },\n            \"When did the symptom appear\": \"not specified\",\n            \"previous treatments\": \"not specified\",\n            \"reaction to previous treatments\": \"not specified\",\n            \"behaviour affecting the symptom\": \"not specified\"\n        }\n    ],\n    \"socio economic context\": {},\n    \"geographic_context\": {\n        \"location\": \"anorectal area\",\n        \"recent travels\": \"\",\n        \"level of care\": \"\"\n    },\n    \"physiological context\": {},\n    \"psychological context\": {},\n    \"personal medical_history\": {\n        \"history of inflammatory bowel disease\": \"no\",\n        \"history of anal abscess\": \"no\"\n    },\n    \"family medical_history\": {},\n    \"current medication\": {},\n    \"lifestyle factors\": {},\n    \"results of recent medical tests\": {}\n}"}