{"condition_name": "Rheumatic Heart Disease", "guideline": "guideline_gc.jsonl_508.json", "patient_nb": "1", "structured_patient": "{\n    \"symptoms\": [\n        {\n            \"name of the symptom\": \"dyspnea on exertion\",\n            \"intensity of symptom\": \"6/10\",\n            \"specific attributes of the symptom\": {\n                \"location\": \"general\",\n                \"Quality of\": \"progressively worsening\",\n                \"temporalisation\": \"on exertion\"\n            },\n            \"When did the symptom appear\": \"progressively\",\n            \"previous treatments\": \"\",\n            \"reaction to previous treatments\": \"\",\n            \"behaviour affecting the symptom\": \"exertion\"\n        },\n        {\n            \"name of the symptom\": \"palpitations\",\n            \"intensity of symptom\": \"\",\n            \"specific attributes of the symptom\": {\n                \"location\": \"general\",\n                \"Quality of\": \"recurrent episodes\",\n                \"temporalisation\": \"\"\n            },\n            \"When did the symptom appear\": \"recurrently\",\n            \"previous treatments\": \"\",\n            \"reaction to previous treatments\": \"\",\n            \"behaviour affecting the symptom\": \"\"\n        },\n        {\n            \"name of the symptom\": \"low-pitched diastolic murmur\",\n            \"intensity of symptom\": \"\",\n            \"specific attributes of the symptom\": {\n                \"location\": \"apex\",\n                \"Quality of\": \"low-pitched\",\n                \"temporalisation\": \"diastolic\"\n            },\n            \"When did the symptom appear\": \"\",\n            \"previous treatments\": \"\",\n            \"reaction to previous treatments\": \"\",\n            \"behaviour affecting the symptom\": \"\"\n        }\n    ],\n    \"socio economic context\": {},\n    \"geographic_context\": {\n        \"location\": \"\",\n        \"recent travels\": \"\",\n        \"level of care\": \"\"\n    },\n    \"physiological context\": {},\n    \"psychological context\": {},\n    \"personal medical_history\": {\n        \"acute rheumatic fever\": \"known history, untreated\"\n    },\n    \"family medical_history\": {},\n    \"current medication\": {},\n    \"lifestyle factors\": {},\n    \"results of recent medical tests\": {\n        \"echocardiography\": {\n            \"restricted mitral valve motion\": \"present\",\n            \"estimated valve area\": \"1.2 cm\u00b2\"\n        }\n    }\n}"}