{"condition_name": "Intracranial aneurysms", "guideline": "guideline_nice.jsonl_553.json", "patient_nb": "3", "structured_patient": "{\n    \"symptoms\": [\n        {\n            \"name of the symptom\": \"persistent headache\",\n            \"intensity of symptom\": \"6/10\",\n            \"specific attributes of the symptom\": {\n                \"location\": \"back of head\",\n                \"Quality of\": \"moderately severe\",\n                \"temporalisation\": \"persistent, ongoing for the past three weeks\"\n            },\n            \"When did the symptom appear\": \"three weeks ago\",\n            \"previous treatments\": \"\",\n            \"reaction to previous treaments\": \"\",\n            \"behaviour affecting the symptom\": \"\"\n        },\n        {\n            \"name of the symptom\": \"speech fluency impairment\",\n            \"intensity of symptom\": \"mild\",\n            \"specific attributes of the symptom\": {\n                \"location\": \"\",\n                \"Quality of\": \"impaired fluency and word-finding abilities\",\n                \"temporalisation\": \"progressively worsening over the last month\"\n            },\n            \"When did the symptom appear\": \"over the last month\",\n            \"previous treatments\": \"\",\n            \"reaction to previous treaments\": \"\",\n            \"behaviour affecting the symptom\": \"\"\n        }\n    ],\n    \"socio economic context\": {},\n    \"geographic_context\": {\n        \"location\": \"\",\n        \"recent travels\": \"\",\n        \"level of care\": \"\"\n    },\n    \"physiological context\": {},\n    \"psychological context\": {},\n    \"personal medical_history\": {},\n    \"family medical_history\": {\n        \"intracranial aneurysms\": \"family history\"\n    },\n    \"current medication\": {},\n    \"lifestyle factors\": {},\n    \"results of recent medical tests\": {}\n}"}