{"condition_name": "Fibromyalgia", "guideline": "guideline_mayo.jsonl_398.json", "patient_nb": "3", "structured_patient": "{\n   \"symptoms\":[\n      {\n         \"name of the symptom\":\"Muscle and joint pain\",\n         \"intensity of symptom\":\"8/10\",\n         \"specific attributes of the symptom\":{\n            \"location\":\"Widespread\",\n            \"Quality of\":\"\",\n            \"temporalisation\":\"\"\n         },\n         \"When did the symptom appear\":\"\",\n         \"previous treatments\":\"Medications, physical therapy\",\n         \"reaction to previous treatments\":\"Limited success\",\n         \"behaviour affecting the symptom\":\"\"\n      },\n      {\n         \"name of the symptom\":\"Fatigue\",\n         \"intensity of symptom\":\"\",\n         \"specific attributes of the symptom\":{\n            \"location\":\"\",\n            \"Quality of\":\"Profound\",\n            \"temporalisation\":\"\"\n         },\n         \"When did the symptom appear\":\"\",\n         \"previous treatments\":\"\",\n         \"reaction to previous treatments\":\"\",\n         \"behaviour affecting the symptom\":\"\"\n      },\n      {\n         \"name of the symptom\":\"Cognitive difficulties\",\n         \"intensity of symptom\":\"\",\n         \"specific attributes of the symptom\":{\n            \"location\":\"\",\n            \"Quality of\":\"\",\n            \"temporalisation\":\"\"\n         },\n         \"When did the symptom appear\":\"\",\n         \"previous treatments\":\"\",\n         \"reaction to previous treatments\":\"\",\n         \"behaviour affecting the symptom\":\"\"\n      },\n      {\n         \"name of the symptom\":\"Tension headaches\",\n         \"intensity of symptom\":\"\",\n         \"specific attributes of the symptom\":{\n            \"location\":\"\",\n            \"Quality of\":\"Tension\",\n            \"temporalisation\":\"\"\n         },\n         \"When did the symptom appear\":\"\",\n         \"previous treatments\":\"\",\n         \"reaction to previous treatments\":\"\",\n         \"behaviour affecting the symptom\":\"\"\n      }\n   ],\n   \"socio economic context\":{},\n   \"geographic_context\":{\n      \"location\":\"\",\n      \"recent travels\":\"\",\n      \"level of care\":\"\"\n   },\n   \"physiological context\":{},\n   \"psychological context\":{},\n   \"personal medical_history\":{\n      \"osteoarthritis\":\"Diagnosed\"\n   },\n   \"family medical_history\":{},\n   \"current medication\":{},\n   \"lifestyle factors\":{},\n   \"results of recent medical tests\":{}\n}"}