{"condition_name": "Lower urinary tract symptoms secondary to benign prostatic hyperplasia", "guideline": "guideline_nice.jsonl_1138.json", "patient_nb": "3", "structured_patient": "{\n    \"symptoms\": [\n        {\n            \"name of the symptom\": \"lower urinary tract symptoms\",\n            \"intensity of symptom\": \"troubling\",\n            \"specific attributes of the symptom\": {\n                \"location\": \"urinary tract\",\n                \"Quality of\": \"hesitancy, interrupted and decreased urine stream, incomplete voiding\",\n                \"temporalisation\": \"progressively worsening over the past year\"\n            },\n            \"When did the symptom appear\": \"past year\",\n            \"previous treatments\": \"alpha-1 blockers\",\n            \"reaction to previous treatments\": \"minimal improvement\",\n            \"behaviour affecting the symptom\": \"smoking history\"\n        },\n        {\n            \"name of the symptom\": \"nocturia\",\n            \"intensity of symptom\": \"pervasive\",\n            \"specific attributes of the symptom\": {\n                \"location\": \"urinary tract\",\n                \"Quality of\": \"frequent urination at night\",\n                \"temporalisation\": \"ongoing\"\n            },\n            \"When did the symptom appear\": \"ongoing\",\n            \"previous treatments\": \"alpha-1 blockers\",\n            \"reaction to previous treatments\": \"minimal improvement\",\n            \"behaviour affecting the symptom\": \"N/A\"\n        },\n        {\n            \"name of the symptom\": \"sleep disruption\",\n            \"intensity of symptom\": \"troubling\",\n            \"specific attributes of the symptom\": {\n                \"location\": \"sleep patterns\",\n                \"Quality of\": \"interference with normal sleep\",\n                \"temporalisation\": \"ongoing\"\n            },\n            \"When did the symptom appear\": \"ongoing\",\n            \"previous treatments\": \"N/A\",\n            \"reaction to previous treatments\": \"N/A\",\n            \"behaviour affecting the symptom\": \"N/A\"\n        },\n        {\n            \"name of the symptom\": \"daytime fatigue\",\n            \"intensity of symptom\": \"troubling\",\n            \"specific attributes of the symptom\": {\n                \"location\": \"physical energy and alertness\",\n                \"Quality of\": \"fatigue and lack of energy during the day\",\n                \"temporalisation\": \"ongoing\"\n            },\n            \"When did the symptom appear\": \"ongoing\",\n            \"previous treatments\": \"N/A\",\n            \"reaction to previous treatments\": \"N/A\",\n            \"behaviour affecting the symptom\": \"N/A\"\n        },\n        {\n            \"name of the symptom\": \"acute urinary retention\",\n            \"intensity of symptom\": \"severe\",\n            \"specific attributes of the symptom\": {\n                \"location\": \"urinary tract\",\n                \"Quality of\": \"inability to pass urine\",\n                \"temporalisation\": \"two previous occasions\"\n            },\n            \"When did the symptom appear\": \"past occurrences\",\n            \"previous treatments\": \"N/A\",\n            \"reaction to previous treatments\": \"N/A\",\n            \"behaviour affecting the symptom\": \"N/A\"\n        }\n    ],\n    \"socio economic context\": {},\n    \"geographic_context\": {\n        \"location\": \"not provided\",\n        \"recent travels\": \"not provided\",\n        \"level of care\": \"N/A\"\n    },\n    \"physiological context\": {},\n    \"psychological context\": {},\n    \"personal medical_history\": {},\n    \"family medical_history\": {},\n    \"current medication\": {},\n    \"lifestyle factors\": {\n        \"smoking history\": \"former smoker with a 30-pack-year history\"\n    },\n    \"results of recent medical tests\": {}\n}"}