{"condition_name": "Barrett\u2019s Esophagus", "guideline": "guideline_gc.jsonl_290.json", "patient_nb": "1", "structured_patient": "{\n    \"symptoms\": [\n        {\n            \"name of the symptom\": \"heartburn\",\n            \"intensity of symptom\": \"7/10\",\n            \"specific attributes of the symptom\": {\n                \"location\": \"behind the sternum\",\n                \"Quality of\": \"burning sensation\",\n                \"temporalisation\": \"persistent\"\n            },\n            \"When did the symptom appear\": \"new onset\",\n            \"previous treatments\": \"history of chronic heartburn\",\n            \"reaction to previous treatments\": \"increased intensity\",\n            \"behaviour affecting the symptom\": \"regular consumption of spicy foods\"\n        },\n        {\n            \"name of the symptom\": \"regurgitation of acidic fluid\",\n            \"intensity of symptom\": \"\",\n            \"specific attributes of the symptom\": {\n                \"location\": \"throat\",\n                \"Quality of\": \"acidic fluid\",\n                \"temporalisation\": \"\"\n            },\n            \"When did the symptom appear\": \"accompanying heartburn\",\n            \"previous treatments\": \"\",\n            \"reaction to previous treatments\": \"\",\n            \"behaviour affecting the symptom\": \"N/A\"\n        }\n    ],\n    \"socio economic context\": {},\n    \"geographic_context\": {\n        \"location\": \"\",\n        \"recent travels\": \"\",\n        \"level of care\": \"\"\n    },\n    \"physiological context\": {},\n    \"psychological context\": {},\n    \"personal medical_history\": {\n        \"history of chronic heartburn\": \"more than a decade\",\n        \"long-standing gastroesophageal reflux disease (GERD)\": \"\"\n    },\n    \"family medical_history\": {},\n    \"current medication\": {},\n    \"lifestyle factors\": {\n        \"regular consumption of spicy foods\": \"\"\n    },\n    \"results of recent medical tests\": {\n        \"upper endoscopy\": \"extension of salmon-colored mucosa into the tubular esophagus, reaching 1.5 cm proximal to the gastroesophageal junction\"\n    }\n}"}