{"condition_name": "Mitral valve regurgitation", "guideline": "guideline_nice.jsonl_305.json", "patient_nb": "1", "structured_patient": "{\n    \"symptoms\": [\n        {\n            \"name of the symptom\": \"exertional dyspnea\",\n            \"intensity of symptom\": \"3/10\",\n            \"specific attributes of the symptom\": {\n                \"location\": \"\",\n                \"Quality of\": \"shortness of breath\",\n                \"temporalisation\": \"progressively worsened over the past six months\"\n            },\n            \"When did the symptom appear\": \"over the past six months\",\n            \"previous treatments\": \"no previous treatments reported\",\n            \"reaction to previous treaments\": \"\",\n            \"behaviour affecting the symptom\": \"physical exertion\"\n        },\n        {\n            \"name of the symptom\": \"intermittent palpitations\",\n            \"intensity of symptom\": \"2/10\",\n            \"specific attributes of the symptom\": {\n                \"location\": \"\",\n                \"Quality of\": \"palpitations\",\n                \"temporalisation\": \"intermittent\"\n            },\n            \"When did the symptom appear\": \"not specified\",\n            \"previous treatments\": \"no previous treatments reported\",\n            \"reaction to previous treaments\": \"\",\n            \"behaviour affecting the symptom\": \"not specified\"\n        }\n    ],\n    \"socio economic context\": {},\n    \"geographic_context\": {\n        \"location\": \"\",\n        \"recent travels\": \"\",\n        \"level of care\": \"\"\n    },\n    \"physiological context\": {},\n    \"psychological context\": {},\n    \"personal medical_history\": {\n        \"history of untreated hypertension\": \"\"\n    },\n    \"family medical_history\": {},\n    \"current medication\": {},\n    \"lifestyle factors\": {},\n    \"results of recent medical tests\": {\n        \"echocardiogram\": \"enlarged left ventricle, mitral valve regurgitation\"\n    }\n}"}