{"condition_name": "Colorectal cancer with liver metastases", "guideline": "guideline_nice.jsonl_491.json", "patient_nb": "2", "structured_patient": "{\n  \"symptoms\": [\n    {\n      \"name of the symptom\": \"persistent, dull pain\",\n      \"intensity of symptom\": \"5/10\",\n      \"specific attributes of the symptom\": {\n        \"location\": \"right upper quadrant of abdomen\",\n        \"Quality of\": \"dull\",\n        \"temporalisation\": \"persistent\"\n      },\n      \"When did the symptom appear\": \"gradually worsening\",\n      \"previous treatments\": \"unknown\",\n      \"reaction to previous treaments\": \"unknown\",\n      \"behaviour affecting the symptom\": \"unknown\"\n    },\n    {\n      \"name of the symptom\": \"unexplained weight loss\",\n      \"intensity of symptom\": \"\",\n      \"specific attributes of the symptom\": {\n        \"location\": \"\",\n        \"Quality of\": \"\",\n        \"temporalisation\": \"\"\n      },\n      \"When did the symptom appear\": \"over the last four months\",\n      \"previous treatments\": \"unknown\",\n      \"reaction to previous treaments\": \"unknown\",\n      \"behaviour affecting the symptom\": \"\"\n    },\n    {\n      \"name of the symptom\": \"nausea\",\n      \"intensity of symptom\": \"\",\n      \"specific attributes of the symptom\": {\n        \"location\": \"\",\n        \"Quality of\": \"\",\n        \"temporalisation\": \"episodic\"\n      },\n      \"When did the symptom appear\": \"\",\n      \"previous treatments\": \"unknown\",\n      \"reaction to previous treaments\": \"unknown\",\n      \"behaviour affecting the symptom\": \"\"\n    }\n  ],\n  \"socio economic context\": {},\n  \"geographic_context\": {\n    \"location\": \"\",\n    \"recent travels\": \"\",\n    \"level of care\": \"\"\n  },\n  \"physiological context\": {},\n  \"psychological context\": {},\n  \"personal medical_history\": {\n    \"adenomatous colonic polyps\": \"known history\"\n  },\n  \"family medical_history\": {},\n  \"current medication\": {},\n  \"lifestyle factors\": {\n    \"weight loss\": \"15 pounds over the last four months\"\n  },\n  \"results of recent medical tests\": {\n    \"imaging study\": \"confirmed presence of liver metastases\"\n  }\n}"}