{"condition_name": "Carcinoid Syndrome", "guideline": "guideline_mayo.jsonl_178.json", "patient_nb": "2", "structured_patient": "{\n    \"symptoms\": [\n        {\n            \"name of the symptom\": \"skin flushing\",\n            \"intensity of symptom\": \"frequent\",\n            \"specific attributes of the symptom\": {\n                \"location\": \"skin\",\n                \"Quality of\": \"appearance of facial skin lesions\",\n                \"temporalisation\": \"episodic\"\n            },\n            \"When did the symptom appear\": \"\",\n            \"previous treatments\": \"somatostatin analogs\",\n            \"reaction to previous treatments\": \"symptoms persist\",\n            \"behaviour affecting the symptom\": \"\"\n        },\n        {\n            \"name of the symptom\": \"profuse, watery diarrhea\",\n            \"intensity of symptom\": \"significant\",\n            \"specific attributes of the symptom\": {\n                \"location\": \"gastrointestinal tract\",\n                \"Quality of\": \"\",\n                \"temporalisation\": \"associated with flushing episodes\"\n            },\n            \"When did the symptom appear\": \"\",\n            \"previous treatments\": \"somatostatin analogs\",\n            \"reaction to previous treatments\": \"symptoms persist\",\n            \"behaviour affecting the symptom\": \"\"\n        },\n        {\n            \"name of the symptom\": \"fatigue\",\n            \"intensity of symptom\": \"marked\",\n            \"specific attributes of the symptom\": {\n                \"location\": \"\",\n                \"Quality of\": \"\",\n                \"temporalisation\": \"\"\n            },\n            \"When did the symptom appear\": \"\",\n            \"previous treatments\": \"somatostatin analogs\",\n            \"reaction to previous treatments\": \"symptoms persist\",\n            \"behaviour affecting the symptom\": \"\"\n        },\n        {\n            \"name of the symptom\": \"difficulty in breathing\",\n            \"intensity of symptom\": \"\",\n            \"specific attributes of the symptom\": {\n                \"location\": \"\",\n                \"Quality of\": \"sensation of air hunger\",\n                \"temporalisation\": \"episodic\"\n            },\n            \"When did the symptom appear\": \"\",\n            \"previous treatments\": \"somatostatin analogs\",\n            \"reaction to previous treatments\": \"symptoms persist\",\n            \"behaviour affecting the symptom\": \"\"\n        },\n        {\n            \"name of the symptom\": \"rapid heartbeat\",\n            \"intensity of symptom\": \"\",\n            \"specific attributes of the symptom\": {\n                \"location\": \"\",\n                \"Quality of\": \"\",\n                \"temporalisation\": \"during difficulty in breathing episodes\"\n            },\n            \"When did the symptom appear\": \"\",\n            \"previous treatments\": \"somatostatin analogs\",\n            \"reaction to previous treatments\": \"symptoms persist\",\n            \"behaviour affecting the symptom\": \"\"\n        }\n    ],\n    \"socio economic context\": {},\n    \"geographic_context\": {\n        \"location\": \"\",\n        \"recent travels\": \"\",\n        \"level of care\": \"\"\n    },\n    \"physiological context\": {},\n    \"psychological context\": {},\n    \"personal medical_history\": {\n        \"gastrointestinal carcinoid tumor\": \"history of\"\n    },\n    \"family medical_history\": {},\n    \"current medication\": {},\n    \"lifestyle factors\": {},\n    \"results of recent medical tests\": {}\n}"}