{"condition_name": "Gastroenteritis", "guideline": "guideline_rch.jsonl_205.json", "patient_nb": "1", "structured_patient": "{\n    \"symptoms\": [\n        {\n            \"name of the symptom\": \"non-bilious vomiting\",\n            \"intensity of symptom\": \"\",\n            \"specific attributes of the symptom\": {\n                \"location\": \"\",\n                \"Quality of\": \"watery\",\n                \"temporalisation\": \"24-hour history\"\n            },\n            \"When did the symptom appear\": \"24 hours ago\",\n            \"previous treatments\": \"\",\n            \"reaction to previous treatments\": \"\",\n            \"behaviour affecting the symptom\": \"feeding\"\n        },\n        {\n            \"name of the symptom\": \"frequent watery stools\",\n            \"intensity of symptom\": \"\",\n            \"specific attributes of the symptom\": {\n                \"location\": \"abdominal\",\n                \"Quality of\": \"watery\",\n                \"temporalisation\": \"24-hour history\"\n            },\n            \"When did the symptom appear\": \"24 hours ago\",\n            \"previous treatments\": \"\",\n            \"reaction to previous treatments\": \"\",\n            \"behaviour affecting the symptom\": \"feeding\"\n        },\n        {\n            \"name of the symptom\": \"decreased urine output\",\n            \"intensity of symptom\": \"\",\n            \"specific attributes of the symptom\": {\n                \"location\": \"\",\n                \"Quality of\": \"decreased\",\n                \"temporalisation\": \"\"\n            },\n            \"When did the symptom appear\": \"\",\n            \"previous treatments\": \"\",\n            \"reaction to previous treatments\": \"\",\n            \"behaviour affecting the symptom\": \"feeding\"\n        },\n        {\n            \"name of the symptom\": \"irritability\",\n            \"intensity of symptom\": \"\",\n            \"specific attributes of the symptom\": {\n                \"location\": \"\",\n                \"Quality of\": \"irritable\",\n                \"temporalisation\": \"ongoing\"\n            },\n            \"When did the symptom appear\": \"ongoing\",\n            \"previous treatments\": \"\",\n            \"reaction to previous treatments\": \"\",\n            \"behaviour affecting the symptom\": \"\"\n        },\n        {\n            \"name of the symptom\": \"fever\",\n            \"intensity of symptom\": \"101\u00b0F\",\n            \"specific attributes of the symptom\": {\n                \"location\": \"\",\n                \"Quality of\": \"febrile\",\n                \"temporalisation\": \"\"\n            },\n            \"When did the symptom appear\": \"\",\n            \"previous treatments\": \"\",\n            \"reaction to previous treatments\": \"\",\n            \"behaviour affecting the symptom\": \"\"\n        },\n        {\n            \"name of the symptom\": \"abdominal distension\",\n            \"intensity of symptom\": \"significant\",\n            \"specific attributes of the symptom\": {\n                \"location\": \"abdominal\",\n                \"Quality of\": \"distended\",\n                \"temporalisation\": \"\"\n            },\n            \"When did the symptom appear\": \"\",\n            \"previous treatments\": \"\",\n            \"reaction to previous treatments\": \"\",\n            \"behaviour affecting the symptom\": \"\"\n        },\n        {\n            \"name of the symptom\": \"weight loss\",\n            \"intensity of symptom\": \"5%\",\n            \"specific attributes of the symptom\": {\n                \"location\": \"\",\n                \"Quality of\": \"\",\n                \"temporalisation\": \"\"\n            },\n            \"When did the symptom appear\": \"compared to last documented weight\",\n            \"previous treatments\": \"\",\n            \"reaction to previous treatments\": \"\",\n            \"behaviour affecting the symptom\": \"feeding\"\n        },\n        {\n            \"name of the symptom\": \"abdominal tenderness\",\n            \"intensity of symptom\": \"focal\",\n            \"specific attributes of the symptom\": {\n                \"location\": \"abdominal\",\n                \"Quality of\": \"tenderness\",\n                \"temporalisation\": \"\"\n            },\n            \"When did the symptom appear\": \"\",\n            \"previous treatments\": \"\",\n            \"reaction to previous treatments\": \"\",\n            \"behaviour affecting the symptom\": \"tactile stimulation\"\n        }\n    ],\n    \"socio economic context\": {},\n    \"geographic_context\": {\n        \"location\": \"\",\n        \"recent travels\": \"\",\n        \"level of care\": \"\"\n    },\n    \"physiological context\": {},\n    \"psychological context\": {},\n    \"personal medical_history\": {},\n    \"family medical_history\": {},\n    \"current medication\": {},\n    \"lifestyle factors\": {},\n    \"results of recent medical tests\": {}\n}"}