{"condition_name": "Malaria", "guideline": "guideline_mayo.jsonl_611.json", "patient_nb": "1", "structured_patient": "{\n   \"symptoms\":[\n      {\n         \"name of the symptom\":\"recurrent fevers\",\n         \"intensity of symptom\":\"\",\n         \"specific attributes of the symptom\":{\n            \"location\":\"\",\n            \"Quality of\":\"\",\n            \"temporalisation\":\"cyclic pattern\"\n         },\n         \"When did the symptom appear\":\"\",\n         \"previous treatments\":\"\",\n         \"reaction to previous treaments\":\"\",\n         \"behaviour affecting the symptom\":\"recent travel to a malaria-endemic region\"\n      },\n      {\n         \"name of the symptom\":\"chills\",\n         \"intensity of symptom\":\"\",\n         \"specific attributes of the symptom\":{\n            \"location\":\"\",\n            \"Quality of\":\"\",\n            \"temporalisation\":\"cyclic pattern\"\n         },\n         \"When did the symptom appear\":\"\",\n         \"previous treatments\":\"\",\n         \"reaction to previous treaments\":\"\",\n         \"behaviour affecting the symptom\":\"recent travel to a malaria-endemic region\"\n      },\n      {\n         \"name of the symptom\":\"profuse sweating\",\n         \"intensity of symptom\":\"\",\n         \"specific attributes of the symptom\":{\n            \"location\":\"\",\n            \"Quality of\":\"\",\n            \"temporalisation\":\"cyclic pattern\"\n         },\n         \"When did the symptom appear\":\"\",\n         \"previous treatments\":\"\",\n         \"reaction to previous treaments\":\"\",\n         \"behaviour affecting the symptom\":\"recent travel to a malaria-endemic region\"\n      },\n      {\n         \"name of the symptom\":\"severe headache\",\n         \"intensity of symptom\":\"7/10\",\n         \"specific attributes of the symptom\":{\n            \"location\":\"\",\n            \"Quality of\":\"pain\",\n            \"temporalisation\":\"\"\n         },\n         \"When did the symptom appear\":\"\",\n         \"previous treatments\":\"\",\n         \"reaction to previous treaments\":\"\",\n         \"behaviour affecting the symptom\":\"recent travel to a malaria-endemic region\"\n      },\n      {\n         \"name of the symptom\":\"nausea\",\n         \"intensity of symptom\":\"\",\n         \"specific attributes of the symptom\":{\n            \"location\":\"\",\n            \"Quality of\":\"\",\n            \"temporalisation\":\"\"\n         },\n         \"When did the symptom appear\":\"\",\n         \"previous treatments\":\"\",\n         \"reaction to previous treaments\":\"\",\n         \"behaviour affecting the symptom\":\"recent travel to a malaria-endemic region\"\n      },\n      {\n         \"name of the symptom\":\"vomiting\",\n         \"intensity of symptom\":\"\",\n         \"specific attributes of the symptom\":{\n            \"location\":\"\",\n            \"Quality of\":\"\",\n            \"temporalisation\":\"\"\n         },\n         \"When did the symptom appear\":\"\",\n         \"previous treatments\":\"\",\n         \"reaction to previous treaments\":\"\",\n         \"behaviour affecting the symptom\":\"recent travel to a malaria-endemic region\"\n      },\n      {\n         \"name of the symptom\":\"diarrhea\",\n         \"intensity of symptom\":\"\",\n         \"specific attributes of the symptom\":{\n            \"location\":\"\",\n            \"Quality of\":\"\",\n            \"temporalisation\":\"\"\n         },\n         \"When did the symptom appear\":\"\",\n         \"previous treatments\":\"\",\n         \"reaction to previous treaments\":\"\",\n         \"behaviour affecting the symptom\":\"recent travel to a malaria-endemic region\"\n      },\n      {\n         \"name of the symptom\":\"abdominal pain\",\n         \"intensity of symptom\":\"\",\n         \"specific attributes of the symptom\":{\n            \"location\":\"abdomen\",\n            \"Quality of\":\"pain\",\n            \"temporalisation\":\"\"\n         },\n         \"When did the symptom appear\":\"\",\n         \"previous treatments\":\"\",\n         \"reaction to previous treaments\":\"\",\n         \"behaviour affecting the symptom\":\"recent travel to a malaria-endemic region\"\n      },\n      {\n         \"name of the symptom\":\"muscle pain\",\n         \"intensity of symptom\":\"\",\n         \"specific attributes of the symptom\":{\n            \"location\":\"muscles\",\n            \"Quality of\":\"pain\",\n            \"temporalisation\":\"\"\n         },\n         \"When did the symptom appear\":\"\",\n         \"previous treatments\":\"\",\n         \"reaction to previous treaments\":\"\",\n         \"behaviour affecting the symptom\":\"recent travel to a malaria-endemic region\"\n      },\n      {\n         \"name of the symptom\":\"joint pain\",\n         \"intensity of symptom\":\"\",\n         \"specific attributes of the symptom\":{\n            \"location\":\"joints\",\n            \"Quality of\":\"pain\",\n            \"temporalisation\":\"\"\n         },\n         \"When did the symptom appear\":\"\",\n         \"previous treatments\":\"\",\n         \"reaction to previous treaments\":\"\",\n         \"behaviour affecting the symptom\":\"recent travel to a malaria-endemic region\"\n      }\n   ],\n   \"socio economic context\":{},\n   \"geographic_context\":{\n      \"location\":\"\",\n      \"recent travels\":\"malaria-endemic region\",\n      \"level of care\":\"\"\n   },\n   \"physiological context\":{},\n   \"psychological context\":{},\n   \"personal medical_history\":{},\n   \"family medical_history\":{},\n   \"current medication\":{},\n   \"lifestyle factors\":{},\n   \"results of recent medical tests\":{}\n}"}