{"condition_name": "Sciatica", "guideline": "guideline_nice.jsonl_947.json", "patient_nb": "1", "structured_patient": "{\n  \"symptoms\": [\n    {\n      \"name of the symptom\": \"lower back pain\",\n      \"intensity of symptom\": \"7/10\",\n      \"specific attributes of the symptom\": {\n        \"location\": \"lower back\",\n        \"Quality of\": \"persistent, sharp, shooting pain\",\n        \"temporalisation\": \"exacerbated during prolonged periods of standing or sitting\"\n      },\n      \"When did the symptom appear\": \"\",\n      \"previous treatments\": \"conservative treatments\",\n      \"reaction to previous treaments\": \"symptoms have persisted\",\n      \"behaviour affecting the symptom\": \"prolonged periods of standing or sitting\"\n    },\n    {\n      \"name of the symptom\": \"radiating pain\",\n      \"intensity of symptom\": \"7/10\",\n      \"specific attributes of the symptom\": {\n        \"location\": \"lower back to right leg\",\n        \"Quality of\": \"sharp, shooting pain\",\n        \"temporalisation\": \"exacerbated during prolonged periods of standing or sitting\"\n      },\n      \"When did the symptom appear\": \"\",\n      \"previous treatments\": \"conservative treatments\",\n      \"reaction to previous treaments\": \"symptoms have persisted\",\n      \"behaviour affecting the symptom\": \"prolonged periods of standing or sitting\"\n    },\n    {\n      \"name of the symptom\": \"numbness\",\n      \"intensity of symptom\": \"\",\n      \"specific attributes of the symptom\": {\n        \"location\": \"affected leg\",\n        \"Quality of\": \"numbness\",\n        \"temporalisation\": \"\"\n      },\n      \"When did the symptom appear\": \"\",\n      \"previous treatments\": \"conservative treatments\",\n      \"reaction to previous treaments\": \"symptoms have persisted\",\n      \"behaviour affecting the symptom\": \"prolonged periods of standing or sitting\"\n    },\n    {\n      \"name of the symptom\": \"weakness\",\n      \"intensity of symptom\": \"\",\n      \"specific attributes of the symptom\": {\n        \"location\": \"affected leg\",\n        \"Quality of\": \"weakness\",\n        \"temporalisation\": \"\"\n      },\n      \"When did the symptom appear\": \"\",\n      \"previous treatments\": \"conservative treatments\",\n      \"reaction to previous treaments\": \"symptoms have persisted\",\n      \"behaviour affecting the symptom\": \"prolonged periods of standing or sitting\"\n    }\n  ],\n  \"socio economic context\": {},\n  \"geographic_context\": {\n    \"location\": \"\",\n    \"recent travels\": \"\",\n    \"level of care\": \"\"\n  },\n  \"physiological context\": {},\n  \"psychological context\": {},\n  \"personal medical_history\": {\n    \"recurrent lower back pain\": \"\"\n  },\n  \"family medical_history\": {},\n  \"current medication\": {},\n  \"lifestyle factors\": {},\n  \"results of recent medical tests\": {}\n}"}