{"condition_name": "Acute cholecystitis", "guideline": "guideline_nice.jsonl_12.json", "patient_nb": "3", "structured_patient": "{\n    \"symptoms\": [\n        {\n            \"name of the symptom\": \"sudden-onset severe right upper quadrant abdominal pain\",\n            \"intensity of symptom\": \"9/10\",\n            \"specific attributes of the symptom\": {\n                \"location\": \"right upper quadrant\",\n                \"Quality of\": \"stabbing and cramping\",\n                \"temporalisation\": \"sudden-onset\"\n            },\n            \"When did the symptom appear\": \"yesterday\",\n            \"previous treatments\": \"\",\n            \"reaction to previous treatments\": \"\",\n            \"behaviour affecting the symptom\": \"\"\n        },\n        {\n            \"name of the symptom\": \"frequent episodes of bilious vomiting\",\n            \"intensity of symptom\": \"\",\n            \"specific attributes of the symptom\": {\n                \"location\": \"\",\n                \"Quality of\": \"bilious\",\n                \"temporalisation\": \"\"\n            },\n            \"When did the symptom appear\": \"accompanying the abdominal pain\",\n            \"previous treatments\": \"\",\n            \"reaction to previous treatments\": \"\",\n            \"behaviour affecting the symptom\": \"\"\n        },\n        {\n            \"name of the symptom\": \"elevated temperature\",\n            \"intensity of symptom\": \"\",\n            \"specific attributes of the symptom\": {\n                \"location\": \"\",\n                \"Quality of\": \"\",\n                \"temporalisation\": \"\"\n            },\n            \"When did the symptom appear\": \"\",\n            \"previous treatments\": \"\",\n            \"reaction to previous treatments\": \"\",\n            \"behaviour affecting the symptom\": \"\"\n        }\n    ],\n    \"socio economic context\": {},\n    \"geographic_context\": {\n        \"location\": \"\",\n        \"recent travels\": \"\",\n        \"level of care\": \"emergency department\"\n    },\n    \"physiological context\": {},\n    \"psychological context\": {},\n    \"personal medical_history\": {\n        \"history of gallstone disease\": \"denied\",\n        \"major surgeries\": \"denied\"\n    },\n    \"family medical_history\": {},\n    \"current medication\": {},\n    \"lifestyle factors\": {},\n    \"results of recent medical tests\": {}\n}"}