{"condition_name": "Autism Spectrum Disorder (ASD)", "guideline": "guideline_rch.jsonl_63.json", "patient_nb": "1", "structured_patient": "{\n    \"symptoms\": [\n        {\n            \"name of the symptom\": \"impaired social communication and interaction\",\n            \"intensity of symptom\": \"pronounced\",\n            \"specific attributes of the symptom\": {\n                \"location\": \"social interactions\",\n                \"Quality of\": \"struggling to maintain eye contact, engage in reciprocal conversation, and demonstrate age-appropriate social-emotional reciprocity\",\n                \"temporalisation\": \"persisted for more than 6 months\"\n            },\n            \"When did the symptom appear\": \"not specified\",\n            \"previous treatments\": \"\",\n            \"reaction to previous treatments\": \"\",\n            \"behaviour affecting the symptom\": \"unknown\"\n        },\n        {\n            \"name of the symptom\": \"restrictive, repetitive patterns of behavior\",\n            \"intensity of symptom\": \"pronounced\",\n            \"specific attributes of the symptom\": {\n                \"location\": \"daily routines, attachment to specific objects\",\n                \"Quality of\": \"adherence to routines and strong attachment\",\n                \"temporalisation\": \"persisted for more than 6 months\"\n            },\n            \"When did the symptom appear\": \"not specified\",\n            \"previous treatments\": \"\",\n            \"reaction to previous treatments\": \"\",\n            \"behaviour affecting the symptom\": \"unknown\"\n        },\n        {\n            \"name of the symptom\": \"sensory sensitivities\",\n            \"intensity of symptom\": \"frequent\",\n            \"specific attributes of the symptom\": {\n                \"location\": \"response to loud or unexpected sounds, bright lights, certain textures\",\n                \"Quality of\": \"distress and irritability\",\n                \"temporalisation\": \"persisted for more than 6 months\"\n            },\n            \"When did the symptom appear\": \"not specified\",\n            \"previous treatments\": \"\",\n            \"reaction to previous treatments\": \"\",\n            \"behaviour affecting the symptom\": \"unknown\"\n        }\n    ],\n    \"socio economic context\": {},\n    \"geographic_context\": {\n        \"location\": \"\",\n        \"recent travels\": \"\",\n        \"level of care\": \"\"\n    },\n    \"physiological context\": {},\n    \"psychological context\": {},\n    \"personal medical_history\": {},\n    \"family medical_history\": {\n        \"neurodevelopmental disorders\": \"present in family\"\n    },\n    \"current medication\": {},\n    \"lifestyle factors\": {},\n    \"results of recent medical tests\": {}\n}"}