{"condition_name": "Placenta Accreta", "guideline": "guideline_mayo.jsonl_778.json", "patient_nb": "3", "structured_patient": "{\n    \"symptoms\": [\n        {\n            \"name of the symptom\": \"vaginal bleeding\",\n            \"intensity of symptom\": \"persistent\",\n            \"specific attributes of the symptom\": {\n                \"location\": \"vaginal\",\n                \"Quality of\": \"bleeding\",\n                \"temporalisation\": \"over the last ten days\"\n            },\n            \"When did the symptom appear\": \"within the last ten days\",\n            \"previous treatments\": \"\",\n            \"reaction to previous treaments\": \"\",\n            \"behaviour affecting the symptom\": \"\"\n        },\n        {\n            \"name of the symptom\": \"lower abdominal pain\",\n            \"intensity of symptom\": \"4/10\",\n            \"specific attributes of the symptom\": {\n                \"location\": \"lower abdomen\",\n                \"Quality of\": \"pain\",\n                \"temporalisation\": \"intermittent\"\n            },\n            \"When did the symptom appear\": \"concurrent with vaginal bleeding\",\n            \"previous treatments\": \"\",\n            \"reaction to previous treaments\": \"\",\n            \"behaviour affecting the symptom\": \"\"\n        }\n    ],\n    \"socio economic context\": {},\n    \"geographic_context\": {\n        \"location\": \"\",\n        \"recent travels\": \"\",\n        \"level of care\": \"\"\n    },\n    \"physiological context\": {},\n    \"psychological context\": {},\n    \"personal medical_history\": {\n        \"history of uterine surgery\": \"no\",\n        \"advanced maternal age\": \"yes\"\n    },\n    \"family medical_history\": {},\n    \"current medication\": {},\n    \"lifestyle factors\": {},\n    \"results of recent medical tests\": {\n        \"ultrasound imaging\": \"low-lying placenta\"\n    }\n}"}