{"condition_name": "Knee Pain and Mobility Impairments: Meniscal and Articular Cartilage Lesions", "guideline": "guideline_gc.jsonl_334.json", "patient_nb": "2", "structured_patient": "{\n    \"symptoms\": [\n        {\n            \"name of the symptom\": \"persistent knee pain\",\n            \"intensity of symptom\": \"6/10\",\n            \"specific attributes of the symptom\": {\n                \"location\": \"medial aspect of the right knee joint\",\n                \"Quality of\": \"sharp and stabbing\",\n                \"temporalisation\": \"gradually worsening over the past six months\"\n            },\n            \"When did the symptom appear\": \"over the past six months\",\n            \"previous treatments\": \"underwent previous course of physical therapy\",\n            \"reaction to previous treaments\": \"symptoms have persisted\",\n            \"behaviour affecting the symptom\": \"exacerbated during weight-bearing activities and deep flexion\"\n        },\n        {\n            \"name of the symptom\": \"reduction in mobility\",\n            \"intensity of symptom\": \"\",\n            \"specific attributes of the symptom\": {\n                \"location\": \"knee joint\",\n                \"Quality of\": \"\",\n                \"temporalisation\": \"\"\n            },\n            \"When did the symptom appear\": \"over the past six months\",\n            \"previous treatments\": \"underwent previous course of physical therapy\",\n            \"reaction to previous treaments\": \"symptoms have persisted\",\n            \"behaviour affecting the symptom\": \"activities that require knee flexion\"\n        },\n        {\n            \"name of the symptom\": \"intermittent swelling\",\n            \"intensity of symptom\": \"\",\n            \"specific attributes of the symptom\": {\n                \"location\": \"affected knee\",\n                \"Quality of\": \"swelling\",\n                \"temporalisation\": \"intermittent\"\n            },\n            \"When did the symptom appear\": \"over the past six months\",\n            \"previous treatments\": \"underwent previous course of physical therapy\",\n            \"reaction to previous treaments\": \"symptoms have persisted\",\n            \"behaviour affecting the symptom\": \"\"\n        }\n    ],\n    \"socio economic context\": {},\n    \"geographic_context\": {\n        \"location\": \"\",\n        \"recent travels\": \"\",\n        \"level of care\": \"\"\n    },\n    \"physiological context\": {},\n    \"psychological context\": {},\n    \"personal medical_history\": {},\n    \"family medical_history\": {},\n    \"current medication\": {},\n    \"lifestyle factors\": {},\n    \"results of recent medical tests\": {}\n}"}