{"condition_name": "Intractable trigeminal autonomic cephalalgias", "guideline": "guideline_nice.jsonl_1286.json", "patient_nb": "3", "structured_patient": "{\n    \"symptoms\": [\n        {\n            \"name of the symptom\": \"severe pain attacks\",\n            \"intensity of symptom\": \"9/10\",\n            \"specific attributes of the symptom\": {\n                \"location\": \"right periorbital and temporal region\",\n                \"Quality of\": \"excruciating\",\n                \"temporalisation\": \"relentless\"\n            },\n            \"When did the symptom appear\": \"\",\n            \"previous treatments\": \"unsuccessful trials with first-line medications\",\n            \"reaction to previous treatments\": \"\",\n            \"behaviour affecting the symptom\": \"former heavy alcohol consumer\"\n        },\n        {\n            \"name of the symptom\": \"sweating\",\n            \"intensity of symptom\": \"\",\n            \"specific attributes of the symptom\": {\n                \"location\": \"generalized\",\n                \"Quality of\": \"\",\n                \"temporalisation\": \"during each pain attack\"\n            },\n            \"When did the symptom appear\": \"\",\n            \"previous treatments\": \"\",\n            \"reaction to previous treatments\": \"\",\n            \"behaviour affecting the symptom\": \"\"\n        },\n        {\n            \"name of the symptom\": \"facial flushing\",\n            \"intensity of symptom\": \"\",\n            \"specific attributes of the symptom\": {\n                \"location\": \"face\",\n                \"Quality of\": \"\",\n                \"temporalisation\": \"during each pain attack\"\n            },\n            \"When did the symptom appear\": \"\",\n            \"previous treatments\": \"\",\n            \"reaction to previous treatments\": \"\",\n            \"behaviour affecting the symptom\": \"\"\n        },\n        {\n            \"name of the symptom\": \"ipsilateral rhinorrhea\",\n            \"intensity of symptom\": \"\",\n            \"specific attributes of the symptom\": {\n                \"location\": \"nose\",\n                \"Quality of\": \"\",\n                \"temporalisation\": \"during each pain attack\"\n            },\n            \"When did the symptom appear\": \"\",\n            \"previous treatments\": \"\",\n            \"reaction to previous treatments\": \"\",\n            \"behaviour affecting the symptom\": \"\"\n        }\n    ],\n    \"socio economic context\": {},\n    \"geographic_context\": {\n        \"location\": \"\",\n        \"recent travels\": \"\",\n        \"level of care\": \"\"\n    },\n    \"physiological context\": {},\n    \"psychological context\": {},\n    \"personal medical_history\": {\n        \"alcohol consumption\": \"former heavy consumer\"\n    },\n    \"family medical_history\": {},\n    \"current medication\": {},\n    \"lifestyle factors\": {},\n    \"results of recent medical tests\": {}\n}"}