{"condition_name": "Recurrent prostate cancer", "guideline": "guideline_nice.jsonl_1564.json", "patient_nb": "3", "structured_patient": "{\n  \"symptoms\": [\n    {\n      \"name of the symptom\": \"Elevated PSA levels\",\n      \"intensity of symptom\": \"N/A\",\n      \"specific attributes of the symptom\": {\n        \"location\": \"Prostate\",\n        \"Quality of\": \"N/A\",\n        \"temporalisation\": \"Progressively increasing\"\n      },\n      \"When did the symptom appear\": \"N/A\",\n      \"previous treatments\": \"N/A\",\n      \"reaction to previous treaments\": \"N/A\",\n      \"behaviour affecting the symptom\": \"N/A\"\n    }\n  ],\n  \"socio economic context\": {},\n  \"geographic_context\": {\n    \"location\": \"\",\n    \"recent travels\": \"\",\n    \"level of care\": \"\"\n  },\n  \"physiological context\": {},\n  \"psychological context\": {\n    \"apprehension level\": \"Heightened\",\n    \"impact on mental well-being\": \"Concerned about long-term survival and maintaining quality of life\"\n  },\n  \"personal medical_history\": {},\n  \"family medical_history\": {\n    \"prostate cancer\": \"Positive family history of prostate cancer\"\n  },\n  \"current medication\": {},\n  \"lifestyle factors\": {},\n  \"results of recent medical tests\": {\n    \"PSA levels\": \"Escalating trend, current reading at 5.5 ng/mL\"\n  }\n}"}