{"condition_name": "Refractory chronic pain syndromes (excluding headache)", "guideline": "guideline_nice.jsonl_1281.json", "patient_nb": "2", "structured_patient": "{\n    \"symptoms\": [\n        {\n            \"name of the symptom\": \"diffuse pain\",\n            \"intensity of symptom\": \"6-8/10\",\n            \"specific attributes of the symptom\": {\n                \"location\": \"multiple tender points\",\n                \"Quality of\": \"deep, throbbing ache accompanied by muscle stiffness\",\n                \"temporalisation\": \"persisted for more than six months\"\n            },\n            \"When did the symptom appear\": \"\",\n            \"previous treatments\": \"conventional pain management strategies\",\n            \"reaction to previous treaments\": \"unresponsive\",\n            \"behaviour affecting the symptom\": \"sedentary lifestyle\"\n        },\n        {\n            \"name of the symptom\": \"widespread pain\",\n            \"intensity of symptom\": \"6-8/10\",\n            \"specific attributes of the symptom\": {\n                \"location\": \"diffuse\",\n                \"Quality of\": \"deep, throbbing ache accompanied by muscle stiffness\",\n                \"temporalisation\": \"persisted for more than six months\"\n            },\n            \"When did the symptom appear\": \"\",\n            \"previous treatments\": \"conventional pain management strategies\",\n            \"reaction to previous treaments\": \"unresponsive\",\n            \"behaviour affecting the symptom\": \"sedentary lifestyle\"\n        }\n    ],\n    \"socio economic context\": {},\n    \"geographic_context\": {\n        \"location\": \"\",\n        \"recent travels\": \"\",\n        \"level of care\": \"\"\n    },\n    \"physiological context\": {},\n    \"psychological context\": {},\n    \"personal medical_history\": {\n        \"fibromyalgia\": \"\"\n    },\n    \"family medical_history\": {},\n    \"current medication\": {},\n    \"lifestyle factors\": {\n        \"physical activity level\": \"sedentary\"\n    },\n    \"results of recent medical tests\": {}\n}"}