{"condition_name": "Mosquito bite", "guideline": "guideline_mayo.jsonl_663.json", "patient_nb": "2", "structured_patient": "{\n    \"symptoms\": [\n        {\n            \"name of the symptom\": \"large, swollen, and inflamed area on the skin\",\n            \"intensity of symptom\": \"7 out of 10\",\n            \"specific attributes of the symptom\": {\n                \"location\": \"skin\",\n                \"Quality of\": \"swollen and inflamed\",\n                \"temporalisation\": \"within 24 hours after a mosquito bite\"\n            },\n            \"When did the symptom appear\": \"following a recent camping trip\",\n            \"previous treatments\": \"\",\n            \"reaction to previous treatments\": \"\",\n            \"behaviour affecting the symptom\": \"\"\n        },\n        {\n            \"name of the symptom\": \"hive-like rash\",\n            \"intensity of symptom\": \"\",\n            \"specific attributes of the symptom\": {\n                \"location\": \"skin\",\n                \"Quality of\": \"rash\",\n                \"temporalisation\": \"within 24 hours after a mosquito bite\"\n            },\n            \"When did the symptom appear\": \"following a recent camping trip\",\n            \"previous treatments\": \"\",\n            \"reaction to previous treatments\": \"\",\n            \"behaviour affecting the symptom\": \"\"\n        },\n        {\n            \"name of the symptom\": \"small blisters\",\n            \"intensity of symptom\": \"\",\n            \"specific attributes of the symptom\": {\n                \"location\": \"skin\",\n                \"Quality of\": \"blistered\",\n                \"temporalisation\": \"within 24 hours after a mosquito bite\"\n            },\n            \"When did the symptom appear\": \"following a recent camping trip\",\n            \"previous treatments\": \"\",\n            \"reaction to previous treatments\": \"\",\n            \"behaviour affecting the symptom\": \"\"\n        },\n        {\n            \"name of the symptom\": \"pain\",\n            \"intensity of symptom\": \"7 out of 10\",\n            \"specific attributes of the symptom\": {\n                \"location\": \"affected site\",\n                \"Quality of\": \"painful\",\n                \"temporalisation\": \"within 24 hours after a mosquito bite\"\n            },\n            \"When did the symptom appear\": \"following a recent camping trip\",\n            \"previous treatments\": \"\",\n            \"reaction to previous treatments\": \"\",\n            \"behaviour affecting the symptom\": \"\"\n        }\n    ],\n    \"socio economic context\": {},\n    \"geographic_context\": {\n        \"location\": \"\",\n        \"recent travels\": \"camping trip\",\n        \"level of care\": \"\"\n    },\n    \"physiological context\": {},\n    \"psychological context\": {},\n    \"personal medical_history\": {},\n    \"family medical_history\": {},\n    \"current medication\": {},\n    \"lifestyle factors\": {},\n    \"results of recent medical tests\": {}\n}"}