{"condition_name": "Chronic back and leg pain from a variety of causes", "guideline": "guideline_nice.jsonl_1633.json", "patient_nb": "3", "structured_patient": "{\n    \"symptoms\": [\n        {\n            \"name of the symptom\": \"back pain\",\n            \"intensity of symptom\": \"8/10\",\n            \"specific attributes of the symptom\": {\n                \"location\": \"back\",\n                \"Quality of\": \"persistent\",\n                \"temporalisation\": \"over six years\"\n            },\n            \"When did the symptom appear\": \"\",\n            \"previous treatments\": \"lifestyle modifications and over-the-counter pain medications\",\n            \"reaction to previous treatments\": \"symptoms have not significantly improved\",\n            \"behaviour affecting the symptom\": \"physical exertion\"\n        },\n        {\n            \"name of the symptom\": \"leg pain\",\n            \"intensity of symptom\": \"7/10\",\n            \"specific attributes of the symptom\": {\n                \"location\": \"primarily localized to the right side\",\n                \"Quality of\": \"shooting sensation\",\n                \"temporalisation\": \"\"\n            },\n            \"When did the symptom appear\": \"\",\n            \"previous treatments\": \"lifestyle modifications and over-the-counter pain medications\",\n            \"reaction to previous treatments\": \"symptoms have not significantly improved\",\n            \"behaviour affecting the symptom\": \"\"\n        },\n        {\n            \"name of the symptom\": \"tingling\",\n            \"intensity of symptom\": \"\",\n            \"specific attributes of the symptom\": {\n                \"location\": \"affected leg\",\n                \"Quality of\": \"\",\n                \"temporalisation\": \"frequent episodes\"\n            },\n            \"When did the symptom appear\": \"\",\n            \"previous treatments\": \"lifestyle modifications and over-the-counter pain medications\",\n            \"reaction to previous treatments\": \"symptoms have not significantly improved\",\n            \"behaviour affecting the symptom\": \"\"\n        },\n        {\n            \"name of the symptom\": \"numbness\",\n            \"intensity of symptom\": \"\",\n            \"specific attributes of the symptom\": {\n                \"location\": \"affected leg\",\n                \"Quality of\": \"\",\n                \"temporalisation\": \"frequent episodes\"\n            },\n            \"When did the symptom appear\": \"\",\n            \"previous treatments\": \"lifestyle modifications and over-the-counter pain medications\",\n            \"reaction to previous treatments\": \"symptoms have not significantly improved\",\n            \"behaviour affecting the symptom\": \"\"\n        }\n    ],\n    \"socio economic context\": {},\n    \"geographic_context\": {\n        \"location\": \"\",\n        \"recent travels\": \"\",\n        \"level of care\": \"\"\n    },\n    \"physiological context\": {},\n    \"psychological context\": {},\n    \"personal medical_history\": {},\n    \"family medical_history\": {},\n    \"current medication\": {},\n    \"lifestyle factors\": {},\n    \"results of recent medical tests\": {}\n}"}