{"condition_name": "Bronchiolitis Obliterans Syndrome", "guideline": "guideline_gc.jsonl_835.json", "patient_nb": "2", "structured_patient": "{\n    \"symptoms\": [\n        {\n            \"name of the symptom\": \"dyspnoea\",\n            \"intensity of symptom\": \"\",\n            \"specific attributes of the symptom\": {\n                \"location\": \"\",\n                \"Quality of\": \"\",\n                \"temporalisation\": \"gradual decline\"\n            },\n            \"When did the symptom appear\": \"\",\n            \"previous treatments\": \"\",\n            \"reaction to previous treaments\": \"\",\n            \"behaviour affecting the symptom\": \"post lung transplantation, history of non-minimal acute cellular rejection\"\n        },\n        {\n            \"name of the symptom\": \"cough\",\n            \"intensity of symptom\": \"\",\n            \"specific attributes of the symptom\": {\n                \"location\": \"\",\n                \"Quality of\": \"dry\",\n                \"temporalisation\": \"persistent\"\n            },\n            \"When did the symptom appear\": \"new-onset\",\n            \"previous treatments\": \"\",\n            \"reaction to previous treaments\": \"\",\n            \"behaviour affecting the symptom\": \"post lung transplantation, history of non-minimal acute cellular rejection\"\n        },\n        {\n            \"name of the symptom\": \"decline in exercise tolerance\",\n            \"intensity of symptom\": \"\",\n            \"specific attributes of the symptom\": {\n                \"location\": \"\",\n                \"Quality of\": \"\",\n                \"temporalisation\": \"gradual\"\n            },\n            \"When did the symptom appear\": \"\",\n            \"previous treatments\": \"\",\n            \"reaction to previous treaments\": \"\",\n            \"behaviour affecting the symptom\": \"post lung transplantation, history of non-minimal acute cellular rejection\"\n        },\n        {\n            \"name of the symptom\": \"fatigue\",\n            \"intensity of symptom\": \"\",\n            \"specific attributes of the symptom\": {\n                \"location\": \"\",\n                \"Quality of\": \"\",\n                \"temporalisation\": \"persistent\"\n            },\n            \"When did the symptom appear\": \"\",\n            \"previous treatments\": \"\",\n            \"reaction to previous treaments\": \"\",\n            \"behaviour affecting the symptom\": \"post lung transplantation, history of non-minimal acute cellular rejection\"\n        }\n    ],\n    \"socio economic context\": {},\n    \"geographic_context\": {\n        \"location\": \"\",\n        \"recent travels\": \"\",\n        \"level of care\": \"\"\n    },\n    \"physiological context\": {},\n    \"psychological context\": {},\n    \"personal medical_history\": {\n        \"post lung transplantation\": \"\",\n        \"non-minimal acute cellular rejection\": \"documented history\"\n    },\n    \"family medical_history\": {},\n    \"current medication\": {},\n    \"lifestyle factors\": {},\n    \"results of recent medical tests\": {\n        \"pulmonary function tests\": \"revealed significant decrease in FEV1\",\n        \"transbronchial lung biopsy specimens\": \"presence of rejection\"\n    }\n}"}