{"condition_name": "Tobacco Use in Children and Adolescents", "guideline": "guideline_usp.jsonl_42.json", "patient_nb": "3", "structured_patient": "{\n    \"symptoms\": [\n        {\n            \"name of the symptom\": \"Chest pain\",\n            \"intensity of symptom\": \"\",\n            \"specific attributes of the symptom\": {\n                \"location\": \"Chest\",\n                \"Quality of\": \"Pressure or tightness\",\n                \"temporalisation\": \"During physical activities\"\n            },\n            \"When did the symptom appear\": \"Three months ago\",\n            \"previous treatments\": \"\",\n            \"reaction to previous treatments\": \"\",\n            \"behaviour affecting the symptom\": \"Smoking\"\n        },\n        {\n            \"name of the symptom\": \"Shortness of breath\",\n            \"intensity of symptom\": \"\",\n            \"specific attributes of the symptom\": {\n                \"location\": \"\",\n                \"Quality of\": \"Feeling of breathlessness or difficulty breathing\",\n                \"temporalisation\": \"During physical activities\"\n            },\n            \"When did the symptom appear\": \"Three months ago\",\n            \"previous treatments\": \"\",\n            \"reaction to previous treatments\": \"\",\n            \"behaviour affecting the symptom\": \"Smoking\"\n        }\n    ],\n    \"socio economic context\": {},\n    \"geographic_context\": {\n        \"location\": \"\",\n        \"recent travels\": \"\",\n        \"level of care\": \"\"\n    },\n    \"physiological context\": {},\n    \"psychological context\": {},\n    \"personal medical_history\": {\n        \"current medication\": {\n            \"name of the medication\": \"\",\n            \"dosage\": \"\"\n        },\n        \"lifestyle factors\": {\n            \"smoking\": \"Daily\",\n            \"previous attempts to quit\": \"Yes\",\n            \"reaction to quitting\": \"Irritability and mood disturbances\"\n        }\n    },\n    \"family medical_history\": {\n        \"respiratory conditions\": \"Present in family\"\n    },\n    \"current medication\": {},\n    \"lifestyle factors\": {},\n    \"results of recent medical tests\": {}\n}"}