{"condition_name": "Lipid Disorders in Children and Adolescents", "guideline": "guideline_usp.jsonl_2.json", "patient_nb": "3", "structured_patient": "{\n    \"symptoms\": [\n        {\n            \"name of the symptom\": \"high LDL cholesterol\",\n            \"intensity of symptom\": \"remarkably high\",\n            \"specific attributes of the symptom\": {\n                \"location\": \"\",\n                \"Quality of\": \"\",\n                \"temporalisation\": \"recently detected\"\n            },\n            \"When did the symptom appear\": \"during regular health check\",\n            \"previous treatments\": \"\",\n            \"reaction to previous treaments\": \"\",\n            \"behaviour affecting the symptom\": \"excessive intake of saturated fat, sedentary routine, obesity\"\n        }\n    ],\n    \"socio economic context\": {},\n    \"geographic_context\": {\n        \"location\": \"\",\n        \"recent travels\": \"\",\n        \"level of care\": \"\"\n    },\n    \"physiological context\": {},\n    \"psychological context\": {},\n    \"personal medical_history\": {\n        \"obesity\": \"indicated by BMI\"\n    },\n    \"family medical_history\": {\n        \"premature cardiovascular events\": \"positive history\"\n    },\n    \"current medication\": {},\n    \"lifestyle factors\": {\n        \"diet\": \"excessive intake of saturated fat\",\n        \"physical activity\": \"sedentary routine\"\n    },\n    \"results of recent medical tests\": {\n        \"lipid profile\": \"remarkably high LDL cholesterol\"\n    }\n}"}