{"condition_name": "Hip dysplasia", "guideline": "guideline_mayo.jsonl_494.json", "patient_nb": "2", "structured_patient": "{\n    \"symptoms\": [\n        {\n            \"name of the symptom\": \"asymmetric leg lengths\",\n            \"intensity of symptom\": \"\",\n            \"specific attributes of the symptom\": {\n                \"location\": \"legs\",\n                \"Quality of\": \"difference in length\",\n                \"temporalisation\": \"\"\n            },\n            \"When did the symptom appear\": \"observed by parents\",\n            \"previous treatments\": \"\",\n            \"reaction to previous treaments\": \"\",\n            \"behaviour affecting the symptom\": \"limping, favoring right leg\"\n        },\n        {\n            \"name of the symptom\": \"limping\",\n            \"intensity of symptom\": \"\",\n            \"specific attributes of the symptom\": {\n                \"location\": \"\",\n                \"Quality of\": \"discomfort in walking\",\n                \"temporalisation\": \"\"\n            },\n            \"When did the symptom appear\": \"when attempting to walk\",\n            \"previous treatments\": \"\",\n            \"reaction to previous treaments\": \"\",\n            \"behaviour affecting the symptom\": \"favoring right leg\"\n        },\n        {\n            \"name of the symptom\": \"less flexibility in left hip\",\n            \"intensity of symptom\": \"\",\n            \"specific attributes of the symptom\": {\n                \"location\": \"left hip\",\n                \"Quality of\": \"reduced flexibility\",\n                \"temporalisation\": \"\"\n            },\n            \"When did the symptom appear\": \"noted during routine care (diaper changes)\",\n            \"previous treatments\": \"\",\n            \"reaction to previous treaments\": \"\",\n            \"behaviour affecting the symptom\": \"\"\n        }\n    ],\n    \"socio economic context\": {},\n    \"geographic_context\": {\n        \"location\": \"\",\n        \"recent travels\": \"\",\n        \"level of care\": \"\"\n    },\n    \"physiological context\": {},\n    \"psychological context\": {},\n    \"personal medical_history\": {},\n    \"family medical_history\": {},\n    \"current medication\": {},\n    \"lifestyle factors\": {},\n    \"results of recent medical tests\": {}\n}"}