{"condition_name": "Central Venous Access Device Infections", "guideline": "guideline_gc.jsonl_706.json", "patient_nb": "1", "structured_patient": "{\n    \"symptoms\": [\n        {\n            \"name of the symptom\": \"localized erythema\",\n            \"intensity of symptom\": \"moderate\",\n            \"specific attributes of the symptom\": {\n                \"location\": \"CVAD insertion site\",\n                \"Quality of\": \"tenderness, purulent discharge\",\n                \"temporalisation\": \"persisting for five days\"\n            },\n            \"When did the symptom appear\": \"\",\n            \"previous treatments\": \"\",\n            \"reaction to previous treatments\": \"\",\n            \"behaviour affecting the symptom\": \"meticulous care provided by trained caregiver\"\n        },\n        {\n            \"name of the symptom\": \"pain\",\n            \"intensity of symptom\": \"moderate\",\n            \"specific attributes of the symptom\": {\n                \"location\": \"CVAD insertion site\",\n                \"Quality of\": \"constant\",\n                \"temporalisation\": \"persisting for five days\"\n            },\n            \"When did the symptom appear\": \"\",\n            \"previous treatments\": \"\",\n            \"reaction to previous treatments\": \"\",\n            \"behaviour affecting the symptom\": \"reliance on home parenteral nutrition (HPN)\"\n        }\n    ],\n    \"socio economic context\": {},\n    \"geographic_context\": {\n        \"location\": \"\",\n        \"recent travels\": \"\",\n        \"level of care\": \"\"\n    },\n    \"physiological context\": {},\n    \"psychological context\": {},\n    \"personal medical_history\": {\n        \"HPN\": \"long-term\"\n    },\n    \"family medical_history\": {},\n    \"current medication\": {},\n    \"lifestyle factors\": {},\n    \"results of recent medical tests\": {}\n}"}