{"condition_name": "Crohn\u2019s Disease", "guideline": "guideline_gc.jsonl_491.json", "patient_nb": "2", "structured_patient": "{\n  \"symptoms\": [\n    {\n      \"name of the symptom\": \"abdominal pain\",\n      \"intensity of symptom\": \"5/10\",\n      \"specific attributes of the symptom\": {\n        \"location\": \"abdominal\",\n        \"Quality of\": \"gradual decline in overall well-being\",\n        \"temporalisation\": \"episodic\"\n      },\n      \"When did the symptom appear\": \"recently\",\n      \"previous treatments\": \"\",\n      \"reaction to previous treaments\": \"\",\n      \"behaviour affecting the symptom\": \"\"\n    }\n  ],\n  \"socio economic context\": {},\n  \"geographic_context\": {\n    \"location\": \"\",\n    \"recent travels\": \"\",\n    \"level of care\": \"\"\n  },\n  \"physiological context\": {},\n  \"psychological context\": {},\n  \"personal medical_history\": {},\n  \"family medical_history\": {},\n  \"current medication\": {},\n  \"lifestyle factors\": {},\n  \"results of recent medical tests\": {\n    \"endoscopy\": \"confirmed asymptomatic recurrence of CD\"\n  }\n}"}