{"condition_name": "Colorectal cancer with liver metastases", "guideline": "guideline_nice.jsonl_491.json", "patient_nb": "3", "structured_patient": "{\n  \"symptoms\": [\n    {\n      \"name of the symptom\": \"right upper quadrant abdominal pain\",\n      \"intensity of symptom\": \"6/10\",\n      \"specific attributes of the symptom\": {\n        \"location\": \"right upper quadrant\",\n        \"Quality of\": \"intermittent, cramp-like\",\n        \"temporalisation\": \"ongoing for the past two months\"\n      },\n      \"When did the symptom appear\": \"past two months\",\n      \"previous treatments\": \"previous chemotherapy for colorectal cancer\",\n      \"reaction to previous treaments\": \"\",\n      \"behaviour affecting the symptom\": \"unknown\"\n    },\n    {\n      \"name of the symptom\": \"unexplained weight loss\",\n      \"intensity of symptom\": \"-12 pounds\",\n      \"specific attributes of the symptom\": {\n        \"location\": \"\",\n        \"Quality of\": \"\",\n        \"temporalisation\": \"\"\n      },\n      \"When did the symptom appear\": \"past two months\",\n      \"previous treatments\": \"\",\n      \"reaction to previous treaments\": \"\",\n      \"behaviour affecting the symptom\": \"unknown\"\n    }\n  ],\n  \"socio economic context\": {},\n  \"geographic_context\": {\n    \"location\": \"\",\n    \"recent travels\": \"\",\n    \"level of care\": \"\"\n  },\n  \"physiological context\": {},\n  \"psychological context\": {},\n  \"personal medical_history\": {\n    \"colorectal cancer\": \"previously diagnosed\"\n  },\n  \"family medical_history\": {},\n  \"current medication\": {},\n  \"lifestyle factors\": {},\n  \"results of recent medical tests\": {\n    \"imaging study\": \"revealed liver metastases\"\n  }\n}"}