{"condition_name": "Dissociative disorders", "guideline": "guideline_mayo.jsonl_313.json", "patient_nb": "1", "structured_patient": "{\n    \"symptoms\": [\n        {\n            \"name of the symptom\": \"memory loss\",\n            \"intensity of symptom\": \"recurring\",\n            \"specific attributes of the symptom\": {\n                \"location\": \"cognitive/memory\",\n                \"Quality of\": \"inability to recollect specific time periods, events, and personal information\",\n                \"temporalisation\": \"episodic\"\n            },\n            \"When did the symptom appear\": \"not provided\",\n            \"previous treatments\": \"not provided\",\n            \"reaction to previous treaments\": \"not provided\",\n            \"behaviour affecting the symptom\": \"not provided\"\n        },\n        {\n            \"name of the symptom\": \"sense of detachment\",\n            \"intensity of symptom\": \"persistent\",\n            \"specific attributes of the symptom\": {\n                \"location\": \"self and emotions\",\n                \"Quality of\": \"feeling disconnected from oneself and emotions\",\n                \"temporalisation\": \"ongoing\"\n            },\n            \"When did the symptom appear\": \"not provided\",\n            \"previous treatments\": \"not provided\",\n            \"reaction to previous treaments\": \"not provided\",\n            \"behaviour affecting the symptom\": \"not provided\"\n        },\n        {\n            \"name of the symptom\": \"distorted perceptions\",\n            \"intensity of symptom\": \"persistent\",\n            \"specific attributes of the symptom\": {\n                \"location\": \"perceptions of people and environment\",\n                \"Quality of\": \"perceiving people and environment differently\",\n                \"temporalisation\": \"ongoing\"\n            },\n            \"When did the symptom appear\": \"not provided\",\n            \"previous treatments\": \"not provided\",\n            \"reaction to previous treaments\": \"not provided\",\n            \"behaviour affecting the symptom\": \"not provided\"\n        },\n        {\n            \"name of the symptom\": \"blurred sense of identity\",\n            \"intensity of symptom\": \"moderate\",\n            \"specific attributes of the symptom\": {\n                \"location\": \"self-perception\",\n                \"Quality of\": \"uncertainty about personal identity\",\n                \"temporalisation\": \"ongoing\"\n            },\n            \"When did the symptom appear\": \"not provided\",\n            \"previous treatments\": \"not provided\",\n            \"reaction to previous treaments\": \"not provided\",\n            \"behaviour affecting the symptom\": \"not provided\"\n        },\n        {\n            \"name of the symptom\": \"high level of stress\",\n            \"intensity of symptom\": \"high\",\n            \"specific attributes of the symptom\": {\n                \"location\": \"general\",\n                \"Quality of\": \"stressful experiences\",\n                \"temporalisation\": \"ongoing\"\n            },\n            \"When did the symptom appear\": \"not provided\",\n            \"previous treatments\": \"not provided\",\n            \"reaction to previous treaments\": \"not provided\",\n            \"behaviour affecting the symptom\": \"not provided\"\n        },\n        {\n            \"name of the symptom\": \"recurrent suicidal thoughts\",\n            \"intensity of symptom\": \"recurring\",\n            \"specific attributes of the symptom\": {\n                \"location\": \"cognitive/thoughts\",\n                \"Quality of\": \"thoughts of self-harm\",\n                \"temporalisation\": \"ongoing\"\n            },\n            \"When did the symptom appear\": \"not provided\",\n            \"previous treatments\": \"not provided\",\n            \"reaction to previous treaments\": \"not provided\",\n            \"behaviour affecting the symptom\": \"not provided\"\n        }\n    ],\n    \"socio economic context\": {},\n    \"geographic_context\": {\n        \"location\": \"not provided\",\n        \"recent travels\": \"not provided\",\n        \"level of care\": \"not provided\"\n    },\n    \"physiological context\": {},\n    \"psychological context\": {},\n    \"personal medical_history\": {\n        \"history of childhood trauma\": \"relevant\"\n    },\n    \"family medical_history\": {},\n    \"current medication\": {},\n    \"lifestyle factors\": {},\n    \"results of recent medical tests\": {}\n}"}