{"condition_name": "Benign conditions that have not responded to conservative management (including heavy menstrual bleeding, symptomatic uterine fibroids, chronic pelvic pain and uterine prolapse)", "guideline": "guideline_nice.jsonl_1462.json", "patient_nb": "5", "structured_patient": "{\n    \"symptoms\": [\n        {\n            \"name of the symptom\": \"pelvic pressure\",\n            \"intensity of symptom\": \"\",\n            \"specific attributes of the symptom\": {\n                \"location\": \"pelvic region\",\n                \"Quality of\": \"bothersome sensation\",\n                \"temporalisation\": \"particularly after prolonged standing or physical exertion\"\n            },\n            \"When did the symptom appear\": \"\",\n            \"previous treatments\": \"conservative management\",\n            \"reaction to previous treaments\": \"unresolved\",\n            \"behaviour affecting the symptom\": \"prolonged standing or physical exertion\"\n        },\n        {\n            \"name of the symptom\": \"visible bulge\",\n            \"intensity of symptom\": \"\",\n            \"specific attributes of the symptom\": {\n                \"location\": \"vaginal opening\",\n                \"Quality of\": \"protruding\",\n                \"temporalisation\": \"particularly after prolonged standing or physical exertion\"\n            },\n            \"When did the symptom appear\": \"\",\n            \"previous treatments\": \"conservative management\",\n            \"reaction to previous treaments\": \"unresolved\",\n            \"behaviour affecting the symptom\": \"prolonged standing or physical exertion\"\n        },\n        {\n            \"name of the symptom\": \"heavy menstrual bleeding\",\n            \"intensity of symptom\": \"\",\n            \"specific attributes of the symptom\": {\n                \"location\": \"uterus\",\n                \"Quality of\": \"excessive bleeding\",\n                \"temporalisation\": \"during menstruation\"\n            },\n            \"When did the symptom appear\": \"\",\n            \"previous treatments\": \"conservative management\",\n            \"reaction to previous treaments\": \"unresolved\",\n            \"behaviour affecting the symptom\": \"menstruation\"\n        }\n    ],\n    \"socio economic context\": {},\n    \"geographic_context\": {\n        \"location\": \"\",\n        \"recent travels\": \"\",\n        \"level of care\": \"\"\n    },\n    \"physiological context\": {},\n    \"psychological context\": {},\n    \"personal medical_history\": {\n        \"uterine prolapse\": \"history of\"\n    },\n    \"family medical_history\": {},\n    \"current medication\": {},\n    \"lifestyle factors\": {},\n    \"results of recent medical tests\": {}\n}"}