{"condition_name": "Inadvertent removal of a Gastrostomy tube/device", "guideline": "guideline_rch.jsonl_208.json", "patient_nb": "2", "structured_patient": "{\n  \"symptoms\": [\n    {\n      \"name of the symptom\": \"Gastrostomy tube falling out\",\n      \"intensity of symptom\": \"moderate\",\n      \"specific attributes of the symptom\": {\n        \"location\": \"Gastrostomy site\",\n        \"Quality of\": \"pain and localized tenderness\",\n        \"temporalisation\": \"\"\n      },\n      \"When did the symptom appear\": \"\",\n      \"previous treatments\": \"\",\n      \"reaction to previous treaments\": \"\",\n      \"behaviour affecting the symptom\": \"Gastrostomy tube replacement\"\n    },\n    {\n      \"name of the symptom\": \"Difficulty in swallowing\",\n      \"intensity of symptom\": \"\",\n      \"specific attributes of the symptom\": {\n        \"location\": \"\",\n        \"Quality of\": \"\",\n        \"temporalisation\": \"\"\n      },\n      \"When did the symptom appear\": \"\",\n      \"previous treatments\": \"\",\n      \"reaction to previous treaments\": \"\",\n      \"behaviour affecting the symptom\": \"Reliant on Gastrostomy feedings for nutrition\"\n    },\n    {\n      \"name of the symptom\": \"Localized infection\",\n      \"intensity of symptom\": \"\",\n      \"specific attributes of the symptom\": {\n        \"location\": \"Around the Gastrostomy site\",\n        \"Quality of\": \"slight erythema\",\n        \"temporalisation\": \"\"\n      },\n      \"When did the symptom appear\": \"\",\n      \"previous treatments\": \"\",\n      \"reaction to previous treaments\": \"\",\n      \"behaviour affecting the symptom\": \"\"\n    }\n  ],\n  \"socio economic context\": {},\n  \"geographic_context\": {\n    \"location\": \"\",\n    \"recent travels\": \"\",\n    \"level of care\": \"Emergency department\"\n  },\n  \"physiological context\": {},\n  \"psychological context\": {},\n  \"personal medical_history\": {\n    \"history of\": \"head and neck cancer\"\n  },\n  \"family medical_history\": {},\n  \"current medication\": {},\n  \"lifestyle factors\": {},\n  \"results of recent medical tests\": {}\n}"}