{"condition_name": "Anal fistula", "guideline": "guideline_nice.jsonl_590.json", "patient_nb": "2", "structured_patient": "{\n    \"symptoms\": [\n        {\n            \"name of the symptom\": \"fullness and discomfort in the anal area\",\n            \"intensity of symptom\": \"6/10\",\n            \"specific attributes of the symptom\": {\n                \"location\": \"anal area\",\n                \"Quality of\": \"bothersome sensation of fullness and discomfort\",\n                \"temporalisation\": \"recurring for the past year\"\n            },\n            \"When did the symptom appear\": \"past year\",\n            \"previous treatments\": \"\",\n            \"reaction to previous treaments\": \"\",\n            \"behaviour affecting the symptom\": \"\"\n        },\n        {\n            \"name of the symptom\": \"purulent discharge from the anus\",\n            \"intensity of symptom\": \"\",\n            \"specific attributes of the symptom\": {\n                \"location\": \"anus\",\n                \"Quality of\": \"purulent discharge\",\n                \"temporalisation\": \"accompanying the discomfort\"\n            },\n            \"When did the symptom appear\": \"past year\",\n            \"previous treatments\": \"\",\n            \"reaction to previous treaments\": \"\",\n            \"behaviour affecting the symptom\": \"\"\n        }\n    ],\n    \"socio economic context\": {},\n    \"geographic_context\": {\n        \"location\": \"\",\n        \"recent travels\": \"\",\n        \"level of care\": \"\"\n    },\n    \"physiological context\": {},\n    \"psychological context\": {},\n    \"personal medical_history\": {},\n    \"family medical_history\": {},\n    \"current medication\": {},\n    \"lifestyle factors\": {},\n    \"results of recent medical tests\": {}\n}"}