{"condition_name": "Diabetes", "guideline": "guideline_gc.jsonl_860.json", "patient_nb": "2", "structured_patient": "{\n    \"symptoms\": [\n        {\n            \"name of the symptom\": \"hyperglycemia\",\n            \"intensity of symptom\": \"recurrent\",\n            \"specific attributes of the symptom\": {\n                \"location\": \"\",\n                \"Quality of\": \"high blood glucose levels\",\n                \"temporalisation\": \"persisting\"\n            },\n            \"When did the symptom appear\": \"recently\",\n            \"previous treatments\": \"escalating insulin doses\",\n            \"reaction to previous treaments\": \"not resolved the hyperglycemia\",\n            \"behaviour affecting the symptom\": \"\"\n        },\n        {\n            \"name of the symptom\": \"ketosis\",\n            \"intensity of symptom\": \"elevated\",\n            \"specific attributes of the symptom\": {\n                \"location\": \"\",\n                \"Quality of\": \"ketone levels\",\n                \"temporalisation\": \"\"\n            },\n            \"When did the symptom appear\": \"recently\",\n            \"previous treatments\": \"\",\n            \"reaction to previous treaments\": \"\",\n            \"behaviour affecting the symptom\": \"\"\n        }\n    ],\n    \"socio economic context\": {},\n    \"geographic_context\": {\n        \"location\": \"\",\n        \"recent travels\": \"\",\n        \"level of care\": \"\"\n    },\n    \"physiological context\": {},\n    \"psychological context\": {},\n    \"personal medical_history\": {\n        \"type 1 diabetes\": \"diagnosed 15 years ago\"\n    },\n    \"family medical_history\": {},\n    \"current medication\": {},\n    \"lifestyle factors\": {},\n    \"results of recent medical tests\": {\n        \"blood ketone levels\": \"elevated at 3.8 mmol/L\"\n    }\n}"}