{"condition_name": "Symptomatic interdigital (Morton\u2019s) neuroma", "guideline": "guideline_nice.jsonl_996.json", "patient_nb": "1", "structured_patient": "{\n  \"symptoms\": [\n    {\n      \"name of the symptom\": \"severe intermittent pain\",\n      \"intensity of symptom\": \"8/10\",\n      \"specific attributes of the symptom\": {\n        \"location\": \"right foot\",\n        \"Quality of\": \"pain\",\n        \"temporalisation\": \"exacerbated during physical activities, particularly when pushing off the forefoot\"\n      },\n      \"When did the symptom appear\": \"persistent\",\n      \"previous treatments\": \"changes in footwear, orthotic inserts\",\n      \"reaction to previous treaments\": \"temporary relief\",\n      \"behaviour affecting the symptom\": \"physical activities\"\n    },\n    {\n      \"name of the symptom\": \"burning sensation\",\n      \"intensity of symptom\": \"\",\n      \"specific attributes of the symptom\": {\n        \"location\": \"front part of the sole of the foot, often extending into the toes\",\n        \"Quality of\": \"burning sensation\",\n        \"temporalisation\": \"\"\n      },\n      \"When did the symptom appear\": \"\",\n      \"previous treatments\": \"\",\n      \"reaction to previous treaments\": \"\",\n      \"behaviour affecting the symptom\": \"physical activities\"\n    },\n    {\n      \"name of the symptom\": \"paraesthesia\",\n      \"intensity of symptom\": \"\",\n      \"specific attributes of the symptom\": {\n        \"location\": \"front part of the sole of the foot, often extending into the toes\",\n        \"Quality of\": \"paraesthesia\",\n        \"temporalisation\": \"\"\n      },\n      \"When did the symptom appear\": \"\",\n      \"previous treatments\": \"\",\n      \"reaction to previous treaments\": \"\",\n      \"behaviour affecting the symptom\": \"physical activities\"\n    }\n  ],\n  \"socio economic context\": {},\n  \"geographic_context\": {\n    \"location\": \"\",\n    \"recent travels\": \"\",\n    \"level of care\": \"\"\n  },\n  \"physiological context\": {},\n  \"psychological context\": {},\n  \"personal medical_history\": {\n    \"recurrent foot discomfort\": \"history of\"\n  },\n  \"family medical_history\": {},\n  \"current medication\": {},\n  \"lifestyle factors\": {\n    \"avid runner\": \"yes\"\n  },\n  \"results of recent medical tests\": {}\n}"}