{"condition_name": "Neonatal sleep maximisation in the hospital environment", "guideline": "guideline_rch.jsonl_293.json", "patient_nb": "2", "structured_patient": "{\n    \"symptoms\": [\n        {\n            \"name of the symptom\": \"frequent awakenings\",\n            \"intensity of symptom\": \"moderate\",\n            \"specific attributes of the symptom\": {\n                \"location\": \"during sleep periods\",\n                \"Quality of\": \"interrupted sleep\",\n                \"temporalisation\": \"persisting\"\n            },\n            \"When did the symptom appear\": \"since birth\",\n            \"previous treatments\": \"\",\n            \"reaction to previous treaments\": \"\",\n            \"behaviour affecting the symptom\": \"\"\n        },\n        {\n            \"name of the symptom\": \"unsettled behavior\",\n            \"intensity of symptom\": \"moderate\",\n            \"specific attributes of the symptom\": {\n                \"location\": \"\",\n                \"Quality of\": \"restlessness\",\n                \"temporalisation\": \"during sleep periods\"\n            },\n            \"When did the symptom appear\": \"since birth\",\n            \"previous treatments\": \"\",\n            \"reaction to previous treaments\": \"\",\n            \"behaviour affecting the symptom\": \"\"\n        },\n        {\n            \"name of the symptom\": \"crying during sleep\",\n            \"intensity of symptom\": \"moderate\",\n            \"specific attributes of the symptom\": {\n                \"location\": \"\",\n                \"Quality of\": \"discomfort\",\n                \"temporalisation\": \"during sleep periods\"\n            },\n            \"When did the symptom appear\": \"since birth\",\n            \"previous treatments\": \"\",\n            \"reaction to previous treaments\": \"\",\n            \"behaviour affecting the symptom\": \"\"\n        },\n        {\n            \"name of the symptom\": \"lowered pain threshold\",\n            \"intensity of symptom\": \"unknown\",\n            \"specific attributes of the symptom\": {\n                \"location\": \"\",\n                \"Quality of\": \"increased sensitivity to discomfort\",\n                \"temporalisation\": \"\"\n            },\n            \"When did the symptom appear\": \"unknown\",\n            \"previous treatments\": \"\",\n            \"reaction to previous treaments\": \"\",\n            \"behaviour affecting the symptom\": \"\"\n        }\n    ],\n    \"socio economic context\": {},\n    \"geographic_context\": {\n        \"location\": \"hospital\",\n        \"recent travels\": \"\",\n        \"level of care\": \"specialized neonatal care unit\"\n    },\n    \"physiological context\": {},\n    \"psychological context\": {},\n    \"personal medical_history\": {},\n    \"family medical_history\": {},\n    \"current medication\": {},\n    \"lifestyle factors\": {},\n    \"results of recent medical tests\": {}\n}"}