{"condition_name": "Recurrent prostate cancer", "guideline": "guideline_nice.jsonl_1564.json", "patient_nb": "2", "structured_patient": "{\n  \"symptoms\": [\n    {\n      \"name of the symptom\": \"Rising PSA levels\",\n      \"intensity of symptom\": \"\",\n      \"specific attributes of the symptom\": {\n        \"location\": \"Prostate\",\n        \"Quality of\": \"Indicator of recurrent prostate cancer\",\n        \"temporalisation\": \"\"\n      },\n      \"When did the symptom appear\": \"Gradually increasing\",\n      \"previous treatments\": \"Radical prostatectomy\",\n      \"reaction to previous treaments\": \"\",\n      \"behaviour affecting the symptom\": \"Unknown\"\n    }\n  ],\n  \"socio economic context\": {},\n  \"geographic_context\": {\n    \"location\": \"\",\n    \"recent travels\": \"\",\n    \"level of care\": \"\"\n  },\n  \"physiological context\": {},\n  \"psychological context\": {},\n  \"personal medical_history\": {\n    \"prostate cancer\": \"Managed with radical prostatectomy\"\n  },\n  \"family medical_history\": {},\n  \"current medication\": {},\n  \"lifestyle factors\": {\n    \"active lifestyle\": \"Known for active lifestyle\"\n  },\n  \"results of recent medical tests\": {\n    \"PSA levels\": \"7.2 ng/mL\"\n  }\n}"}