{"condition_name": "Native Vertebral Osteomyelitis in Adults", "guideline": "guideline_gc.jsonl_222.json", "patient_nb": "1", "structured_patient": "{\n    \"symptoms\": [\n        {\n            \"name of the symptom\": \"localized back pain\",\n            \"intensity of symptom\": \"severe (7/10)\",\n            \"specific attributes of the symptom\": {\n                \"location\": \"lumbar region\",\n                \"Quality of\": \"pain\",\n                \"temporalisation\": \"escalating over the past two weeks\"\n            },\n            \"When did the symptom appear\": \"recent\",\n            \"previous treatments\": \"\",\n            \"reaction to previous treaments\": \"\",\n            \"behaviour affecting the symptom\": \"\"\n        },\n        {\n            \"name of the symptom\": \"intermittent low-grade fever\",\n            \"intensity of symptom\": \"\",\n            \"specific attributes of the symptom\": {\n                \"location\": \"\",\n                \"Quality of\": \"fever\",\n                \"temporalisation\": \"intermittent\"\n            },\n            \"When did the symptom appear\": \"recent\",\n            \"previous treatments\": \"\",\n            \"reaction to previous treaments\": \"\",\n            \"behaviour affecting the symptom\": \"\"\n        }\n    ],\n    \"socio economic context\": {},\n    \"geographic_context\": {\n        \"location\": \"\",\n        \"recent travels\": \"\",\n        \"level of care\": \"\"\n    },\n    \"physiological context\": {},\n    \"psychological context\": {},\n    \"personal medical_history\": {\n        \"recent S. aureus bloodstream infection\": \"yes\"\n    },\n    \"family medical_history\": {},\n    \"current medication\": {},\n    \"lifestyle factors\": {},\n    \"results of recent medical tests\": {\n        \"elevated inflammatory markers (ESR and CRP)\": \"present\"\n    }\n}"}