{"condition_name": "Indolent (low grade) non-Hodgkin\"s lymphoma that is refractory to rituximab", "guideline": "guideline_nice.jsonl_1317.json", "patient_nb": "3", "structured_patient": "{\n    \"symptoms\": [\n        {\n            \"name of the symptom\": \"painless, persistent swelling\",\n            \"intensity of symptom\": \"\",\n            \"specific attributes of the symptom\": {\n                \"location\": \"left inguinal region\",\n                \"Quality of\": \"\",\n                \"temporalisation\": \"first noticed seven months ago\"\n            },\n            \"When did the symptom appear\": \"\",\n            \"previous treatments\": \"rituximab treatment\",\n            \"reaction to previous treaments\": \"ineffective in reducing lymphadenopathy\",\n            \"behaviour affecting the symptom\": \"\"\n        }\n    ],\n    \"socio economic context\": {},\n    \"geographic_context\": {\n        \"location\": \"\",\n        \"recent travels\": \"\",\n        \"level of care\": \"\"\n    },\n    \"physiological context\": {},\n    \"psychological context\": {},\n    \"personal medical_history\": {\n        \"indolent non-Hodgkin's lymphoma\": \"on-going\",\n        \"type 2 diabetes mellitus\": \"managed with oral hypoglycemic agents\"\n    },\n    \"family medical_history\": {},\n    \"current medication\": {\n        \"rituximab\": \"ongoing treatment\"\n    },\n    \"lifestyle factors\": {\n        \"maintains active lifestyle\": \"despite the swelling\"\n    },\n    \"results of recent medical tests\": {\n        \"laboratory tests\": \"no abnormal findings\"\n    }\n}"}