{"condition_name": "Urotrauma", "guideline": "guideline_gc.jsonl_465.json", "patient_nb": "1", "structured_patient": "{\n    \"symptoms\": [\n        {\n            \"name of the symptom\": \"flank pain\",\n            \"intensity of symptom\": \"worsening\",\n            \"specific attributes of the symptom\": {\n                \"location\": \"flank\",\n                \"Quality of\": \"pain\",\n                \"temporalisation\": \"persistent\"\n            },\n            \"When did the symptom appear\": \"following motor vehicle accident\",\n            \"previous treatments\": \"\",\n            \"reaction to previous treaments\": \"\",\n            \"behaviour affecting the symptom\": \"rapid deceleration mechanism\"\n        },\n        {\n            \"name of the symptom\": \"gross hematuria\",\n            \"intensity of symptom\": \"persistent\",\n            \"specific attributes of the symptom\": {\n                \"location\": \"urinary system\",\n                \"Quality of\": \"blood in urine\",\n                \"temporalisation\": \"persistent\"\n            },\n            \"When did the symptom appear\": \"past week\",\n            \"previous treatments\": \"\",\n            \"reaction to previous treaments\": \"\",\n            \"behaviour affecting the symptom\": \"motor vehicle accident\"\n        }\n    ],\n    \"socio economic context\": {},\n    \"geographic_context\": {\n        \"location\": \"\",\n        \"recent travels\": \"\",\n        \"level of care\": \"\"\n    },\n    \"physiological context\": {},\n    \"psychological context\": {},\n    \"personal medical_history\": {},\n    \"family medical_history\": {},\n    \"current medication\": {},\n    \"lifestyle factors\": {},\n    \"results of recent medical tests\": {}\n}"}