{"condition_name": "HSV Gingivostomatitis", "guideline": "guideline_rch.jsonl_220.json", "patient_nb": "2", "structured_patient": "{\n  \"symptoms\": [\n    {\n      \"name of the symptom\": \"low-grade fever\",\n      \"intensity of symptom\": \"mild\",\n      \"specific attributes of the symptom\": {\n        \"location\": \"systemic\",\n        \"Quality of\": \"elevated body temperature\",\n        \"temporalisation\": \"present for one week\"\n      },\n      \"When did the symptom appear\": \"one week ago\",\n      \"previous treatments\": \"\",\n      \"reaction to previous treaments\": \"\",\n      \"behaviour affecting the symptom\": \"recent episode of increased stress\"\n    },\n    {\n      \"name of the symptom\": \"anorexia\",\n      \"intensity of symptom\": \"mild\",\n      \"specific attributes of the symptom\": {\n        \"location\": \"appetite\",\n        \"Quality of\": \"reduced desire to eat\",\n        \"temporalisation\": \"present for one week\"\n      },\n      \"When did the symptom appear\": \"one week ago\",\n      \"previous treatments\": \"\",\n      \"reaction to previous treaments\": \"\",\n      \"behaviour affecting the symptom\": \"recent episode of increased stress\"\n    },\n    {\n      \"name of the symptom\": \"headache\",\n      \"intensity of symptom\": \"moderate\",\n      \"specific attributes of the symptom\": {\n        \"location\": \"head\",\n        \"Quality of\": \"pain\",\n        \"temporalisation\": \"present for one week\"\n      },\n      \"When did the symptom appear\": \"one week ago\",\n      \"previous treatments\": \"\",\n      \"reaction to previous treaments\": \"\",\n      \"behaviour affecting the symptom\": \"recent episode of increased stress\"\n    },\n    {\n      \"name of the symptom\": \"oral discomfort\",\n      \"intensity of symptom\": \"mild\",\n      \"specific attributes of the symptom\": {\n        \"location\": \"oral cavity\",\n        \"Quality of\": \"discomfort\",\n        \"temporalisation\": \"recent\"\n      },\n      \"When did the symptom appear\": \"recently\",\n      \"previous treatments\": \"\",\n      \"reaction to previous treaments\": \"\",\n      \"behaviour affecting the symptom\": \"recent episode of increased stress\"\n    },\n    {\n      \"name of the symptom\": \"difficulty in swallowing\",\n      \"intensity of symptom\": \"mild\",\n      \"specific attributes of the symptom\": {\n        \"location\": \"throat/esophagus\",\n        \"Quality of\": \"difficulty\",\n        \"temporalisation\": \"recent\"\n      },\n      \"When did the symptom appear\": \"recently\",\n      \"previous treatments\": \"\",\n      \"reaction to previous treaments\": \"\",\n      \"behaviour affecting the symptom\": \"recent episode of increased stress\"\n    }\n  ],\n  \"socio economic context\": {},\n  \"geographic_context\": {\n    \"location\": \"\",\n    \"recent travels\": \"\",\n    \"level of care\": \"\"\n  },\n  \"physiological context\": {},\n  \"psychological context\": {\n    \"stressors\": [\"work-related issues\"]\n  },\n  \"personal medical_history\": {\n    \"history of\": [\"occasional cold sores\"]\n  },\n  \"family medical_history\": {},\n  \"current medication\": {},\n  \"lifestyle factors\": {},\n  \"results of recent medical tests\": {}\n}"}