{"condition_name": "Chronic low back pain", "guideline": "guideline_nice.jsonl_684.json", "patient_nb": "2", "structured_patient": "{\n    \"symptoms\": [\n        {\n            \"name of the symptom\": \"chronic low back pain\",\n            \"intensity of symptom\": \"7/10\",\n            \"specific attributes of the symptom\": {\n                \"location\": \"lumbar area\",\n                \"Quality of\": \"constant dull ache with intermittent sharp exacerbations\",\n                \"temporalisation\": \"debilitating, impacting ability to sit for prolonged periods\"\n            },\n            \"When did the symptom appear\": \"\",\n            \"previous treatments\": \"underwent epidural steroid injections\",\n            \"reaction to previous treaments\": \"continues to experience lifestyle-limiting pain\",\n            \"behaviour affecting the symptom\": \"prolonged sitting\"\n        }\n    ],\n    \"socio economic context\": {},\n    \"geographic_context\": {\n        \"location\": \"\",\n        \"recent travels\": \"\",\n        \"level of care\": \"\"\n    },\n    \"physiological context\": {},\n    \"psychological context\": {},\n    \"personal medical_history\": {},\n    \"family medical_history\": {},\n    \"current medication\": {},\n    \"lifestyle factors\": {},\n    \"results of recent medical tests\": {\n        \"lumbar imaging\": \"revealed degenerative changes in intervertebral discs and spinal facet joints\"\n    }\n}"}