{"condition_name": "Severe refractory eosinophilic asthma", "guideline": "guideline_nice.jsonl_402.json", "patient_nb": "3", "structured_patient": "{\n    \"symptoms\": [\n        {\n            \"name of the symptom\": \"severe breathing difficulties\",\n            \"intensity of symptom\": \"pronounced\",\n            \"specific attributes of the symptom\": {\n                \"location\": \"respiratory system\",\n                \"Quality of\": \"difficulty in inhaling/exhaling\",\n                \"temporalisation\": \"persistent and debilitating\"\n            },\n            \"When did the symptom appear\": \"presented with\",\n            \"previous treatments\": \"prolonged course of high-dose inhaled corticosteroids and long-acting beta-agonists\",\n            \"reaction to previous treaments\": \"remained refractory\",\n            \"behaviour affecting the symptom\": \"\"\n        },\n        {\n            \"name of the symptom\": \"pronounced wheezing\",\n            \"intensity of symptom\": \"pronounced\",\n            \"specific attributes of the symptom\": {\n                \"location\": \"respiratory system\",\n                \"Quality of\": \"audible high-pitched sound\",\n                \"temporalisation\": \"persistent and debilitating\"\n            },\n            \"When did the symptom appear\": \"presented with\",\n            \"previous treatments\": \"prolonged course of high-dose inhaled corticosteroids and long-acting beta-agonists\",\n            \"reaction to previous treaments\": \"remained refractory\",\n            \"behaviour affecting the symptom\": \"\"\n        },\n        {\n            \"name of the symptom\": \"chronic, unrelenting cough\",\n            \"intensity of symptom\": \"not specified\",\n            \"specific attributes of the symptom\": {\n                \"location\": \"respiratory system/throat\",\n                \"Quality of\": \"persistent\",\n                \"temporalisation\": \"persistent and debilitating\"\n            },\n            \"When did the symptom appear\": \"presented with\",\n            \"previous treatments\": \"prolonged course of high-dose inhaled corticosteroids and long-acting beta-agonists\",\n            \"reaction to previous treaments\": \"remained refractory\",\n            \"behaviour affecting the symptom\": \"\"\n        },\n        {\n            \"name of the symptom\": \"shortness of breath\",\n            \"intensity of symptom\": \"not specified\",\n            \"specific attributes of the symptom\": {\n                \"location\": \"respiratory system\",\n                \"Quality of\": \"difficulty in breathing\",\n                \"temporalisation\": \"notable episodes\"\n            },\n            \"When did the symptom appear\": \"with notable episodes of\",\n            \"previous treatments\": \"prolonged course of high-dose inhaled corticosteroids and long-acting beta-agonists\",\n            \"reaction to previous treaments\": \"remained refractory\",\n            \"behaviour affecting the symptom\": \"\"\n        },\n        {\n            \"name of the symptom\": \"chest tightness\",\n            \"intensity of symptom\": \"not specified\",\n            \"specific attributes of the symptom\": {\n                \"location\": \"chest\",\n                \"Quality of\": \"pressure or constriction\",\n                \"temporalisation\": \"notable episodes\"\n            },\n            \"When did the symptom appear\": \"with notable episodes of\",\n            \"previous treatments\": \"prolonged course of high-dose inhaled corticosteroids and long-acting beta-agonists\",\n            \"reaction to previous treaments\": \"remained refractory\",\n            \"behaviour affecting the symptom\": \"\"\n        }\n    ],\n    \"socio economic context\": {},\n    \"geographic_context\": {\n        \"location\": \"\",\n        \"recent travels\": \"\",\n        \"level of care\": \"\"\n    },\n    \"physiological context\": {},\n    \"psychological context\": {},\n    \"personal medical_history\": {},\n    \"family medical_history\": {},\n    \"current medication\": {},\n    \"lifestyle factors\": {},\n    \"results of recent medical tests\": {\n        \"blood eosinophil count\": \"exceeded 300 cells per microliter\",\n        \"asthma exacerbations history\": \"at least 3 in the past 12 months, requiring systemic corticosteroids\"\n    }\n}"}