{"condition_name": "Lead malfunction", "guideline": "guideline_idsa.jsonl_26.json", "patient_nb": "1", "structured_patient": "{\n    \"symptoms\": [\n        {\n            \"name of the symptom\": \"dizziness\",\n            \"intensity of symptom\": \"recurrent\",\n            \"specific attributes of the symptom\": {\n                \"location\": \"general\",\n                \"Quality of\": \"lightheadedness\",\n                \"temporalisation\": \"more frequent\"\n            },\n            \"When did the symptom appear\": \"recently\",\n            \"previous treatments\": \"optimal blood pressure control\",\n            \"reaction to previous treatments\": \"persisting\",\n            \"behaviour affecting the symptom\": \"N/A\"\n        },\n        {\n            \"name of the symptom\": \"throbbing sensation\",\n            \"intensity of symptom\": \"7/10\",\n            \"specific attributes of the symptom\": {\n                \"location\": \"chest\",\n                \"Quality of\": \"throbbing\",\n                \"temporalisation\": \"N/A\"\n            },\n            \"When did the symptom appear\": \"recently\",\n            \"previous treatments\": \"N/A\",\n            \"reaction to previous treatments\": \"N/A\",\n            \"behaviour affecting the symptom\": \"N/A\"\n        }\n    ],\n    \"socio economic context\": {},\n    \"geographic_context\": {\n        \"location\": \"N/A\",\n        \"recent travels\": \"N/A\",\n        \"level of care\": \"N/A\"\n    },\n    \"physiological context\": {},\n    \"psychological context\": {},\n    \"personal medical_history\": {\n        \"chronic hypertension\": \"present\"\n    },\n    \"family medical_history\": {},\n    \"current medication\": {},\n    \"lifestyle factors\": {},\n    \"results of recent medical tests\": {\n        \"cardiac device lead malfunction\": \"present\"\n    }\n}"}