{"condition_name": "Dry socket (alveolar osteitis)", "guideline": "guideline_mayo.jsonl_325.json", "patient_nb": "3", "structured_patient": "{\n    \"symptoms\": [\n        {\n            \"name of the symptom\": \"severe pain\",\n            \"intensity of symptom\": \"8/10\",\n            \"specific attributes of the symptom\": {\n                \"location\": \"area of tooth extraction\",\n                \"Quality of\": \"persistent, radiates to ear, eye, and neck\",\n                \"temporalisation\": \"four days after extraction\"\n            },\n            \"When did the symptom appear\": \"four days ago after tooth extraction\",\n            \"previous treatments\": \"\",\n            \"reaction to previous treaments\": \"\",\n            \"behaviour affecting the symptom\": \"possible exacerbation due to bruxism history\"\n        },\n        {\n            \"name of the symptom\": \"empty, dry appearance of socket\",\n            \"intensity of symptom\": \"\",\n            \"specific attributes of the symptom\": {\n                \"location\": \"socket where tooth was extracted\",\n                \"Quality of\": \"\",\n                \"temporalisation\": \"\"\n            },\n            \"When did the symptom appear\": \"four days after tooth extraction\",\n            \"previous treatments\": \"\",\n            \"reaction to previous treaments\": \"\",\n            \"behaviour affecting the symptom\": \"possible exacerbation due to bruxism history\"\n        },\n        {\n            \"name of the symptom\": \"bleeding/clot loss\",\n            \"intensity of symptom\": \"partial loss\",\n            \"specific attributes of the symptom\": {\n                \"location\": \"socket where tooth was extracted\",\n                \"Quality of\": \"\",\n                \"temporalisation\": \"\"\n            },\n            \"When did the symptom appear\": \"after tooth extraction\",\n            \"previous treatments\": \"\",\n            \"reaction to previous treaments\": \"\",\n            \"behaviour affecting the symptom\": \"possible exacerbation due to bruxism history\"\n        },\n        {\n            \"name of the symptom\": \"pain radiating to ear, eye, and neck\",\n            \"intensity of symptom\": \"\",\n            \"specific attributes of the symptom\": {\n                \"location\": \"radiates from extraction site to ear, eye, and neck on same side of face\",\n                \"Quality of\": \"\",\n                \"temporalisation\": \"\"\n            },\n            \"When did the symptom appear\": \"after tooth extraction\",\n            \"previous treatments\": \"\",\n            \"reaction to previous treaments\": \"\",\n            \"behaviour affecting the symptom\": \"possible exacerbation due to bruxism history\"\n        },\n        {\n            \"name of the symptom\": \"persistent bad breath and unpleasant taste\",\n            \"intensity of symptom\": \"\",\n            \"specific attributes of the symptom\": {\n                \"location\": \"mouth\",\n                \"Quality of\": \"\",\n                \"temporalisation\": \"persistent\"\n            },\n            \"When did the symptom appear\": \"after tooth extraction\",\n            \"previous treatments\": \"\",\n            \"reaction to previous treaments\": \"\",\n            \"behaviour affecting the symptom\": \"\"\n        }\n    ],\n    \"socio economic context\": {},\n    \"geographic_context\": {\n        \"location\": \"\",\n        \"recent travels\": \"\",\n        \"level of care\": \"\"\n    },\n    \"physiological context\": {},\n    \"psychological context\": {},\n    \"personal medical_history\": {\n        \"bruxism\": \"history of bruxism\"\n    },\n    \"family medical_history\": {},\n    \"current medication\": {},\n    \"lifestyle factors\": {},\n    \"results of recent medical tests\": {\n        \"X-rays\": \"necessary for diagnostic assessment and ruling out other conditions\"\n    }\n}"}