{"condition_name": "Localised prostate cancer with no evidence of spread beyond the prostate or of distant metastases", "guideline": "guideline_nice.jsonl_1507.json", "patient_nb": "3", "structured_patient": "{\n    \"symptoms\": [\n        {\n            \"name of the symptom\": \"hematuria\",\n            \"intensity of symptom\": \"4/10\",\n            \"specific attributes of the symptom\": {\n                \"location\": \"urinary tract\",\n                \"Quality of\": \"blood in urine\",\n                \"temporalisation\": \"recurrent episodes\"\n            },\n            \"When did the symptom appear\": \"prior to seeking medical attention\",\n            \"previous treatments\": \"\",\n            \"reaction to previous treaments\": \"\",\n            \"behaviour affecting the symptom\": \"\"\n        },\n        {\n            \"name of the symptom\": \"pelvic discomfort\",\n            \"intensity of symptom\": \"\",\n            \"specific attributes of the symptom\": {\n                \"location\": \"pelvic region\",\n                \"Quality of\": \"discomfort\",\n                \"temporalisation\": \"occasional\"\n            },\n            \"When did the symptom appear\": \"prior to seeking medical attention\",\n            \"previous treatments\": \"\",\n            \"reaction to previous treaments\": \"\",\n            \"behaviour affecting the symptom\": \"\"\n        }\n    ],\n    \"socio economic context\": {},\n    \"geographic_context\": {\n        \"location\": \"\",\n        \"recent travels\": \"\",\n        \"level of care\": \"\"\n    },\n    \"physiological context\": {},\n    \"psychological context\": {},\n    \"personal medical_history\": {\n        \"prostate cancer\": \"family history\"\n    },\n    \"family medical_history\": {\n        \"prostate cancer\": \"family history\"\n    },\n    \"current medication\": {},\n    \"lifestyle factors\": {},\n    \"results of recent medical tests\": {\n        \"PSA testing\": \"positive for localized prostate cancer\",\n        \"histological examination\": \"diagnosis of localized prostate cancer with no evidence of spread\"\n    }\n}"}