{"condition_name": "Metastatic Non-Castrate Prostate Cancer", "guideline": "guideline_gc.jsonl_190.json", "patient_nb": "1", "structured_patient": "{\n  \"symptoms\": [\n    {\n      \"name of the symptom\": \"bone pain\",\n      \"intensity of symptom\": \"8/10\",\n      \"specific attributes of the symptom\": {\n        \"location\": \"lower back and hips\",\n        \"Quality of\": \"persistent and severe\",\n        \"temporalisation\": \"unresponsive to over-the-counter analgesics\"\n      },\n      \"When did the symptom appear\": \"\",\n      \"previous treatments\": \"\",\n      \"reaction to previous treaments\": \"\",\n      \"behaviour affecting the symptom\": \"\"\n    }\n  ],\n  \"socio economic context\": {},\n  \"geographic_context\": {\n    \"location\": \"\",\n    \"recent travels\": \"\",\n    \"level of care\": \"\"\n  },\n  \"physiological context\": {},\n  \"psychological context\": {},\n  \"personal medical_history\": {},\n  \"family medical_history\": {},\n  \"current medication\": {},\n  \"lifestyle factors\": {},\n  \"results of recent medical tests\": {\n    \"PSA level\": \"markedly elevated\",\n    \"Gleason score\": \"9\",\n    \"presence of bone metastases\": \"four or more\",\n    \"presence of visceral disease\": \"liver and lung metastases\"\n  }\n}"}