{"condition_name": "Central Disorders of Hypersomnolence", "guideline": "guideline_gc.jsonl_771.json", "patient_nb": "2", "structured_patient": "{\n    \"symptoms\": [\n        {\n            \"name of the symptom\": \"excessive daytime sleepiness\",\n            \"intensity of symptom\": \"9 out of 10\",\n            \"specific attributes of the symptom\": {\n                \"location\": \"during the day\",\n                \"Quality of\": \"severe sleepiness\",\n                \"temporalisation\": \"ongoing for over a year\"\n            },\n            \"When did the symptom appear\": \"\",\n            \"previous treatments\": \"\",\n            \"reaction to previous treatments\": \"\",\n            \"behaviour affecting the symptom\": \"sedentary office-based job\"\n        }\n    ],\n    \"socio economic context\": {},\n    \"geographic_context\": {\n        \"location\": \"\",\n        \"recent travels\": \"\",\n        \"level of care\": \"\"\n    },\n    \"physiological context\": {},\n    \"psychological context\": {},\n    \"personal medical_history\": {},\n    \"family medical_history\": {},\n    \"current medication\": {},\n    \"lifestyle factors\": {\n        \"occupational factors\": \"sedentary office-based job\"\n    },\n    \"results of recent medical tests\": {}\n}"}