{"condition_name": "Opioid Use Disorder", "guideline": "guideline_gc.jsonl_628.json", "patient_nb": "3", "structured_patient": "{\n    \"symptoms\": [\n        {\n            \"name of the symptom\": \"substance use\",\n            \"intensity of symptom\": \"persistent\",\n            \"specific attributes of the symptom\": {\n                \"location\": \"n/a\",\n                \"Quality of\": \"compulsive and detrimental\",\n                \"temporalisation\": \"persistent pattern\"\n            },\n            \"When did the symptom appear\": \"history of opioid use\",\n            \"previous treatments\": \"n/a\",\n            \"reaction to previous treatments\": \"n/a\",\n            \"behaviour affecting the symptom\": \"n/a\"\n        }\n    ],\n    \"socio economic context\": {},\n    \"geographic_context\": {\n        \"location\": \"n/a\",\n        \"recent travels\": \"n/a\",\n        \"level of care\": \"n/a\"\n    },\n    \"physiological context\": {},\n    \"psychological context\": {},\n    \"personal medical_history\": {},\n    \"family medical_history\": {\n        \"substance use disorders\": \"genetic predisposition\"\n    },\n    \"current medication\": {},\n    \"lifestyle factors\": {},\n    \"results of recent medical tests\": {}\n}"}