{"condition_name": "Uterine fibroids", "guideline": "guideline_nice.jsonl_563.json", "patient_nb": "3", "structured_patient": "{\n    \"symptoms\": [\n        {\n            \"name of the symptom\": \"menorrhagia\",\n            \"intensity of symptom\": \"abnormally heavy (8/10)\",\n            \"specific attributes of the symptom\": {\n                \"location\": \"uterine\",\n                \"Quality of\": \"excessive menstrual bleeding\",\n                \"temporalisation\": \"during menstrual cycle\"\n            },\n            \"When did the symptom appear\": \"\",\n            \"previous treatments\": \"\",\n            \"reaction to previous treatments\": \"\",\n            \"behaviour affecting the symptom\": \"\"\n        },\n        {\n            \"name of the symptom\": \"inter-menstrual bleeding\",\n            \"intensity of symptom\": \"\",\n            \"specific attributes of the symptom\": {\n                \"location\": \"\",\n                \"Quality of\": \"abnormal bleeding between menstrual cycles\",\n                \"temporalisation\": \"between menstrual cycles\"\n            },\n            \"When did the symptom appear\": \"\",\n            \"previous treatments\": \"\",\n            \"reaction to previous treatments\": \"\",\n            \"behaviour affecting the symptom\": \"\"\n        },\n        {\n            \"name of the symptom\": \"pelvic pressure\",\n            \"intensity of symptom\": \"persistent (6/10)\",\n            \"specific attributes of the symptom\": {\n                \"location\": \"pelvic\",\n                \"Quality of\": \"discomfort/pressure\",\n                \"temporalisation\": \"persistent\"\n            },\n            \"When did the symptom appear\": \"\",\n            \"previous treatments\": \"\",\n            \"reaction to previous treatments\": \"\",\n            \"behaviour affecting the symptom\": \"\"\n        }\n    ],\n    \"socio economic context\": {},\n    \"geographic_context\": {\n        \"location\": \"\",\n        \"recent travels\": \"\",\n        \"level of care\": \"\"\n    },\n    \"physiological context\": {},\n    \"psychological context\": {},\n    \"personal medical_history\": {\n        \"history of recurrent miscarriages\": \"\"\n    },\n    \"family medical_history\": {},\n    \"current medication\": {},\n    \"lifestyle factors\": {},\n    \"results of recent medical tests\": {}\n}"}