{"condition_name": "Gynecological Conditions", "guideline": "guideline_usp.jsonl_78.json", "patient_nb": "1", "structured_patient": "{\n    \"symptoms\": [\n        {\n            \"name of the symptom\": \"persistent, dull pelvic pain\",\n            \"intensity of symptom\": \"4/10\",\n            \"specific attributes of the symptom\": {\n                \"location\": \"lower abdomen\",\n                \"Quality of\": \"dull\",\n                \"temporalisation\": \"persistent\"\n            },\n            \"When did the symptom appear\": \"past six months\",\n            \"previous treatments\": \"\",\n            \"reaction to previous treaments\": \"\",\n            \"behaviour affecting the symptom\": \"\"\n        },\n        {\n            \"name of the symptom\": \"irregular menstrual periods\",\n            \"intensity of symptom\": \"\",\n            \"specific attributes of the symptom\": {\n                \"location\": \"\",\n                \"Quality of\": \"irregular\",\n                \"temporalisation\": \"\"\n            },\n            \"When did the symptom appear\": \"past six months\",\n            \"previous treatments\": \"\",\n            \"reaction to previous treaments\": \"\",\n            \"behaviour affecting the symptom\": \"\"\n        },\n        {\n            \"name of the symptom\": \"prolonged and heavy bleeding\",\n            \"intensity of symptom\": \"\",\n            \"specific attributes of the symptom\": {\n                \"location\": \"\",\n                \"Quality of\": \"prolonged and heavy\",\n                \"temporalisation\": \"\"\n            },\n            \"When did the symptom appear\": \"accompanying irregular menstrual periods\",\n            \"previous treatments\": \"\",\n            \"reaction to previous treaments\": \"\",\n            \"behaviour affecting the symptom\": \"\"\n        }\n    ],\n    \"socio economic context\": {},\n    \"geographic_context\": {\n        \"location\": \"\",\n        \"recent travels\": \"\",\n        \"level of care\": \"\"\n    },\n    \"physiological context\": {},\n    \"psychological context\": {},\n    \"personal medical_history\": {},\n    \"family medical_history\": {},\n    \"current medication\": {},\n    \"lifestyle factors\": {},\n    \"results of recent medical tests\": {}\n}"}