{"condition_name": "Male Hypogonadism", "guideline": "guideline_mayo.jsonl_613.json", "patient_nb": "3", "structured_patient": "{\n    \"symptoms\": [\n        {\n            \"name of the symptom\": \"impaired growth of external sex organs\",\n            \"intensity of symptom\": \"not specified\",\n            \"specific attributes of the symptom\": {\n                \"location\": \"external sex organs\",\n                \"Quality of\": \"impaired growth\",\n                \"temporalisation\": \"developmental\"\n            },\n            \"When did the symptom appear\": \"developmental\",\n            \"previous treatments\": \"\",\n            \"reaction to previous treatments\": \"\",\n            \"behaviour affecting the symptom\": \"\"\n        },\n        {\n            \"name of the symptom\": \"delayed puberty\",\n            \"intensity of symptom\": \"not specified\",\n            \"specific attributes of the symptom\": {\n                \"location\": \"\",\n                \"Quality of\": \"delayed development of secondary sexual characteristics\",\n                \"temporalisation\": \"developmental\"\n            },\n            \"When did the symptom appear\": \"developmental\",\n            \"previous treatments\": \"\",\n            \"reaction to previous treatments\": \"\",\n            \"behaviour affecting the symptom\": \"\"\n        },\n        {\n            \"name of the symptom\": \"underdeveloped male genitals\",\n            \"intensity of symptom\": \"not specified\",\n            \"specific attributes of the symptom\": {\n                \"location\": \"male genitals\",\n                \"Quality of\": \"underdevelopment\",\n                \"temporalisation\": \"developmental\"\n            },\n            \"When did the symptom appear\": \"developmental\",\n            \"previous treatments\": \"\",\n            \"reaction to previous treatments\": \"\",\n            \"behaviour affecting the symptom\": \"\"\n        },\n        {\n            \"name of the symptom\": \"decrease in energy\",\n            \"intensity of symptom\": \"persistent\",\n            \"specific attributes of the symptom\": {\n                \"location\": \"general\",\n                \"Quality of\": \"decreased energy levels\",\n                \"temporalisation\": \"persistent\"\n            },\n            \"When did the symptom appear\": \"not specified\",\n            \"previous treatments\": \"\",\n            \"reaction to previous treatments\": \"\",\n            \"behaviour affecting the symptom\": \"\"\n        },\n        {\n            \"name of the symptom\": \"diminished sex drive\",\n            \"intensity of symptom\": \"distressing\",\n            \"specific attributes of the symptom\": {\n                \"location\": \"sexual\",\n                \"Quality of\": \"decreased libido\",\n                \"temporalisation\": \"persistent\"\n            },\n            \"When did the symptom appear\": \"not specified\",\n            \"previous treatments\": \"\",\n            \"reaction to previous treatments\": \"\",\n            \"behaviour affecting the symptom\": \"\"\n        },\n        {\n            \"name of the symptom\": \"erectile dysfunction\",\n            \"intensity of symptom\": \"distressing\",\n            \"specific attributes of the symptom\": {\n                \"location\": \"genital\",\n                \"Quality of\": \"difficulty achieving/maintaining erection\",\n                \"temporalisation\": \"persistent\"\n            },\n            \"When did the symptom appear\": \"not specified\",\n            \"previous treatments\": \"\",\n            \"reaction to previous treatments\": \"\",\n            \"behaviour affecting the symptom\": \"\"\n        },\n        {\n            \"name of the symptom\": \"depression\",\n            \"intensity of symptom\": \"not specified\",\n            \"specific attributes of the symptom\": {\n                \"location\": \"mental/emotional\",\n                \"Quality of\": \"persistent sadness/low mood\",\n                \"temporalisation\": \"persistent\"\n            },\n            \"When did the symptom appear\": \"not specified\",\n            \"previous treatments\": \"\",\n            \"reaction to previous treatments\": \"\",\n            \"behaviour affecting the symptom\": \"\"\n        },\n        {\n            \"name of the symptom\": \"hot flashes\",\n            \"intensity of symptom\": \"not specified\",\n            \"specific attributes of the symptom\": {\n                \"location\": \"general\",\n                \"Quality of\": \"sudden sensation of heat\",\n                \"temporalisation\": \"not specified\"\n            },\n            \"When did the symptom appear\": \"not specified\",\n            \"previous treatments\": \"\",\n            \"reaction to previous treatments\": \"\",\n            \"behaviour affecting the symptom\": \"\"\n        },\n        {\n            \"name of the symptom\": \"gynecomastia\",\n            \"intensity of symptom\": \"not specified\",\n            \"specific attributes of the symptom\": {\n                \"location\": \"breast tissue\",\n                \"Quality of\": \"enlargement in males\",\n                \"temporalisation\": \"present\"\n            },\n            \"When did the symptom appear\": \"not specified\",\n            \"previous treatments\": \"\",\n            \"reaction to previous treatments\": \"\",\n            \"behaviour affecting the symptom\": \"\"\n        },\n        {\n            \"name of the symptom\": \"decrease in hair growth on the face and body\",\n            \"intensity of symptom\": \"not specified\",\n            \"specific attributes of the symptom\": {\n                \"location\": \"face and body\",\n                \"Quality of\": \"decreased hair growth\",\n                \"temporalisation\": \"present\"\n            },\n            \"When did the symptom appear\": \"not specified\",\n            \"previous treatments\": \"\",\n            \"reaction to previous treatments\": \"\",\n            \"behaviour affecting the symptom\": \"\"\n        },\n        {\n            \"name of the symptom\": \"loss of bone mass\",\n            \"intensity of symptom\": \"not specified\",\n            \"specific attributes of the symptom\": {\n                \"location\": \"bones\",\n                \"Quality of\": \"decreased bone density\",\n                \"temporalisation\": \"present\"\n            },\n            \"When did the symptom appear\": \"not specified\",\n            \"previous treatments\": \"\",\n            \"reaction to previous treatments\": \"\",\n            \"behaviour affecting the symptom\": \"\"\n        }\n    ],\n    \"socio economic context\": {},\n    \"geographic_context\": {\n        \"location\": \"\",\n        \"recent travels\": \"\",\n        \"level of care\": \"\"\n    },\n    \"physiological context\": {},\n    \"psychological context\": {},\n    \"personal medical_history\": {},\n    \"family medical_history\": {},\n    \"current medication\": {},\n    \"lifestyle factors\": {},\n    \"results of recent medical tests\": {}\n}"}