{"condition_name": "Articular cartilage damage in the knee", "guideline": "guideline_nice.jsonl_141.json", "patient_nb": "2", "structured_patient": "{\n    \"symptoms\": [\n        {\n            \"name of the symptom\": \"knee discomfort\",\n            \"intensity of symptom\": \"5/10\",\n            \"specific attributes of the symptom\": {\n                \"location\": \"anterior aspect of the knee joint\",\n                \"Quality of\": \"aching\",\n                \"temporalisation\": \"persistent\"\n            },\n            \"When did the symptom appear\": \"chronic\",\n            \"previous treatments\": \"\",\n            \"reaction to previous treaments\": \"\",\n            \"behaviour affecting the symptom\": \"prolonged periods of standing or walking\"\n        },\n        {\n            \"name of the symptom\": \"palpable stiffness\",\n            \"intensity of symptom\": \"\",\n            \"specific attributes of the symptom\": {\n                \"location\": \"knee\",\n                \"Quality of\": \"stiffness\",\n                \"temporalisation\": \"\"\n            },\n            \"When did the symptom appear\": \"accompanying knee discomfort\",\n            \"previous treatments\": \"\",\n            \"reaction to previous treaments\": \"\",\n            \"behaviour affecting the symptom\": \"prolonged periods of standing or walking\"\n        }\n    ],\n    \"socio economic context\": {},\n    \"geographic_context\": {\n        \"location\": \"\",\n        \"recent travels\": \"\",\n        \"level of care\": \"\"\n    },\n    \"physiological context\": {},\n    \"psychological context\": {},\n    \"personal medical_history\": {},\n    \"family medical_history\": {},\n    \"current medication\": {},\n    \"lifestyle factors\": {},\n    \"results of recent medical tests\": {}\n}"}