{"condition_name": "Liver hemangioma", "guideline": "guideline_mayo.jsonl_599.json", "patient_nb": "2", "structured_patient": "{\n    \"symptoms\": [\n        {\n            \"name of the symptom\": \"recurrent pain\",\n            \"intensity of symptom\": \"6/10\",\n            \"specific attributes of the symptom\": {\n                \"location\": \"upper right abdomen\",\n                \"Quality of\": \"pain\",\n                \"temporalisation\": \"persistent\"\n            },\n            \"When did the symptom appear\": \"last two months\",\n            \"previous treatments\": \"over-the-counter antacids\",\n            \"reaction to previous treaments\": \"minimal relief\",\n            \"behaviour affecting the symptom\": \"not provided\"\n        },\n        {\n            \"name of the symptom\": \"early satiety\",\n            \"intensity of symptom\": \"n/a\",\n            \"specific attributes of the symptom\": {\n                \"location\": \"n/a\",\n                \"Quality of\": \"excessive fullness after small amounts of food\",\n                \"temporalisation\": \"persistent\"\n            },\n            \"When did the symptom appear\": \"last two months\",\n            \"previous treatments\": \"n/a\",\n            \"reaction to previous treaments\": \"n/a\",\n            \"behaviour affecting the symptom\": \"not provided\"\n        },\n        {\n            \"name of the symptom\": \"nausea\",\n            \"intensity of symptom\": \"n/a\",\n            \"specific attributes of the symptom\": {\n                \"location\": \"n/a\",\n                \"Quality of\": \"n/a\",\n                \"temporalisation\": \"n/a\"\n            },\n            \"When did the symptom appear\": \"last two months\",\n            \"previous treatments\": \"n/a\",\n            \"reaction to previous treaments\": \"n/a\",\n            \"behaviour affecting the symptom\": \"not provided\"\n        },\n        {\n            \"name of the symptom\": \"vomiting\",\n            \"intensity of symptom\": \"n/a\",\n            \"specific attributes of the symptom\": {\n                \"location\": \"n/a\",\n                \"Quality of\": \"n/a\",\n                \"temporalisation\": \"occasional\"\n            },\n            \"When did the symptom appear\": \"last two months\",\n            \"previous treatments\": \"n/a\",\n            \"reaction to previous treaments\": \"n/a\",\n            \"behaviour affecting the symptom\": \"not provided\"\n        }\n    ],\n    \"socio economic context\": {},\n    \"geographic_context\": {\n        \"location\": \"n/a\",\n        \"recent travels\": \"n/a\",\n        \"level of care\": \"n/a\"\n    },\n    \"physiological context\": {},\n    \"psychological context\": {},\n    \"personal medical_history\": {},\n    \"family medical_history\": {},\n    \"current medication\": {},\n    \"lifestyle factors\": {},\n    \"results of recent medical tests\": {}\n}"}