{"condition_name": "COVID-19 and/or asymptomatic SARS-CoV-2 infection", "guideline": "guideline_cma.jsonl_50.json", "patient_nb": "3", "structured_patient": "{\n    \"symptoms\": [\n        {\n            \"name of the symptom\": \"None\",\n            \"intensity of symptom\": \"N/A\",\n            \"specific attributes of the symptom\": {\n                \"location\": \"N/A\",\n                \"Quality of\": \"N/A\",\n                \"temporalisation\": \"N/A\"\n            },\n            \"When did the symptom appear\": \"N/A\",\n            \"previous treatments\": \"\",\n            \"reaction to previous treaments\": \"\",\n            \"behaviour affecting the symptom\": \"N/A\"\n        }\n    ],\n    \"socio economic context\": {},\n    \"geographic_context\": {\n        \"location\": \"\",\n        \"recent travels\": \"\",\n        \"level of care\": \"\"\n    },\n    \"physiological context\": {},\n    \"psychological context\": {},\n    \"personal medical_history\": {},\n    \"family medical_history\": {},\n    \"current medication\": {},\n    \"lifestyle factors\": {},\n    \"results of recent medical tests\": {}\n}"}