{"condition_name": "Ankyloglossia (tongue-tie) for breastfeeding", "guideline": "guideline_nice.jsonl_1542.json", "patient_nb": "3", "structured_patient": "{\n  \"symptoms\": [\n    {\n      \"name of the symptom\": \"nipple soreness\",\n      \"intensity of symptom\": \"mild to moderate\",\n      \"specific attributes of the symptom\": {\n        \"location\": \"nipples\",\n        \"Quality of\": \"pain\",\n        \"temporalisation\": \"\"\n      },\n      \"When did the symptom appear\": \"4 weeks ago\",\n      \"previous treatments\": \"received support and guidance from lactation consultants\",\n      \"reaction to previous treatments\": \"distressing situation, ongoing breastfeeding issues\",\n      \"behaviour affecting the symptom\": \"latching difficulties\"\n    },\n    {\n      \"name of the symptom\": \"poor weight gain\",\n      \"intensity of symptom\": \"\",\n      \"specific attributes of the symptom\": {\n        \"location\": \"\",\n        \"Quality of\": \"weight gain\",\n        \"temporalisation\": \"\"\n      },\n      \"When did the symptom appear\": \"\",\n      \"previous treatments\": \"\",\n      \"reaction to previous treatments\": \"\",\n      \"behaviour affecting the symptom\": \"feeding difficulties\"\n    }\n  ],\n  \"socio economic context\": {},\n  \"geographic_context\": {\n    \"location\": \"\",\n    \"recent travels\": \"\",\n    \"level of care\": \"\"\n  },\n  \"physiological context\": {},\n  \"psychological context\": {},\n  \"personal medical_history\": {},\n  \"family medical_history\": {},\n  \"current medication\": {},\n  \"lifestyle factors\": {},\n  \"results of recent medical tests\": {}\n}"}