{"condition_name": "Obstructive Sleep Apnea and Snoring", "guideline": "guideline_gc.jsonl_907.json", "patient_nb": "2", "structured_patient": "{\n    \"symptoms\": [\n        {\n            \"name of the symptom\": \"Snoring\",\n            \"intensity of symptom\": \"Habitual, disruptive\",\n            \"specific attributes of the symptom\": {\n                \"location\": \"Throat/nasal passages\",\n                \"Quality of\": \"Loud noise/vibration during breathing\",\n                \"temporalisation\": \"Occurs during sleep\"\n            },\n            \"When did the symptom appear\": \"Longstanding\",\n            \"previous treatments\": \"CPAP therapy\",\n            \"reaction to previous treatments\": \"Intolerable, non-compliant\",\n            \"behaviour affecting the symptom\": \"Not specified\"\n        },\n        {\n            \"name of the symptom\": \"Choking during sleep\",\n            \"intensity of symptom\": \"Occasional\",\n            \"specific attributes of the symptom\": {\n                \"location\": \"Throat\",\n                \"Quality of\": \"Sudden airway obstruction\",\n                \"temporalisation\": \"Occurs during sleep\"\n            },\n            \"When did the symptom appear\": \"Observed by partner\",\n            \"previous treatments\": \"Not specified\",\n            \"reaction to previous treatments\": \"Not applicable\",\n            \"behaviour affecting the symptom\": \"Not specified\"\n        },\n        {\n            \"name of the symptom\": \"Snorting during sleep\",\n            \"intensity of symptom\": \"Occasional\",\n            \"specific attributes of the symptom\": {\n                \"location\": \"Nasal passages\",\n                \"Quality of\": \"Abrupt inhalation noise\",\n                \"temporalisation\": \"Occurs during sleep\"\n            },\n            \"When did the symptom appear\": \"Observed by partner\",\n            \"previous treatments\": \"Not specified\",\n            \"reaction to previous treatments\": \"Not applicable\",\n            \"behaviour affecting the symptom\": \"Not specified\"\n        }\n    ],\n    \"socio economic context\": {},\n    \"geographic_context\": {\n        \"location\": \"\",\n        \"recent travels\": \"\",\n        \"level of care\": \"\"\n    },\n    \"physiological context\": {},\n    \"psychological context\": {},\n    \"personal medical_history\": {\n        \"BMI\": \"28\",\n        \"hypertension\": \"Mild, well-controlled with medication\"\n    },\n    \"family medical_history\": {},\n    \"current medication\": {\n        \"hypertension\": \"Medication (name not specified)\"\n    },\n    \"lifestyle factors\": {},\n    \"results of recent medical tests\": {}\n}"}