{"condition_name": "Cervical Dilation before First-Trimester Surgical Abortion", "guideline": "guideline_gc.jsonl_319.json", "patient_nb": "2", "structured_patient": "{\n  \"symptoms\": [\n    {\n      \"name of the symptom\": \"lower abdominal cramping\",\n      \"intensity of symptom\": \"mild-to-moderate\",\n      \"specific attributes of the symptom\": {\n        \"location\": \"lower abdomen\",\n        \"Quality of\": \"intermittent, colicky\",\n        \"temporalisation\": \"unknown\"\n      },\n      \"When did the symptom appear\": \"unknown\",\n      \"previous treatments\": \"\",\n      \"reaction to previous treatments\": \"\",\n      \"behaviour affecting the symptom\": \"\"\n    }\n  ],\n  \"socio economic context\": {},\n  \"geographic_context\": {\n    \"location\": \"\",\n    \"recent travels\": \"\",\n    \"level of care\": \"\"\n  },\n  \"physiological context\": {},\n  \"psychological context\": {},\n  \"personal medical_history\": {\n    \"gestational age\": \"9 weeks\",\n    \"nulligravid\": \"yes\"\n  },\n  \"family medical_history\": {},\n  \"current medication\": {},\n  \"lifestyle factors\": {},\n  \"results of recent medical tests\": {}\n}"}