{"condition_name": "Patients with Pulmonary Hypertension", "guideline": "guideline_gc.jsonl_157.json", "patient_nb": "2", "structured_patient": "{\n    \"symptoms\": [\n        {\n            \"name of the symptom\": \"severe right-sided heart failure\",\n            \"intensity of symptom\": \"\",\n            \"specific attributes of the symptom\": {\n                \"location\": \"right side of the heart\",\n                \"Quality of\": \"heart function deterioration\",\n                \"temporalisation\": \"\"\n            },\n            \"When did the symptom appear\": \"\",\n            \"previous treatments\": \"\",\n            \"reaction to previous treaments\": \"\",\n            \"behaviour affecting the symptom\": \"\"\n        },\n        {\n            \"name of the symptom\": \"fluctuations in hemodynamics\",\n            \"intensity of symptom\": \"\",\n            \"specific attributes of the symptom\": {\n                \"location\": \"\",\n                \"Quality of\": \"hemodynamic instability\",\n                \"temporalisation\": \"\"\n            },\n            \"When did the symptom appear\": \"\",\n            \"previous treatments\": \"\",\n            \"reaction to previous treaments\": \"\",\n            \"behaviour affecting the symptom\": \"\"\n        }\n    ],\n    \"socio economic context\": {},\n    \"geographic_context\": {\n        \"location\": \"\",\n        \"recent travels\": \"\",\n        \"level of care\": \"\"\n    },\n    \"physiological context\": {},\n    \"psychological context\": {},\n    \"personal medical_history\": {\n        \"pulmonary hypertension\": \"known history\"\n    },\n    \"family medical_history\": {},\n    \"current medication\": {\n        \"subcutaneous or intravenous PCAs\": \"being used\"\n    },\n    \"lifestyle factors\": {},\n    \"results of recent medical tests\": {\n        \"REVEAL risk score\": \"elevated risk of adverse outcomes\"\n    }\n}"}