{"condition_name": "Viral hemorrhagic fever", "guideline": "guideline_mayo.jsonl_1078.json", "patient_nb": "2", "structured_patient": "{\n    \"symptoms\": [\n        {\n            \"name of the symptom\": \"high-grade fever\",\n            \"intensity of symptom\": \"103.2\u00b0F\",\n            \"specific attributes of the symptom\": {\n                \"location\": \"\",\n                \"Quality of\": \"high\",\n                \"temporalisation\": \"\"\n            },\n            \"When did the symptom appear\": \"\",\n            \"previous treatments\": \"\",\n            \"reaction to previous treaments\": \"\",\n            \"behaviour affecting the symptom\": \"\"\n        },\n        {\n            \"name of the symptom\": \"severe myalgias\",\n            \"intensity of symptom\": \"8/10\",\n            \"specific attributes of the symptom\": {\n                \"location\": \"\",\n                \"Quality of\": \"pain\",\n                \"temporalisation\": \"\"\n            },\n            \"When did the symptom appear\": \"\",\n            \"previous treatments\": \"\",\n            \"reaction to previous treaments\": \"\",\n            \"behaviour affecting the symptom\": \"\"\n        },\n        {\n            \"name of the symptom\": \"joint aches\",\n            \"intensity of symptom\": \"8/10\",\n            \"specific attributes of the symptom\": {\n                \"location\": \"\",\n                \"Quality of\": \"pain\",\n                \"temporalisation\": \"\"\n            },\n            \"When did the symptom appear\": \"\",\n            \"previous treatments\": \"\",\n            \"reaction to previous treaments\": \"\",\n            \"behaviour affecting the symptom\": \"\"\n        },\n        {\n            \"name of the symptom\": \"persistent fatigue\",\n            \"intensity of symptom\": \"\",\n            \"specific attributes of the symptom\": {\n                \"location\": \"\",\n                \"Quality of\": \"fatigue\",\n                \"temporalisation\": \"persistent\"\n            },\n            \"When did the symptom appear\": \"\",\n            \"previous treatments\": \"\",\n            \"reaction to previous treaments\": \"\",\n            \"behaviour affecting the symptom\": \"\"\n        },\n        {\n            \"name of the symptom\": \"weakness\",\n            \"intensity of symptom\": \"\",\n            \"specific attributes of the symptom\": {\n                \"location\": \"\",\n                \"Quality of\": \"weakness\",\n                \"temporalisation\": \"persistent\"\n            },\n            \"When did the symptom appear\": \"\",\n            \"previous treatments\": \"\",\n            \"reaction to previous treaments\": \"\",\n            \"behaviour affecting the symptom\": \"\"\n        },\n        {\n            \"name of the symptom\": \"vomiting\",\n            \"intensity of symptom\": \"\",\n            \"specific attributes of the symptom\": {\n                \"location\": \"\",\n                \"Quality of\": \"nausea/vomiting\",\n                \"temporalisation\": \"episodic\"\n            },\n            \"When did the symptom appear\": \"\",\n            \"previous treatments\": \"\",\n            \"reaction to previous treaments\": \"\",\n            \"behaviour affecting the symptom\": \"\"\n        },\n        {\n            \"name of the symptom\": \"diarrhea\",\n            \"intensity of symptom\": \"\",\n            \"specific attributes of the symptom\": {\n                \"location\": \"\",\n                \"Quality of\": \"loose stools\",\n                \"temporalisation\": \"episodic\"\n            },\n            \"When did the symptom appear\": \"\",\n            \"previous treatments\": \"\",\n            \"reaction to previous treaments\": \"\",\n            \"behaviour affecting the symptom\": \"\"\n        },\n        {\n            \"name of the symptom\": \"bleeding from the ears\",\n            \"intensity of symptom\": \"\",\n            \"specific attributes of the symptom\": {\n                \"location\": \"ears\",\n                \"Quality of\": \"bleeding\",\n                \"temporalisation\": \"\"\n            },\n            \"When did the symptom appear\": \"\",\n            \"previous treatments\": \"\",\n            \"reaction to previous treaments\": \"\",\n            \"behaviour affecting the symptom\": \"\"\n        },\n        {\n            \"name of the symptom\": \"petechiae\",\n            \"intensity of symptom\": \"\",\n            \"specific attributes of the symptom\": {\n                \"location\": \"skin\",\n                \"Quality of\": \"skin rash/spots\",\n                \"temporalisation\": \"\"\n            },\n            \"When did the symptom appear\": \"\",\n            \"previous treatments\": \"\",\n            \"reaction to previous treaments\": \"\",\n            \"behaviour affecting the symptom\": \"\"\n        },\n        {\n            \"name of the symptom\": \"dizziness\",\n            \"intensity of symptom\": \"\",\n            \"specific attributes of the symptom\": {\n                \"location\": \"\",\n                \"Quality of\": \"dizziness\",\n                \"temporalisation\": \"\"\n            },\n            \"When did the symptom appear\": \"\",\n            \"previous treatments\": \"\",\n            \"reaction to previous treaments\": \"\",\n            \"behaviour affecting the symptom\": \"\"\n        },\n        {\n            \"name of the symptom\": \"general feeling of being unwell\",\n            \"intensity of symptom\": \"\",\n            \"specific attributes of the symptom\": {\n                \"location\": \"\",\n                \"Quality of\": \"malaise\",\n                \"temporalisation\": \"general\"\n            },\n            \"When did the symptom appear\": \"\",\n            \"previous treatments\": \"\",\n            \"reaction to previous treaments\": \"\",\n            \"behaviour affecting the symptom\": \"\"\n        }\n    ],\n    \"socio economic context\": {},\n    \"geographic_context\": {\n        \"location\": \"\",\n        \"recent travels\": \"\",\n        \"level of care\": \"\"\n    },\n    \"physiological context\": {},\n    \"psychological context\": {},\n    \"personal medical_history\": {},\n    \"family medical_history\": {},\n    \"current medication\": {},\n    \"lifestyle factors\": {},\n    \"results of recent medical tests\": {}\n}"}