{"condition_name": "Rectovaginal fistula", "guideline": "guideline_mayo.jsonl_860.json", "patient_nb": "3", "structured_patient": "{\n  \"symptoms\": [\n    {\n      \"name of the symptom\": \"passing gas and stool through vagina\",\n      \"intensity of symptom\": \"distressing\",\n      \"specific attributes of the symptom\": {\n        \"location\": \"vagina\",\n        \"Quality of\": \"gas and stool leakage\",\n        \"temporalisation\": \"ongoing for four months since childbirth\"\n      },\n      \"When did the symptom appear\": \"four months since childbirth\",\n      \"previous treatments\": \"\",\n      \"reaction to previous treaments\": \"\",\n      \"behaviour affecting the symptom\": \"difficulty keeping perineum clean\"\n    },\n    {\n      \"name of the symptom\": \"persistent physical discomfort\",\n      \"intensity of symptom\": \"7/10\",\n      \"specific attributes of the symptom\": {\n        \"location\": \"unknown\",\n        \"Quality of\": \"pain\",\n        \"temporalisation\": \"ongoing for four months since childbirth\"\n      },\n      \"When did the symptom appear\": \"four months since childbirth\",\n      \"previous treatments\": \"\",\n      \"reaction to previous treaments\": \"\",\n      \"behaviour affecting the symptom\": \"\"\n    }\n  ],\n  \"socio economic context\": {},\n  \"geographic_context\": {\n    \"location\": \"\",\n    \"recent travels\": \"\",\n    \"level of care\": \"\"\n  },\n  \"physiological context\": {},\n  \"psychological context\": {},\n  \"personal medical_history\": {\n    \"history of childbirth\": \"recently gave birth\"\n  },\n  \"family medical_history\": {},\n  \"current medication\": {},\n  \"lifestyle factors\": {},\n  \"results of recent medical tests\": {}\n}"}