{"condition_name": "Metabolic Bone Disease", "guideline": "guideline_gc.jsonl_730.json", "patient_nb": "3", "structured_patient": "{\n    \"symptoms\": [\n        {\n            \"name of the symptom\": \"abnormal bone health\",\n            \"intensity of symptom\": \"\",\n            \"specific attributes of the symptom\": {\n                \"location\": \"skeletal system\",\n                \"Quality of\": \"reduced mineralization and structural abnormalities\",\n                \"temporalisation\": \"\"\n            },\n            \"When did the symptom appear\": \"\",\n            \"previous treatments\": \"high-dose calcium and phosphorus supplementation\",\n            \"reaction to previous treaments\": \"no improvement\",\n            \"behaviour affecting the symptom\": \"underlying metabolic bone disease, chronic liver disease, aluminum content in PN solution\"\n        },\n        {\n            \"name of the symptom\": \"recurrent musculoskeletal issues\",\n            \"intensity of symptom\": \"\",\n            \"specific attributes of the symptom\": {\n                \"location\": \"musculoskeletal system\",\n                \"Quality of\": \"variability depending on the specific issue\",\n                \"temporalisation\": \"\"\n            },\n            \"When did the symptom appear\": \"\",\n            \"previous treatments\": \"\",\n            \"reaction to previous treaments\": \"\",\n            \"behaviour affecting the symptom\": \"underlying metabolic bone disease, chronic liver disease, aluminum content in PN solution\"\n        },\n        {\n            \"name of the symptom\": \"bowing of the legs\",\n            \"intensity of symptom\": \"\",\n            \"specific attributes of the symptom\": {\n                \"location\": \"lower extremities\",\n                \"Quality of\": \"abnormal alignment\",\n                \"temporalisation\": \"\"\n            },\n            \"When did the symptom appear\": \"\",\n            \"previous treatments\": \"\",\n            \"reaction to previous treaments\": \"\",\n            \"behaviour affecting the symptom\": \"underlying metabolic bone disease, chronic liver disease, aluminum content in PN solution\"\n        },\n        {\n            \"name of the symptom\": \"asymmetric growth pattern\",\n            \"intensity of symptom\": \"\",\n            \"specific attributes of the symptom\": {\n                \"location\": \"overall growth\",\n                \"Quality of\": \"uneven growth rate\",\n                \"temporalisation\": \"\"\n            },\n            \"When did the symptom appear\": \"\",\n            \"previous treatments\": \"\",\n            \"reaction to previous treaments\": \"\",\n            \"behaviour affecting the symptom\": \"underlying metabolic bone disease, chronic liver disease, aluminum content in PN solution\"\n        },\n        {\n            \"name of the symptom\": \"rickets\",\n            \"intensity of symptom\": \"\",\n            \"specific attributes of the symptom\": {\n                \"location\": \"bones\",\n                \"Quality of\": \"improper mineralization, skeletal deformities\",\n                \"temporalisation\": \"\"\n            },\n            \"When did the symptom appear\": \"\",\n            \"previous treatments\": \"high-dose calcium and phosphorus supplementation\",\n            \"reaction to previous treaments\": \"no improvement\",\n            \"behaviour affecting the symptom\": \"underlying metabolic bone disease, chronic liver disease, aluminum content in PN solution\"\n        }\n    ],\n    \"socio economic context\": {},\n    \"geographic_context\": {\n        \"location\": \"\",\n        \"recent travels\": \"\",\n        \"level of care\": \"\"\n    },\n    \"physiological context\": {},\n    \"psychological context\": {},\n    \"personal medical_history\": {\n        \"chronic liver disease\": \"requires prolonged PN support\"\n    },\n    \"family medical_history\": {},\n    \"current medication\": {\n        \"high-dose calcium supplementation\": \"\",\n        \"phosphorus supplementation\": \"\",\n        \"PN solution\": \"contains aluminum\"\n    },\n    \"lifestyle factors\": {},\n    \"results of recent medical tests\": {}\n}"}