{"condition_name": "Small-Bowel Bleeding", "guideline": "guideline_gc.jsonl_464.json", "patient_nb": "1", "structured_patient": "{\n    \"symptoms\": [\n        {\n            \"name of the symptom\": \"recurrent overt small-bowel bleeding\",\n            \"intensity of symptom\": \"unknown\",\n            \"specific attributes of the symptom\": {\n                \"location\": \"small bowel\",\n                \"Quality of\": \"maroon-colored stool\",\n                \"temporalisation\": \"unknown\"\n            },\n            \"When did the symptom appear\": \"unknown\",\n            \"previous treatments\": \"unknown\",\n            \"reaction to previous treatments\": \"unknown\",\n            \"behaviour affecting the symptom\": \"unknown\"\n        },\n        {\n            \"name of the symptom\": \"abdominal pain\",\n            \"intensity of symptom\": \"6/10\",\n            \"specific attributes of the symptom\": {\n                \"location\": \"mid-abdominal region\",\n                \"Quality of\": \"crampy\",\n                \"temporalisation\": \"unknown\"\n            },\n            \"When did the symptom appear\": \"unknown\",\n            \"previous treatments\": \"unknown\",\n            \"reaction to previous treatments\": \"unknown\",\n            \"behaviour affecting the symptom\": \"unknown\"\n        },\n        {\n            \"name of the symptom\": \"iron deficiency\",\n            \"intensity of symptom\": \"unknown\",\n            \"specific attributes of the symptom\": {\n                \"location\": \"unknown\",\n                \"Quality of\": \"unknown\",\n                \"temporalisation\": \"unknown\"\n            },\n            \"When did the symptom appear\": \"unknown\",\n            \"previous treatments\": \"unknown\",\n            \"reaction to previous treatments\": \"unknown\",\n            \"behaviour affecting the symptom\": \"unknown\"\n        }\n    ],\n    \"socio economic context\": {},\n    \"geographic_context\": {\n        \"location\": \"\",\n        \"recent travels\": \"\",\n        \"level of care\": \"\"\n    },\n    \"physiological context\": {},\n    \"psychological context\": {},\n    \"personal medical_history\": {},\n    \"family medical_history\": {},\n    \"current medication\": {},\n    \"lifestyle factors\": {},\n    \"results of recent medical tests\": {}\n}"}