{"condition_name": "Neurodermatitis", "guideline": "guideline_mayo.jsonl_697.json", "patient_nb": "1", "structured_patient": "{\n  \"symptoms\": [\n    {\n      \"name of the symptom\": \"itching\",\n      \"intensity of symptom\": \"persistent and distressing\",\n      \"specific attributes of the symptom\": {\n        \"location\": \"neck, wrists, groin area\",\n        \"Quality of\": \"raised, rough, itchy, leathery\",\n        \"temporalisation\": \"chronic\"\n      },\n      \"When did the symptom appear\": \"\",\n      \"previous treatments\": \"over-the-counter moisturizers, antihistamines\",\n      \"reaction to previous treaments\": \"symptoms have persisted\",\n      \"behaviour affecting the symptom\": \"unknown\"\n    },\n    {\n      \"name of the symptom\": \"scaling\",\n      \"intensity of symptom\": \"persistent and distressing\",\n      \"specific attributes of the symptom\": {\n        \"location\": \"neck, wrists, groin area\",\n        \"Quality of\": \"rough\",\n        \"temporalisation\": \"chronic\"\n      },\n      \"When did the symptom appear\": \"\",\n      \"previous treatments\": \"over-the-counter moisturizers, antihistamines\",\n      \"reaction to previous treaments\": \"symptoms have persisted\",\n      \"behaviour affecting the symptom\": \"unknown\"\n    },\n    {\n      \"name of the symptom\": \"open sores\",\n      \"intensity of symptom\": \"occasional bleeding\",\n      \"specific attributes of the symptom\": {\n        \"location\": \"neck, wrists, groin area\",\n        \"Quality of\": \"\",\n        \"temporalisation\": \"\"\n      },\n      \"When did the symptom appear\": \"\",\n      \"previous treatments\": \"over-the-counter moisturizers, antihistamines\",\n      \"reaction to previous treaments\": \"unknown\",\n      \"behaviour affecting the symptom\": \"\"\n    },\n    {\n      \"name of the symptom\": \"disturbed sleep\",\n      \"intensity of symptom\": \"notable impact\",\n      \"specific attributes of the symptom\": {\n        \"location\": \"\",\n        \"Quality of\": \"\",\n        \"temporalisation\": \"\"\n      },\n      \"When did the symptom appear\": \"\",\n      \"previous treatments\": \"\",\n      \"reaction to previous treaments\": \"\",\n      \"behaviour affecting the symptom\": \"itching\"\n    },\n    {\n      \"name of the symptom\": \"sexual dysfunction\",\n      \"intensity of symptom\": \"notable impact\",\n      \"specific attributes of the symptom\": {\n        \"location\": \"\",\n        \"Quality of\": \"\",\n        \"temporalisation\": \"\"\n      },\n      \"When did the symptom appear\": \"\",\n      \"previous treatments\": \"\",\n      \"reaction to previous treaments\": \"\",\n      \"behaviour affecting the symptom\": \"unknown\"\n    },\n    {\n      \"name of the symptom\": \"anxiety\",\n      \"intensity of symptom\": \"\",\n      \"specific attributes of the symptom\": {\n        \"location\": \"\",\n        \"Quality of\": \"\",\n        \"temporalisation\": \"\"\n      },\n      \"When did the symptom appear\": \"\",\n      \"previous treatments\": \"\",\n      \"reaction to previous treaments\": \"\",\n      \"behaviour affecting the symptom\": \"related to skin condition\"\n    }\n  ],\n  \"socio economic context\": {},\n  \"geographic_context\": {\n    \"location\": \"\",\n    \"recent travels\": \"\",\n    \"level of care\": \"\"\n  },\n  \"physiological context\": {},\n  \"psychological context\": {},\n  \"personal medical_history\": {\n    \"family history of\": \"atopic dermatitis\"\n  },\n  \"family medical_history\": {},\n  \"current medication\": {},\n  \"lifestyle factors\": {},\n  \"results of recent medical tests\": {}\n}"}