{"condition_name": "Dry mouth or xerostomia", "guideline": "guideline_mayo.jsonl_323.json", "patient_nb": "1", "structured_patient": "{\n  \"symptoms\": [\n    {\n      \"name of the symptom\": \"dryness and stickiness in the mouth\",\n      \"intensity of symptom\": \"persistent\",\n      \"specific attributes of the symptom\": {\n        \"location\": \"mouth\",\n        \"Quality of\": \"dryness and stickiness\",\n        \"temporalisation\": \"persistent\"\n      },\n      \"When did the symptom appear\": \"last 6 months\",\n      \"previous treatments\": \"over-the-counter saliva substitutes\",\n      \"reaction to previous treaments\": \"symptoms have persisted\",\n      \"behaviour affecting the symptom\": \"tobacco use (ceased 5 years ago)\"\n    },\n    {\n      \"name of the symptom\": \"thick, stringy saliva\",\n      \"intensity of symptom\": \"persistent\",\n      \"specific attributes of the symptom\": {\n        \"location\": \"oral cavity\",\n        \"Quality of\": \"thickness, stringiness\",\n        \"temporalisation\": \"persistent\"\n      },\n      \"When did the symptom appear\": \"last 6 months\",\n      \"previous treatments\": \"over-the-counter saliva substitutes\",\n      \"reaction to previous treaments\": \"symptoms have persisted\",\n      \"behaviour affecting the symptom\": \"tobacco use (ceased 5 years ago)\"\n    },\n    {\n      \"name of the symptom\": \"sensation of bad breath\",\n      \"intensity of symptom\": \"present\",\n      \"specific attributes of the symptom\": {\n        \"location\": \"oral cavity\",\n        \"Quality of\": \"unpleasant odor\",\n        \"temporalisation\": \"ongoing\"\n      },\n      \"When did the symptom appear\": \"last 6 months\",\n      \"previous treatments\": \"over-the-counter saliva substitutes\",\n      \"reaction to previous treaments\": \"symptoms have persisted\",\n      \"behaviour affecting the symptom\": \"tobacco use (ceased 5 years ago)\"\n    },\n    {\n      \"name of the symptom\": \"difficulties in chewing and swallowing\",\n      \"intensity of symptom\": \"present\",\n      \"specific attributes of the symptom\": {\n        \"location\": \"oral cavity and throat\",\n        \"Quality of\": \"impairment in function\",\n        \"temporalisation\": \"ongoing\"\n      },\n      \"When did the symptom appear\": \"last 6 months\",\n      \"previous treatments\": \"over-the-counter saliva substitutes\",\n      \"reaction to previous treaments\": \"symptoms have persisted\",\n      \"behaviour affecting the symptom\": \"tobacco use (ceased 5 years ago)\"\n    },\n    {\n      \"name of the symptom\": \"dry, sore throat\",\n      \"intensity of symptom\": \"present\",\n      \"specific attributes of the symptom\": {\n        \"location\": \"throat\",\n        \"Quality of\": \"dryness, soreness\",\n        \"temporalisation\": \"ongoing\"\n      },\n      \"When did the symptom appear\": \"last 6 months\",\n      \"previous treatments\": \"over-the-counter saliva substitutes\",\n      \"reaction to previous treaments\": \"symptoms have persisted\",\n      \"behaviour affecting the symptom\": \"tobacco use (ceased 5 years ago)\"\n    },\n    {\n      \"name of the symptom\": \"hoarseness\",\n      \"intensity of symptom\": \"present\",\n      \"specific attributes of the symptom\": {\n        \"location\": \"vocal cords\",\n        \"Quality of\": \"change in voice quality\",\n        \"temporalisation\": \"ongoing\"\n      },\n      \"When did the symptom appear\": \"last 6 months\",\n      \"previous treatments\": \"over-the-counter saliva substitutes\",\n      \"reaction to previous treaments\": \"symptoms have persisted\",\n      \"behaviour affecting the symptom\": \"tobacco use (ceased 5 years ago)\"\n    }\n  ],\n  \"socio economic context\": {},\n  \"geographic_context\": {\n    \"location\": \"\",\n    \"recent travels\": \"\",\n    \"level of care\": \"\"\n  },\n  \"physiological context\": {},\n  \"psychological context\": {},\n  \"personal medical_history\": {\n    \"hypertension\": \"history of\"\n  },\n  \"family medical_history\": {},\n  \"current medication\": {\n    \"hypertension medication\": \"long-term use\"\n  },\n  \"lifestyle factors\": {\n    \"tobacco use\": \"ceased 5 years ago\"\n  },\n  \"results of recent medical tests\": {}\n}"}