{"condition_name": "Subglottic or tracheal stenosis", "guideline": "guideline_nice.jsonl_234.json", "patient_nb": "1", "structured_patient": "{\n    \"symptoms\": [\n        {\n            \"name of the symptom\": \"hoarseness\",\n            \"intensity of symptom\": \"4/10\",\n            \"specific attributes of the symptom\": {\n                \"location\": \"\", \n                \"Quality of\": \"voice alteration\", \n                \"temporalisation\": \"persistent\"\n            },\n            \"When did the symptom appear\": \"after prolonged intubation\",\n            \"previous treatments\": \"\",\n            \"reaction to previous treaments\": \"\",\n            \"behaviour affecting the symptom\": \"\"\n        },\n        {\n            \"name of the symptom\": \"stridor\",\n            \"intensity of symptom\": \"intermittent\",\n            \"specific attributes of the symptom\": {\n                \"location\": \"\", \n                \"Quality of\": \"noisy breathing\", \n                \"temporalisation\": \"during physical exertion\"\n            },\n            \"When did the symptom appear\": \"after prolonged intubation\",\n            \"previous treatments\": \"\",\n            \"reaction to previous treaments\": \"\",\n            \"behaviour affecting the symptom\": \"physical exertion\"\n        },\n        {\n            \"name of the symptom\": \"exercise intolerance\",\n            \"intensity of symptom\": \"5/10\",\n            \"specific attributes of the symptom\": {\n                \"location\": \"\", \n                \"Quality of\": \"difficulty in physical activity\", \n                \"temporalisation\": \"during\"\n            },\n            \"When did the symptom appear\": \"after prolonged intubation\",\n            \"previous treatments\": \"\",\n            \"reaction to previous treaments\": \"\",\n            \"behaviour affecting the symptom\": \"physical exertion\"\n        },\n        {\n            \"name of the symptom\": \"respiratory distress\",\n            \"intensity of symptom\": \"\",\n            \"specific attributes of the symptom\": {\n                \"location\": \"\", \n                \"Quality of\": \"difficulty in breathing\", \n                \"temporalisation\": \"\"\n            },\n            \"When did the symptom appear\": \"after prolonged intubation\",\n            \"previous treatments\": \"\",\n            \"reaction to previous treaments\": \"\",\n            \"behaviour affecting the symptom\": \"\"\n        }\n    ],\n    \"socio economic context\": {},\n    \"geographic_context\": {\n        \"location\": \"\",\n        \"recent travels\": \"\",\n        \"level of care\": \"\"\n    },\n    \"physiological context\": {},\n    \"psychological context\": {},\n    \"personal medical_history\": {\n        \"history of prolonged intubation\": \"10 days\"\n    },\n    \"family medical_history\": {},\n    \"current medication\": {},\n    \"lifestyle factors\": {},\n    \"results of recent medical tests\": {}\n}"}