{"condition_name": "Pneumothorax", "guideline": "guideline_mayo.jsonl_787.json", "patient_nb": "3", "structured_patient": "{\n  \"symptoms\": [\n    {\n      \"name of the symptom\": \"sharp chest pain\",\n      \"intensity of symptom\": \"6/10\",\n      \"specific attributes of the symptom\": {\n        \"location\": \"left side\",\n        \"Quality of\": \"sharp\",\n        \"temporalisation\": \"sudden onset\"\n      },\n      \"When did the symptom appear\": \"recently\",\n      \"previous treatments\": \"none\",\n      \"reaction to previous treatments\": \"\",\n      \"behaviour affecting the symptom\": \"worsens with inspiration\"\n    },\n    {\n      \"name of the symptom\": \"shortness of breath\",\n      \"intensity of symptom\": \"\",\n      \"specific attributes of the symptom\": {\n        \"location\": \"chest\",\n        \"Quality of\": \"difficulty breathing\",\n        \"temporalisation\": \"concomitant with chest pain\"\n      },\n      \"When did the symptom appear\": \"recently\",\n      \"previous treatments\": \"\",\n      \"reaction to previous treatments\": \"\",\n      \"behaviour affecting the symptom\": \"\"\n    }\n  ],\n  \"socio economic context\": {},\n  \"geographic_context\": {\n    \"location\": \"\",\n    \"recent travels\": \"\",\n    \"level of care\": \"\"\n  },\n  \"physiological context\": {},\n  \"psychological context\": {},\n  \"personal medical_history\": {\n    \"history of chronic obstructive pulmonary disease (COPD)\": \"\"\n  },\n  \"family medical_history\": {},\n  \"current medication\": {},\n  \"lifestyle factors\": {},\n  \"results of recent medical tests\": {}\n}"}