{"condition_name": "Development of an abnormal tract (sinus) between the remnants of the parotid gland and the outer surface of the cheek", "guideline": "guideline_nice.jsonl_1624.json", "patient_nb": "1", "structured_patient": "{\n    \"symptoms\": [\n        {\n            \"name of the symptom\": \"visible abnormal tract on the outer surface of right cheek\",\n            \"intensity of symptom\": \"7 on a scale of 10\",\n            \"specific attributes of the symptom\": {\n                \"location\": \"right cheek\",\n                \"Quality of\": \"visible abnormal tract\",\n                \"temporalisation\": \"chronic\"\n            },\n            \"When did the symptom appear\": \"after superficial parotid gland surgery two years ago\",\n            \"previous treatments\": \"various topical remedies\",\n            \"reaction to previous treaments\": \"symptoms persist\",\n            \"behaviour affecting the symptom\": \"unknown\"\n        },\n        {\n            \"name of the symptom\": \"leakage of saliva\",\n            \"intensity of symptom\": \"\",\n            \"specific attributes of the symptom\": {\n                \"location\": \"through the abnormal tract on right cheek\",\n                \"Quality of\": \"\",\n                \"temporalisation\": \"chronic\"\n            },\n            \"When did the symptom appear\": \"after superficial parotid gland surgery two years ago\",\n            \"previous treatments\": \"various topical remedies\",\n            \"reaction to previous treaments\": \"symptoms persist\",\n            \"behaviour affecting the symptom\": \"unknown\"\n        },\n        {\n            \"name of the symptom\": \"excoriation of affected cheek\",\n            \"intensity of symptom\": \"\",\n            \"specific attributes of the symptom\": {\n                \"location\": \"affected cheek (right)\",\n                \"Quality of\": \"excoriation\",\n                \"temporalisation\": \"chronic\"\n            },\n            \"When did the symptom appear\": \"after superficial parotid gland surgery two years ago\",\n            \"previous treatments\": \"various topical remedies\",\n            \"reaction to previous treaments\": \"symptoms persist\",\n            \"behaviour affecting the symptom\": \"unknown\"\n        }\n    ],\n    \"socio economic context\": {},\n    \"geographic_context\": {\n        \"location\": \"\",\n        \"recent travels\": \"\",\n        \"level of care\": \"\"\n    },\n    \"physiological context\": {},\n    \"psychological context\": {},\n    \"personal medical_history\": {\n        \"superficial parotid gland surgery\": \"two years ago\"\n    },\n    \"family medical_history\": {},\n    \"current medication\": {},\n    \"lifestyle factors\": {},\n    \"results of recent medical tests\": {}\n}"}