{"condition_name": "Development of an abnormal tract (sinus) between the remnants of the parotid gland and the outer surface of the cheek", "guideline": "guideline_nice.jsonl_1624.json", "patient_nb": "3", "structured_patient": "{\n    \"symptoms\": [\n        {\n            \"name of the symptom\": \"abnormal tract\",\n            \"intensity of symptom\": \"5 out of 10\",\n            \"specific attributes of the symptom\": {\n                \"location\": \"right cheek\",\n                \"Quality of\": \"presence of abnormal tract\",\n                \"temporalisation\": \"recurring\"\n            },\n            \"When did the symptom appear\": \"unknown\",\n            \"previous treatments\": \"over-the-counter remedies\",\n            \"reaction to previous treaments\": \"symptoms have continued\",\n            \"behaviour affecting the symptom\": \"\"\n        },\n        {\n            \"name of the symptom\": \"unwanted cosmetic effects\",\n            \"intensity of symptom\": \"unknown\",\n            \"specific attributes of the symptom\": {\n                \"location\": \"right cheek\",\n                \"Quality of\": \"cosmetic deformity\",\n                \"temporalisation\": \"chronic\"\n            },\n            \"When did the symptom appear\": \"post-surgery\",\n            \"previous treatments\": \"\",\n            \"reaction to previous treaments\": \"\",\n            \"behaviour affecting the symptom\": \"\"\n        },\n        {\n            \"name of the symptom\": \"chronic leakage of saliva\",\n            \"intensity of symptom\": \"unknown\",\n            \"specific attributes of the symptom\": {\n                \"location\": \"right cheek\",\n                \"Quality of\": \"saliva leakage\",\n                \"temporalisation\": \"chronic\"\n            },\n            \"When did the symptom appear\": \"post-surgery\",\n            \"previous treatments\": \"over-the-counter remedies\",\n            \"reaction to previous treaments\": \"symptoms have continued\",\n            \"behaviour affecting the symptom\": \"\"\n        },\n        {\n            \"name of the symptom\": \"excoriation of affected area\",\n            \"intensity of symptom\": \"unknown\",\n            \"specific attributes of the symptom\": {\n                \"location\": \"affected area (right cheek)\",\n                \"Quality of\": \"skin irritation\",\n                \"temporalisation\": \"chronic\"\n            },\n            \"When did the symptom appear\": \"post-surgery\",\n            \"previous treatments\": \"over-the-counter remedies\",\n            \"reaction to previous treaments\": \"symptoms have continued\",\n            \"behaviour affecting the symptom\": \"\"\n        }\n    ],\n    \"socio economic context\": {},\n    \"geographic_context\": {\n        \"location\": \"\",\n        \"recent travels\": \"\",\n        \"level of care\": \"\"\n    },\n    \"physiological context\": {},\n    \"psychological context\": {},\n    \"personal medical_history\": {\n        \"history of superficial parotid gland surgery\": \"ten years ago\"\n    },\n    \"family medical_history\": {},\n    \"current medication\": {},\n    \"lifestyle factors\": {},\n    \"results of recent medical tests\": {}\n}"}