{"condition_name": "Gaucher disease", "guideline": "guideline_mayo.jsonl_423.json", "patient_nb": "1", "structured_patient": "{\n  \"symptoms\": [\n    {\n      \"name of the symptom\": \"Easy bruising\",\n      \"intensity of symptom\": \"N/A\",\n      \"specific attributes of the symptom\": {\n        \"location\": \"Generalized\",\n        \"Quality of\": \"Appearance of bruises easily\",\n        \"temporalisation\": \"N/A\"\n      },\n      \"When did the symptom appear\": \"Historical\",\n      \"previous treatments\": \"N/A\",\n      \"reaction to previous treaments\": \"N/A\",\n      \"behaviour affecting the symptom\": \"N/A\"\n    },\n    {\n      \"name of the symptom\": \"Nosebleeds\",\n      \"intensity of symptom\": \"N/A\",\n      \"specific attributes of the symptom\": {\n        \"location\": \"Nasal cavity\",\n        \"Quality of\": \"Epistaxis\",\n        \"temporalisation\": \"N/A\"\n      },\n      \"When did the symptom appear\": \"Historical\",\n      \"previous treatments\": \"N/A\",\n      \"reaction to previous treaments\": \"N/A\",\n      \"behaviour affecting the symptom\": \"N/A\"\n    },\n    {\n      \"name of the symptom\": \"Abdominal pain\",\n      \"intensity of symptom\": \"4/10\",\n      \"specific attributes of the symptom\": {\n        \"location\": \"Upper abdominal region\",\n        \"Quality of\": \"Dull ache\",\n        \"temporalisation\": \"Persistent\"\n      },\n      \"When did the symptom appear\": \"Current\",\n      \"previous treatments\": \"N/A\",\n      \"reaction to previous treaments\": \"N/A\",\n      \"behaviour affecting the symptom\": \"N/A\"\n    },\n    {\n      \"name of the symptom\": \"Enlarged liver\",\n      \"intensity of symptom\": \"N/A\",\n      \"specific attributes of the symptom\": {\n        \"location\": \"Liver\",\n        \"Quality of\": \"Increased size\",\n        \"temporalisation\": \"N/A\"\n      },\n      \"When did the symptom appear\": \"Current\",\n      \"previous treatments\": \"N/A\",\n      \"reaction to previous treaments\": \"N/A\",\n      \"behaviour affecting the symptom\": \"N/A\"\n    },\n    {\n      \"name of the symptom\": \"Enlarged spleen\",\n      \"intensity of symptom\": \"N/A\",\n      \"specific attributes of the symptom\": {\n        \"location\": \"Spleen\",\n        \"Quality of\": \"Increased size\",\n        \"temporalisation\": \"N/A\"\n      },\n      \"When did the symptom appear\": \"Current\",\n      \"previous treatments\": \"N/A\",\n      \"reaction to previous treaments\": \"N/A\",\n      \"behaviour affecting the symptom\": \"N/A\"\n    },\n    {\n      \"name of the symptom\": \"Weak and brittle bones\",\n      \"intensity of symptom\": \"N/A\",\n      \"specific attributes of the symptom\": {\n        \"location\": \"Generalized\",\n        \"Quality of\": \"Decreased bone strength\",\n        \"temporalisation\": \"N/A\"\n      },\n      \"When did the symptom appear\": \"Historical\",\n      \"previous treatments\": \"N/A\",\n      \"reaction to previous treaments\": \"N/A\",\n      \"behaviour affecting the symptom\": \"N/A\"\n    },\n    {\n      \"name of the symptom\": \"Fatigue\",\n      \"intensity of symptom\": \"N/A\",\n      \"specific attributes of the symptom\": {\n        \"location\": \"Generalized\",\n        \"Quality of\": \"Lack of energy\",\n        \"temporalisation\": \"N/A\"\n      },\n      \"When did the symptom appear\": \"Historical\",\n      \"previous treatments\": \"N/A\",\n      \"reaction to previous treaments\": \"N/A\",\n      \"behaviour affecting the symptom\": \"N/A\"\n    }\n  ],\n  \"socio economic context\": {},\n  \"geographic_context\": {\n    \"location\": \"N/A\",\n    \"recent travels\": \"N/A\",\n    \"level of care\": \"N/A\"\n  },\n  \"physiological context\": {},\n  \"psychological context\": {},\n  \"personal medical_history\": {},\n  \"family medical_history\": {\n    \"known case of Gaucher disease in sibling\": \"Yes\"\n  },\n  \"current medication\": {},\n  \"lifestyle factors\": {},\n  \"results of recent medical tests\": {\n    \"abnormal enzyme levels\": \"Yes\",\n    \"genetic analysis\": \"Pending\",\n    \"DXA scan\": \"Pending\",\n    \"MRI\": \"Pending\"\n  }\n}"}