{"condition_name": "", "guideline": "guideline_nice.jsonl_581.json", "patient_nb": "3", "structured_patient": "{\n  \"symptoms\": [\n    {\n      \"name of the symptom\": \"skin rash\",\n      \"intensity of symptom\": \"moderate\",\n      \"specific attributes of the symptom\": {\n        \"location\": \"face and upper body\",\n        \"Quality of\": \"red, raised plaques with a scaly texture\",\n        \"temporalisation\": \"present for four weeks\"\n      },\n      \"When did the symptom appear\": \"four weeks ago\",\n      \"previous treatments\": \"over-the-counter hydrocortisone cream\",\n      \"reaction to previous treatments\": \"no improvement\",\n      \"behaviour affecting the symptom\": \"\"\n    },\n    {\n      \"name of the symptom\": \"pruritus\",\n      \"intensity of symptom\": \"moderate\",\n      \"specific attributes of the symptom\": {\n        \"location\": \"skin affected by the rash\",\n        \"Quality of\": \"itchiness\",\n        \"temporalisation\": \"\"\n      },\n      \"When did the symptom appear\": \"concurrent with the rash\",\n      \"previous treatments\": \"over-the-counter hydrocortisone cream\",\n      \"reaction to previous treatments\": \"no improvement\",\n      \"behaviour affecting the symptom\": \"\"\n    }\n  ],\n  \"socio economic context\": {},\n  \"geographic_context\": {\n    \"location\": \"\",\n    \"recent travels\": \"\",\n    \"level of care\": \"\"\n  },\n  \"physiological context\": {},\n  \"psychological context\": {},\n  \"personal medical_history\": {},\n  \"family medical_history\": {\n    \"rheumatoid arthritis\": \"mother\"\n  },\n  \"current medication\": {},\n  \"lifestyle factors\": {},\n  \"results of recent medical tests\": {}\n}"}