{"condition_name": "Vaginal vault prolapse", "guideline": "guideline_nice.jsonl_817.json", "patient_nb": "2", "structured_patient": "{\n    \"symptoms\": [\n        {\n            \"name of the symptom\": \"pelvic pressure\",\n            \"intensity of symptom\": \"5/10\",\n            \"specific attributes of the symptom\": {\n                \"location\": \"pelvic region\",\n                \"Quality of\": \"discomfort\",\n                \"temporalisation\": \"persistent\"\n            },\n            \"When did the symptom appear\": \"several months ago\",\n            \"previous treatments\": \"\",\n            \"reaction to previous treaments\": \"\",\n            \"behaviour affecting the symptom\": \"\"\n        },\n        {\n            \"name of the symptom\": \"vaginal descent\",\n            \"intensity of symptom\": \"\",\n            \"specific attributes of the symptom\": {\n                \"location\": \"vaginal area\",\n                \"Quality of\": \"descent\",\n                \"temporalisation\": \"\"\n            },\n            \"When did the symptom appear\": \"several months ago\",\n            \"previous treatments\": \"\",\n            \"reaction to previous treaments\": \"\",\n            \"behaviour affecting the symptom\": \"\"\n        },\n        {\n            \"name of the symptom\": \"urinary incontinence\",\n            \"intensity of symptom\": \"\",\n            \"specific attributes of the symptom\": {\n                \"location\": \"bladder\",\n                \"Quality of\": \"incontinence\",\n                \"temporalisation\": \"\"\n            },\n            \"When did the symptom appear\": \"several months ago\",\n            \"previous treatments\": \"\",\n            \"reaction to previous treaments\": \"\",\n            \"behaviour affecting the symptom\": \"\"\n        },\n        {\n            \"name of the symptom\": \"incomplete bowel emptying\",\n            \"intensity of symptom\": \"\",\n            \"specific attributes of the symptom\": {\n                \"location\": \"bowel\",\n                \"Quality of\": \"incomplete emptying\",\n                \"temporalisation\": \"\"\n            },\n            \"When did the symptom appear\": \"several months ago\",\n            \"previous treatments\": \"\",\n            \"reaction to previous treaments\": \"\",\n            \"behaviour affecting the symptom\": \"\"\n        }\n    ],\n    \"socio economic context\": {},\n    \"geographic_context\": {\n        \"location\": \"\",\n        \"recent travels\": \"\",\n        \"level of care\": \"\"\n    },\n    \"physiological context\": {},\n    \"psychological context\": {},\n    \"personal medical_history\": {\n        \"history of hysterectomy\": \"yes, in the past\"\n    },\n    \"family medical_history\": {},\n    \"current medication\": {},\n    \"lifestyle factors\": {},\n    \"results of recent medical tests\": {}\n}"}