{"condition_name": "Anticoagulation in Adult Patients Supported with Extracorporeal Membrane Oxygenation", "guideline": "guideline_gc.jsonl_590.json", "patient_nb": "1", "structured_patient": "{\n    \"symptoms\": [\n        {\n            \"name of the symptom\": \"respiratory failure\",\n            \"intensity of symptom\": \"\",\n            \"specific attributes of the symptom\": {\n                \"location\": \"lungs\",\n                \"Quality of\": \"difficulty breathing\",\n                \"temporalisation\": \"developed during admission\"\n            },\n            \"When did the symptom appear\": \"during admission\",\n            \"previous treatments\": \"\",\n            \"reaction to previous treatments\": \"\",\n            \"behaviour affecting the symptom\": \"\"\n        },\n        {\n            \"name of the symptom\": \"hemoptysis\",\n            \"intensity of symptom\": \"\",\n            \"specific attributes of the symptom\": {\n                \"location\": \"chest\",\n                \"Quality of\": \"coughing up blood\",\n                \"temporalisation\": \"new-onset\"\n            },\n            \"When did the symptom appear\": \"new-onset\",\n            \"previous treatments\": \"\",\n            \"reaction to previous treatments\": \"\",\n            \"behaviour affecting the symptom\": \"exacerbated during coughing\"\n        },\n        {\n            \"name of the symptom\": \"chest pain\",\n            \"intensity of symptom\": \"5/10\",\n            \"specific attributes of the symptom\": {\n                \"location\": \"chest\",\n                \"Quality of\": \"pain\",\n                \"temporalisation\": \"\"\n            },\n            \"When did the symptom appear\": \"consistently\",\n            \"previous treatments\": \"\",\n            \"reaction to previous treatments\": \"\",\n            \"behaviour affecting the symptom\": \"exacerbated during coughing\"\n        }\n    ],\n    \"socio economic context\": {},\n    \"geographic_context\": {\n        \"location\": \"ICU\",\n        \"recent travels\": \"\",\n        \"level of care\": \"intensive care\"\n    },\n    \"physiological context\": {},\n    \"psychological context\": {},\n    \"personal medical_history\": {\n        \"atrial fibrillation\": \"history of\"\n    },\n    \"family medical_history\": {},\n    \"current medication\": {\n        \"anticoagulant therapy\": \"previous\"\n    },\n    \"lifestyle factors\": {},\n    \"results of recent medical tests\": {\n        \"coagulation studies\": {\n            \"international normalized ratio (INR)\": \"subtherapeutic\"\n        },\n        \"imaging studies\": {\n            \"findings\": \"bilateral ground-glass opacities in the lungs\"\n        }\n    }\n}"}