{"condition_name": "Deep Venous Thrombosis and Thromboembolism in Patients With Cervical Spinal Cord Injuries", "guideline": "guideline_gc.jsonl_840.json", "patient_nb": "2", "structured_patient": "{\n    \"symptoms\": [\n        {\n            \"name of the symptom\": \"persistent sharp pain\",\n            \"intensity of symptom\": \"8/10\",\n            \"specific attributes of the symptom\": {\n                \"location\": \"right leg\",\n                \"Quality of\": \"sharp\",\n                \"temporalisation\": \"persistent\"\n            },\n            \"When did the symptom appear\": \"\",\n            \"previous treatments\": \"none\",\n            \"reaction to previous treaments\": \"\",\n            \"behaviour affecting the symptom\": \"exacerbated during ambulation\"\n        },\n        {\n            \"name of the symptom\": \"swelling\",\n            \"intensity of symptom\": \"\",\n            \"specific attributes of the symptom\": {\n                \"location\": \"right leg\",\n                \"Quality of\": \"\",\n                \"temporalisation\": \"visible\"\n            },\n            \"When did the symptom appear\": \"\",\n            \"previous treatments\": \"none\",\n            \"reaction to previous treaments\": \"\",\n            \"behaviour affecting the symptom\": \"exacerbated during ambulation\"\n        },\n        {\n            \"name of the symptom\": \"discoloration\",\n            \"intensity of symptom\": \"\",\n            \"specific attributes of the symptom\": {\n                \"location\": \"right leg\",\n                \"Quality of\": \"\",\n                \"temporalisation\": \"visible\"\n            },\n            \"When did the symptom appear\": \"\",\n            \"previous treatments\": \"none\",\n            \"reaction to previous treaments\": \"\",\n            \"behaviour affecting the symptom\": \"exacerbated during ambulation\"\n        },\n        {\n            \"name of the symptom\": \"shortness of breath\",\n            \"intensity of symptom\": \"\",\n            \"specific attributes of the symptom\": {\n                \"location\": \"\",\n                \"Quality of\": \"breathing difficulty\",\n                \"temporalisation\": \"\"\n            },\n            \"When did the symptom appear\": \"recently\",\n            \"previous treatments\": \"\",\n            \"reaction to previous treaments\": \"\",\n            \"behaviour affecting the symptom\": \"attributed to recent episodes of coughing\"\n        },\n        {\n            \"name of the symptom\": \"chest pain\",\n            \"intensity of symptom\": \"\",\n            \"specific attributes of the symptom\": {\n                \"location\": \"chest\",\n                \"Quality of\": \"pain\",\n                \"temporalisation\": \"\"\n            },\n            \"When did the symptom appear\": \"recently\",\n            \"previous treatments\": \"\",\n            \"reaction to previous treaments\": \"\",\n            \"behaviour affecting the symptom\": \"attributed to recent episodes of coughing\"\n        }\n    ],\n    \"socio economic context\": {},\n    \"geographic_context\": {\n        \"location\": \"\",\n        \"recent travels\": \"\",\n        \"level of care\": \"\"\n    },\n    \"physiological context\": {},\n    \"psychological context\": {},\n    \"personal medical_history\": {\n        \"cervical spinal cord injury\": \"known history\"\n    },\n    \"family medical_history\": {},\n    \"current medication\": {},\n    \"lifestyle factors\": {},\n    \"results of recent medical tests\": {}\n}"}