{"condition_name": "Acute Lower Extremity Fracture", "guideline": "guideline_gc.jsonl_238.json", "patient_nb": "4", "structured_patient": "{\n  \"symptoms\": [\n    {\n      \"name of the symptom\": \"severe pain\",\n      \"intensity of symptom\": \"9/10\",\n      \"specific attributes of the symptom\": {\n        \"location\": \"left lower extremity\",\n        \"Quality of\": \"exacerbated by any movement\",\n        \"temporalisation\": \"acute\"\n      },\n      \"When did the symptom appear\": \"following the motor vehicle accident\",\n      \"previous treatments\": \"\",\n      \"reaction to previous treatments\": \"\",\n      \"behaviour affecting the symptom\": \"\"\n    },\n    {\n      \"name of the symptom\": \"visible deformity\",\n      \"intensity of symptom\": \"\",\n      \"specific attributes of the symptom\": {\n        \"location\": \"left lower extremity\",\n        \"Quality of\": \"\",\n        \"temporalisation\": \"acute\"\n      },\n      \"When did the symptom appear\": \"following the motor vehicle accident\",\n      \"previous treatments\": \"\",\n      \"reaction to previous treatments\": \"\",\n      \"behaviour affecting the symptom\": \"\"\n    },\n    {\n      \"name of the symptom\": \"swelling\",\n      \"intensity of symptom\": \"significant\",\n      \"specific attributes of the symptom\": {\n        \"location\": \"left lower extremity\",\n        \"Quality of\": \"\",\n        \"temporalisation\": \"acute\"\n      },\n      \"When did the symptom appear\": \"following the motor vehicle accident\",\n      \"previous treatments\": \"\",\n      \"reaction to previous treatments\": \"\",\n      \"behaviour affecting the symptom\": \"\"\n    },\n    {\n      \"name of the symptom\": \"marked tenderness\",\n      \"intensity of symptom\": \"\",\n      \"specific attributes of the symptom\": {\n        \"location\": \"left lower extremity\",\n        \"Quality of\": \"\",\n        \"temporalisation\": \"acute\"\n      },\n      \"When did the symptom appear\": \"following the motor vehicle accident\",\n      \"previous treatments\": \"\",\n      \"reaction to previous treatments\": \"\",\n      \"behaviour affecting the symptom\": \"\"\n    }\n  ],\n  \"socio economic context\": {},\n  \"geographic_context\": {\n    \"location\": \"\",\n    \"recent travels\": \"\",\n    \"level of care\": \"\"\n  },\n  \"physiological context\": {},\n  \"psychological context\": {},\n  \"personal medical_history\": {},\n  \"family medical_history\": {},\n  \"current medication\": {},\n  \"lifestyle factors\": {},\n  \"results of recent medical tests\": {}\n}"}