{"condition_name": "Granuloma annulare", "guideline": "guideline_mayo.jsonl_440.json", "patient_nb": "2", "structured_patient": "{\n  \"symptoms\": [\n    {\n      \"name of the symptom\": \"skin rash\",\n      \"intensity of symptom\": \"significant distress\",\n      \"specific attributes of the symptom\": {\n        \"location\": \"hands, shins, scalp, trunk, arms, legs\",\n        \"Quality of\": \"non-pruritic\",\n        \"temporalisation\": \"development of firm lumps which coalesced\"\n      },\n      \"When did the symptom appear\": \"recently\",\n      \"previous treatments\": \"\",\n      \"reaction to previous treatments\": \"\",\n      \"behaviour affecting the symptom\": \"unknown\"\n    }\n  ],\n  \"socio economic context\": {},\n  \"geographic_context\": {\n    \"location\": \"\",\n    \"recent travels\": \"\",\n    \"level of care\": \"\"\n  },\n  \"physiological context\": {},\n  \"psychological context\": {},\n  \"personal medical_history\": {\n    \"diabetes\": \"diagnosed and adequately managed with medication\"\n  },\n  \"family medical_history\": {},\n  \"current medication\": {},\n  \"lifestyle factors\": {},\n  \"results of recent medical tests\": {}\n}"}