{"condition_name": "Long-gap oesophageal atresia", "guideline": "guideline_nice.jsonl_1539.json", "patient_nb": "5", "structured_patient": "{\n    \"symptoms\": [\n        {\n            \"name of the symptom\": \"coughing\",\n            \"intensity of symptom\": \"\",\n            \"specific attributes of the symptom\": {\n                \"location\": \"\",\n                \"Quality of\": \"\",\n                \"temporalisation\": \"recurrent\"\n            },\n            \"When did the symptom appear\": \"since birth\",\n            \"previous treatments\": \"\",\n            \"reaction to previous treatments\": \"\",\n            \"behaviour affecting the symptom\": \"feeding\"\n        },\n        {\n            \"name of the symptom\": \"cyanosis\",\n            \"intensity of symptom\": \"\",\n            \"specific attributes of the symptom\": {\n                \"location\": \"\",\n                \"Quality of\": \"\",\n                \"temporalisation\": \"during feeding\"\n            },\n            \"When did the symptom appear\": \"since birth\",\n            \"previous treatments\": \"\",\n            \"reaction to previous treatments\": \"\",\n            \"behaviour affecting the symptom\": \"feeding\"\n        },\n        {\n            \"name of the symptom\": \"choking\",\n            \"intensity of symptom\": \"\",\n            \"specific attributes of the symptom\": {\n                \"location\": \"upper esophagus\",\n                \"Quality of\": \"\",\n                \"temporalisation\": \"\"\n            },\n            \"When did the symptom appear\": \"since birth\",\n            \"previous treatments\": \"\",\n            \"reaction to previous treatments\": \"\",\n            \"behaviour affecting the symptom\": \"feeding\"\n        },\n        {\n            \"name of the symptom\": \"persistent pooling of saliva and milk\",\n            \"intensity of symptom\": \"\",\n            \"specific attributes of the symptom\": {\n                \"location\": \"upper esophagus\",\n                \"Quality of\": \"\",\n                \"temporalisation\": \"\"\n            },\n            \"When did the symptom appear\": \"since birth\",\n            \"previous treatments\": \"\",\n            \"reaction to previous treatments\": \"\",\n            \"behaviour affecting the symptom\": \"feeding\"\n        }\n    ],\n    \"socio economic context\": {},\n    \"geographic_context\": {\n        \"location\": \"\",\n        \"recent travels\": \"\",\n        \"level of care\": \"\"\n    },\n    \"physiological context\": {},\n    \"psychological context\": {},\n    \"personal medical_history\": {\n        \"prematurity\": \"\",\n        \"low birth weight\": \"\"\n    },\n    \"family medical_history\": {},\n    \"current medication\": {},\n    \"lifestyle factors\": {},\n    \"results of recent medical tests\": {}\n}"}