{"condition_name": "Prediabetes and Type 2 Diabetes", "guideline": "guideline_usp.jsonl_26.json", "patient_nb": "2", "structured_patient": "{\n  \"symptoms\": [\n    {\n      \"name of the symptom\": \"Prediabetes risk\",\n      \"intensity of symptom\": \"N/A\",\n      \"specific attributes of the symptom\": {\n        \"location\": \"N/A\",\n        \"Quality of\": \"N/A\",\n        \"temporalisation\": \"N/A\"\n      },\n      \"When did the symptom appear\": \"N/A\",\n      \"previous treatments\": \"N/A\",\n      \"reaction to previous treatments\": \"N/A\",\n      \"behaviour affecting the symptom\": \"Overweight/obesity\"\n    }\n  ],\n  \"socio economic context\": {},\n  \"geographic_context\": {\n    \"location\": \"N/A\",\n    \"recent travels\": \"N/A\",\n    \"level of care\": \"Primary healthcare\"\n  },\n  \"physiological context\": {},\n  \"psychological context\": {},\n  \"personal medical_history\": {},\n  \"family medical_history\": {\n    \"diabetes\": \"Positive\"\n  },\n  \"current medication\": {},\n  \"lifestyle factors\": {\n    \"weight\": \"Overweight/obesity\"\n  },\n  \"results of recent medical tests\": {}\n}"}