{"condition_name": "Non-Small-Cell Lung Cancers", "guideline": "guideline_gc.jsonl_884.json", "patient_nb": "3", "structured_patient": "{\n    \"symptoms\": [\n        {\n            \"name of the symptom\": \"postoperative pain\",\n            \"intensity of symptom\": \"6/10\",\n            \"specific attributes of the symptom\": {\n                \"location\": \"\",\n                \"Quality of\": \"moderate\",\n                \"temporalisation\": \"postoperative\"\n            },\n            \"When did the symptom appear\": \"\",\n            \"previous treatments\": \"\",\n            \"reaction to previous treatments\": \"\",\n            \"behaviour affecting the symptom\": \"requires regular analgesia\"\n        }\n    ],\n    \"socio economic context\": {},\n    \"geographic_context\": {\n        \"location\": \"\",\n        \"recent travels\": \"\",\n        \"level of care\": \"\"\n    },\n    \"physiological context\": {},\n    \"psychological context\": {},\n    \"personal medical_history\": {\n        \"smoking history\": \"significant\",\n        \"chronic obstructive pulmonary disease (COPD)\": \"yes\"\n    },\n    \"family medical_history\": {},\n    \"current medication\": {\n        \"bronchodilators\": \"yes\"\n    },\n    \"lifestyle factors\": {},\n    \"results of recent medical tests\": {\n        \"NSCLC stage\": \"IIIA\",\n        \"N2 disease\": \"present\",\n        \"PD-L1 status\": \"45%\"\n    }\n}"}