{"condition_name": "Prostate cancer", "guideline": "guideline_nice.jsonl_1324.json", "patient_nb": "1", "structured_patient": "{\n    \"symptoms\": [\n        {\n            \"name of the symptom\": \"elevated serum prostate-specific antigen (PSA) level\",\n            \"intensity of symptom\": \"rising\",\n            \"specific attributes of the symptom\": {\n                \"location\": \"prostate\",\n                \"Quality of\": \"indicative of possible prostate cancer\",\n                \"temporalisation\": \"consistent over the past year\"\n            },\n            \"When did the symptom appear\": \"unknown\",\n            \"previous treatments\": \"two negative transrectal biopsies\",\n            \"reaction to previous treaments\": \"inconclusive\",\n            \"behaviour affecting the symptom\": \"unknown\"\n        }\n    ],\n    \"socio economic context\": {},\n    \"geographic_context\": {\n        \"location\": \"\",\n        \"recent travels\": \"\",\n        \"level of care\": \"\"\n    },\n    \"physiological context\": {},\n    \"psychological context\": {},\n    \"personal medical_history\": {},\n    \"family medical_history\": {},\n    \"current medication\": {},\n    \"lifestyle factors\": {},\n    \"results of recent medical tests\": {}\n}"}