{"condition_name": "Severe congestive heart failure and low output states following cardiac surgery or weaning from cardiopulmonary bypass", "guideline": "guideline_rch.jsonl_281.json", "patient_nb": "1", "structured_patient": "{\n  \"symptoms\": [\n    {\n      \"name of the symptom\": \"profound fatigue\",\n      \"intensity of symptom\": \"8/10\",\n      \"specific attributes of the symptom\": {\n        \"location\": \"\",\n        \"Quality of\": \"\",\n        \"temporalisation\": \"\"\n      },\n      \"When did the symptom appear\": \"post-surgery\",\n      \"previous treatments\": \"optimized medical therapy\",\n      \"reaction to previous treaments\": \"symptoms persist\",\n      \"behaviour affecting the symptom\": \"\"\n    },\n    {\n      \"name of the symptom\": \"shortness of breath on exertion\",\n      \"intensity of symptom\": \"\",\n      \"specific attributes of the symptom\": {\n        \"location\": \"\",\n        \"Quality of\": \"\",\n        \"temporalisation\": \"\"\n      },\n      \"When did the symptom appear\": \"post-surgery\",\n      \"previous treatments\": \"optimized medical therapy\",\n      \"reaction to previous treaments\": \"symptoms persist\",\n      \"behaviour affecting the symptom\": \"\"\n    }\n  ],\n  \"socio economic context\": {},\n  \"geographic_context\": {\n    \"location\": \"\",\n    \"recent travels\": \"\",\n    \"level of care\": \"\"\n  },\n  \"physiological context\": {},\n  \"psychological context\": {},\n  \"personal medical_history\": {\n    \"coronary artery disease\": \"present\"\n  },\n  \"family medical_history\": {},\n  \"current medication\": {},\n  \"lifestyle factors\": {},\n  \"results of recent medical tests\": {\n    \"echocardiogram\": \"reduced left ventricular ejection fraction\"\n  }\n}"}