{"condition_name": "Seborrheic dermatitis", "guideline": "guideline_mayo.jsonl_906.json", "patient_nb": "2", "structured_patient": "{\n  \"symptoms\": [\n    {\n      \"name of the symptom\": \"rash\",\n      \"intensity of symptom\": \"5/10\",\n      \"specific attributes of the symptom\": {\n        \"location\": \"face, chest\",\n        \"Quality of\": \"greasy skin covered with flaky yellow scales\",\n        \"temporalisation\": \"worsens during episodes of increased stress and fatigue\"\n      },\n      \"When did the symptom appear\": \"\",\n      \"previous treatments\": \"\",\n      \"reaction to previous treaments\": \"\",\n      \"behaviour affecting the symptom\": \"increased stress and fatigue\"\n    },\n    {\n      \"name of the symptom\": \"itchiness\",\n      \"intensity of symptom\": \"5/10\",\n      \"specific attributes of the symptom\": {\n        \"location\": \"rash on face, chest\",\n        \"Quality of\": \"persistent\",\n        \"temporalisation\": \"worsens during episodes of increased stress and fatigue\"\n      },\n      \"When did the symptom appear\": \"\",\n      \"previous treatments\": \"\",\n      \"reaction to previous treaments\": \"\",\n      \"behaviour affecting the symptom\": \"increased stress and fatigue\"\n    }\n  ],\n  \"socio economic context\": {},\n  \"geographic_context\": {\n    \"location\": \"\",\n    \"recent travels\": \"\",\n    \"level of care\": \"\"\n  },\n  \"physiological context\": {},\n  \"psychological context\": {\n    \"history of depression\": \"present\"\n  },\n  \"personal medical_history\": {\n    \"depression\": \"history\"\n  },\n  \"family medical_history\": {},\n  \"current medication\": {},\n  \"lifestyle factors\": {},\n  \"results of recent medical tests\": {}\n}"}