{"condition_name": "Sedation and Anesthesia in GI Endoscopy", "guideline": "guideline_gc.jsonl_305.json", "patient_nb": "4", "structured_patient": "{\n  \"symptoms\": [\n    {\n      \"name of the symptom\": \"heightened risk of airway compromise\",\n      \"intensity of symptom\": \"unknown\",\n      \"specific attributes of the symptom\": {\n        \"location\": \"\",\n        \"Quality of\": \"\",\n        \"temporalisation\": \"during specialized endoscopic procedure\"\n      },\n      \"When did the symptom appear\": \"during specialized endoscopic procedure\",\n      \"previous treatments\": \"\",\n      \"reaction to previous treaments\": \"\",\n      \"behaviour affecting the symptom\": \"administering sedatives\"\n    },\n    {\n      \"name of the symptom\": \"atypical responses to sedation\",\n      \"intensity of symptom\": \"unknown\",\n      \"specific attributes of the symptom\": {\n        \"location\": \"\",\n        \"Quality of\": \"\",\n        \"temporalisation\": \"\"\n      },\n      \"When did the symptom appear\": \"\",\n      \"previous treatments\": \"\",\n      \"reaction to previous treaments\": \"\",\n      \"behaviour affecting the symptom\": \"\"\n    }\n  ],\n  \"socio economic context\": {},\n  \"geographic_context\": {\n    \"location\": \"\",\n    \"recent travels\": \"\",\n    \"level of care\": \"\"\n  },\n  \"physiological context\": {},\n  \"psychological context\": {},\n  \"personal medical_history\": {\n    \"complex gastrointestinal disorder\": \"yes\"\n  },\n  \"family medical_history\": {},\n  \"current medication\": {},\n  \"lifestyle factors\": {},\n  \"results of recent medical tests\": {}\n}"}