{"condition_name": "Geographic tongue", "guideline": "guideline_mayo.jsonl_428.json", "patient_nb": "1", "structured_patient": "{\n    \"symptoms\": [\n        {\n            \"name of the symptom\": \"persistent discomfort and burning sensation\",\n            \"intensity of symptom\": \"moderate\",\n            \"specific attributes of the symptom\": {\n                \"location\": \"tongue\",\n                \"Quality of\": \"pain or irritation\",\n                \"temporalisation\": \"increased with consumption of spicy or acidic foods\"\n            },\n            \"When did the symptom appear\": \"recurrent\",\n            \"previous treatments\": \"\",\n            \"reaction to previous treatments\": \"\",\n            \"behaviour affecting the symptom\": \"consumption of spicy or acidic foods\"\n        },\n        {\n            \"name of the symptom\": \"smooth, red, irregularly shaped patches\",\n            \"intensity of symptom\": \"mild to moderate\",\n            \"specific attributes of the symptom\": {\n                \"location\": \"top and side of tongue\",\n                \"Quality of\": \"appearance change\",\n                \"temporalisation\": \"persistent for over 10 days\"\n            },\n            \"When did the symptom appear\": \"recurrent\",\n            \"previous treatments\": \"\",\n            \"reaction to previous treatments\": \"\",\n            \"behaviour affecting the symptom\": \"\"\n        }\n    ],\n    \"socio economic context\": {},\n    \"geographic_context\": {\n        \"location\": \"\",\n        \"recent travels\": \"\",\n        \"level of care\": \"\"\n    },\n    \"physiological context\": {},\n    \"psychological context\": {},\n    \"personal medical_history\": {\n        \"family history of geographic tongue\": \"present\",\n        \"fissured tongue\": \"present\"\n    },\n    \"family medical_history\": {\n        \"geographic tongue\": \"family history\"\n    },\n    \"current medication\": {},\n    \"lifestyle factors\": {},\n    \"results of recent medical tests\": {}\n}"}