{"condition_name": "Autologous pancreatic islet cell transplantation for improved glycaemic control after pancreatectomy", "guideline": "guideline_nice.jsonl_1424.json", "patient_nb": "1", "structured_patient": "{\n    \"symptoms\": [\n        {\n            \"name of the symptom\": \"difficult to control insulin-dependent diabetes\",\n            \"intensity of symptom\": \"severe\",\n            \"specific attributes of the symptom\": {\n                \"location\": \"\",\n                \"Quality of\": \"fluctuating blood glucose levels\",\n                \"temporalisation\": \"recurrent episodes of hypoglycemia and hyperglycemia\"\n            },\n            \"When did the symptom appear\": \"\",\n            \"previous treatments\": \"oral medications, insulin therapy, lifestyle modifications\",\n            \"reaction to previous treatments\": \"ineffective\",\n            \"behaviour affecting the symptom\": \"\"\n        }\n    ],\n    \"socio economic context\": {},\n    \"geographic_context\": {\n        \"location\": \"\",\n        \"recent travels\": \"\",\n        \"level of care\": \"evaluated by a multidisciplinary team with expertise in the management of benign complex chronic pancreatic diseases\"\n    },\n    \"physiological context\": {},\n    \"psychological context\": {},\n    \"personal medical_history\": {\n        \"chronic pancreatitis\": \"history of\"\n    },\n    \"family medical_history\": {},\n    \"current medication\": {},\n    \"lifestyle factors\": {},\n    \"results of recent medical tests\": {}\n}"}