{"condition_name": "Multidrug-Resistant Organism (MDRO) infection", "guideline": "guideline_gc.jsonl_51.json", "patient_nb": "3", "structured_patient": "{\n    \"symptoms\": [\n        {\n            \"name of the symptom\": \"chronic non-healing wound\",\n            \"intensity of symptom\": \"severe\",\n            \"specific attributes of the symptom\": {\n                \"location\": \"lower extremity\",\n                \"Quality of\": \"purulent drainage, foul odor\",\n                \"temporalisation\": \"present for over six weeks\"\n            },\n            \"When did the symptom appear\": \"over six weeks ago\",\n            \"previous treatments\": \"multiple courses of standard wound care and empiric antibiotics\",\n            \"reaction to previous treaments\": \"minimal improvement\",\n            \"behaviour affecting the symptom\": \"prolonged hospitalization with potential exposure to MDROs\"\n        },\n        {\n            \"name of the symptom\": \"pain at wound site\",\n            \"intensity of symptom\": \"constant and severe\",\n            \"specific attributes of the symptom\": {\n                \"location\": \"wound site\",\n                \"Quality of\": \"pain\",\n                \"temporalisation\": \"constant\"\n            },\n            \"When did the symptom appear\": \"over six weeks ago\",\n            \"previous treatments\": \"multiple courses of standard wound care and empiric antibiotics\",\n            \"reaction to previous treaments\": \"minimal improvement\",\n            \"behaviour affecting the symptom\": \"unknown\"\n        }\n    ],\n    \"socio economic context\": {},\n    \"geographic_context\": {\n        \"location\": \"healthcare facility\",\n        \"recent travels\": \"\",\n        \"level of care\": \"institutional care, prolonged hospitalization\"\n    },\n    \"physiological context\": {},\n    \"psychological context\": {},\n    \"personal medical_history\": {},\n    \"family medical_history\": {},\n    \"current medication\": {},\n    \"lifestyle factors\": {},\n    \"results of recent medical tests\": {}\n}"}