{"condition_name": "Open-angle glaucoma", "guideline": "guideline_nice.jsonl_858.json", "patient_nb": "3", "structured_patient": "{\n  \"symptoms\": [\n    {\n      \"name of the symptom\": \"gradual decline in vision\",\n      \"intensity of symptom\": \"ongoing\",\n      \"specific attributes of the symptom\": {\n        \"location\": \"both eyes, more prominent in left eye\",\n        \"Quality of\": \"visual acuity\",\n        \"temporalisation\": \"past six months\"\n      },\n      \"When did the symptom appear\": \"past six months\",\n      \"previous treatments\": \"\",\n      \"reaction to previous treatments\": \"\",\n      \"behaviour affecting the symptom\": \"\"\n    },\n    {\n      \"name of the symptom\": \"intermittent episodes of seeing halos around lights\",\n      \"intensity of symptom\": \"intermittent\",\n      \"specific attributes of the symptom\": {\n        \"location\": \"both eyes, especially in the evening\",\n        \"Quality of\": \"visual perception\",\n        \"temporalisation\": \"\"\n      },\n      \"When did the symptom appear\": \"past six months\",\n      \"previous treatments\": \"\",\n      \"reaction to previous treatments\": \"\",\n      \"behaviour affecting the symptom\": \"possibly worsened by low light conditions\"\n    }\n  ],\n  \"socio economic context\": {},\n  \"geographic_context\": {\n    \"location\": \"\",\n    \"recent travels\": \"\",\n    \"level of care\": \"\"\n  },\n  \"physiological context\": {},\n  \"psychological context\": {},\n  \"personal medical_history\": {\n    \"hypertension\": \"history of, well-controlled with medication\"\n  },\n  \"family medical_history\": {},\n  \"current medication\": {\n    \"hypertension\": \"medication for control\"\n  },\n  \"lifestyle factors\": {},\n  \"results of recent medical tests\": {\n    \"visual acuity\": {\n      \"right eye\": \"20/25\",\n      \"left eye\": \"20/40\"\n    },\n    \"intraocular pressure\": {\n      \"right eye\": \"22 mmHg\",\n      \"left eye\": \"30 mmHg\"\n    },\n    \"visual fields\": {\n      \"left eye\": \"localized defect in inferior quadrant\"\n    }\n  }\n}"}