{"condition_name": "Ventral Hernia", "guideline": "guideline_gc.jsonl_615.json", "patient_nb": "1", "structured_patient": "{\n    \"symptoms\": [\n        {\n            \"name of the symptom\": \"recurrent abdominal pain\",\n            \"intensity of symptom\": \"6\",\n            \"specific attributes of the symptom\": {\n                \"location\": \"lower abdomen\",\n                \"Quality of\": \"persistent and sharp\",\n                \"temporalisation\": \"\"\n            },\n            \"When did the symptom appear\": \"over the last six months\",\n            \"previous treatments\": \"two prior hernia repairs\",\n            \"reaction to previous treatments\": \"symptoms have been progressively worsening\",\n            \"behaviour affecting the symptom\": \"physical activities\"\n        },\n        {\n            \"name of the symptom\": \"palpable bulge\",\n            \"intensity of symptom\": \"\",\n            \"specific attributes of the symptom\": {\n                \"location\": \"lower abdominal region\",\n                \"Quality of\": \"noticeable\",\n                \"temporalisation\": \"more prominent during physical activities\"\n            },\n            \"When did the symptom appear\": \"\",\n            \"previous treatments\": \"two prior hernia repairs\",\n            \"reaction to previous treatments\": \"not specified\",\n            \"behaviour affecting the symptom\": \"physical activities\"\n        }\n    ],\n    \"socio economic context\": {},\n    \"geographic_context\": {\n        \"location\": \"\",\n        \"recent travels\": \"\",\n        \"level of care\": \"\"\n    },\n    \"physiological context\": {},\n    \"psychological context\": {},\n    \"personal medical_history\": {},\n    \"family medical_history\": {},\n    \"current medication\": {},\n    \"lifestyle factors\": {},\n    \"results of recent medical tests\": {}\n}"}