{"condition_name": "Femoropopliteal arterial lesions with plaque excision devices", "guideline": "guideline_nice.jsonl_1291.json", "patient_nb": "1", "structured_patient": "{\n  \"symptoms\": [\n    {\n      \"name of the symptom\": \"intermittent claudication\",\n      \"intensity of symptom\": \"7/10\",\n      \"specific attributes of the symptom\": {\n        \"location\": \"left lower limb\",\n        \"Quality of\": \"pain\",\n        \"temporalisation\": \"primarily occurring during walking and alleviated with rest\"\n      },\n      \"When did the symptom appear\": \"past six months\",\n      \"previous treatments\": \"conservative treatments\",\n      \"reaction to previous treaments\": \"minimal relief\",\n      \"behaviour affecting the symptom\": \"walking\"\n    }\n  ],\n  \"socio economic context\": {},\n  \"geographic_context\": {\n    \"location\": \"\",\n    \"recent travels\": \"\",\n    \"level of care\": \"\"\n  },\n  \"physiological context\": {},\n  \"psychological context\": {},\n  \"personal medical_history\": {\n    \"hypertension\": \"present\",\n    \"smoking\": \"history of\"\n  },\n  \"family medical_history\": {},\n  \"current medication\": {},\n  \"lifestyle factors\": {},\n  \"results of recent medical tests\": {\n    \"diagnostic evaluation\": \"femoropopliteal arterial lesions, critical limb ischemia\"\n  }\n}"}