{"condition_name": "Acute Lower Extremity Fracture", "guideline": "guideline_gc.jsonl_238.json", "patient_nb": "1", "structured_patient": "{\n   \"symptoms\":[\n      {\n         \"name of the symptom\":\"severe pain\",\n         \"intensity of symptom\":\"8/10\",\n         \"specific attributes of the symptom\":{\n            \"location\":\"left lower extremity\",\n            \"Quality of\":\"\",\n            \"temporalisation\":\"sudden onset\"\n         },\n         \"When did the symptom appear\":\"\",\n         \"previous treatments\":\"\",\n         \"reaction to previous treaments\":\"\",\n         \"behaviour affecting the symptom\":\"active participation in high-impact sports\"\n      },\n      {\n         \"name of the symptom\":\"visible deformity\",\n         \"intensity of symptom\":\"\",\n         \"specific attributes of the symptom\":{\n            \"location\":\"left lower extremity\",\n            \"Quality of\":\"\",\n            \"temporalisation\":\"\"\n         },\n         \"When did the symptom appear\":\"\",\n         \"previous treatments\":\"\",\n         \"reaction to previous treaments\":\"\",\n         \"behaviour affecting the symptom\":\"\"\n      },\n      {\n         \"name of the symptom\":\"swelling\",\n         \"intensity of symptom\":\"\",\n         \"specific attributes of the symptom\":{\n            \"location\":\"left lower extremity\",\n            \"Quality of\":\"\",\n            \"temporalisation\":\"\"\n         },\n         \"When did the symptom appear\":\"\",\n         \"previous treatments\":\"\",\n         \"reaction to previous treaments\":\"\",\n         \"behaviour affecting the symptom\":\"\"\n      },\n      {\n         \"name of the symptom\":\"tenderness\",\n         \"intensity of symptom\":\"\",\n         \"specific attributes of the symptom\":{\n            \"location\":\"left lower extremity\",\n            \"Quality of\":\"\",\n            \"temporalisation\":\"\"\n         },\n         \"When did the symptom appear\":\"\",\n         \"previous treatments\":\"\",\n         \"reaction to previous treaments\":\"\",\n         \"behaviour affecting the symptom\":\"\"\n      }\n   ],\n   \"socio economic context\":{},\n   \"geographic_context\":{\n      \"location\":\"\",\n      \"recent travels\":\"\",\n      \"level of care\":\"\"\n   },\n   \"physiological context\":{},\n   \"psychological context\":{},\n   \"personal medical_history\":{},\n   \"family medical_history\":{},\n   \"current medication\":{},\n   \"lifestyle factors\":{},\n   \"results of recent medical tests\":{}\n}"}