{"condition_name": "Localised inoperable endobronchial cancer", "guideline": "guideline_nice.jsonl_1552.json", "patient_nb": "1", "structured_patient": "{\n  \"symptoms\": [\n    {\n      \"name of the symptom\": \"persistent cough\",\n      \"intensity of symptom\": \"unknown\",\n      \"specific attributes of the symptom\": {\n        \"location\": \"chest\",\n        \"Quality of\": \"non-productive\",\n        \"temporalisation\": \"over the past six months\"\n      },\n      \"When did the symptom appear\": \"over the past six months\",\n      \"previous treatments\": \"optimal medical management for COPD\",\n      \"reaction to previous treaments\": \"worsened symptoms\",\n      \"behaviour affecting the symptom\": \"\"\n    },\n    {\n      \"name of the symptom\": \"wheezing\",\n      \"intensity of symptom\": \"unknown\",\n      \"specific attributes of the symptom\": {\n        \"location\": \"\",\n        \"Quality of\": \"\",\n        \"temporalisation\": \"over the past six months\"\n      },\n      \"When did the symptom appear\": \"over the past six months\",\n      \"previous treatments\": \"optimal medical management for COPD\",\n      \"reaction to previous treaments\": \"worsened symptoms\",\n      \"behaviour affecting the symptom\": \"\"\n    },\n    {\n      \"name of the symptom\": \"increased shortness of breath\",\n      \"intensity of symptom\": \"unknown\",\n      \"specific attributes of the symptom\": {\n        \"location\": \"\",\n        \"Quality of\": \"\",\n        \"temporalisation\": \"over the past six months\"\n      },\n      \"When did the symptom appear\": \"over the past six months\",\n      \"previous treatments\": \"optimal medical management for COPD\",\n      \"reaction to previous treaments\": \"worsened symptoms\",\n      \"behaviour affecting the symptom\": \"\"\n    },\n    {\n      \"name of the symptom\": \"chest pain\",\n      \"intensity of symptom\": \"mild to moderate\",\n      \"specific attributes of the symptom\": {\n        \"location\": \"chest\",\n        \"Quality of\": \"pain\",\n        \"temporalisation\": \"during deep breathing and coughing\"\n      },\n      \"When did the symptom appear\": \"over the past six months\",\n      \"previous treatments\": \"optimal medical management for COPD\",\n      \"reaction to previous treaments\": \"worsened symptoms\",\n      \"behaviour affecting the symptom\": \"\"\n    }\n  ],\n  \"socio economic context\": {},\n  \"geographic_context\": {\n    \"location\": \"\",\n    \"recent travels\": \"\",\n    \"level of care\": \"\"\n  },\n  \"physiological context\": {},\n  \"psychological context\": {},\n  \"personal medical_history\": {\n    \"chronic obstructive pulmonary disease\": \"significant history\"\n  },\n  \"family medical_history\": {},\n  \"current medication\": {},\n  \"lifestyle factors\": {},\n  \"results of recent medical tests\": {\n    \"spirometry tests\": \"revealed impaired respiratory function with decreased FEV1 and FVC values\"\n  }\n}"}