{"condition_name": "Jaundice in the Breastfeeding Infant", "guideline": "guideline_gc.jsonl_629.json", "patient_nb": "1", "structured_patient": "{\n  \"symptoms\": [\n    {\n      \"name of the symptom\": \"yellowing of skin\",\n      \"intensity of symptom\": \"moderate\",\n      \"specific attributes of the symptom\": {\n        \"location\": \"skin\",\n        \"Quality of\": \"pale\",\n        \"temporalisation\": \"progressive\"\n      },\n      \"When did the symptom appear\": \"recently\",\n      \"previous treatments\": \"\",\n      \"reaction to previous treaments\": \"\",\n      \"behaviour affecting the symptom\": \"unknown\"\n    },\n    {\n      \"name of the symptom\": \"yellowing of sclera\",\n      \"intensity of symptom\": \"moderate\",\n      \"specific attributes of the symptom\": {\n        \"location\": \"sclera\",\n        \"Quality of\": \"pale\",\n        \"temporalisation\": \"progressive\"\n      },\n      \"When did the symptom appear\": \"recently\",\n      \"previous treatments\": \"\",\n      \"reaction to previous treaments\": \"\",\n      \"behaviour affecting the symptom\": \"unknown\"\n    },\n    {\n      \"name of the symptom\": \"pale stools\",\n      \"intensity of symptom\": \"unknown\",\n      \"specific attributes of the symptom\": {\n        \"location\": \"gastrointestinal\",\n        \"Quality of\": \"colorless\",\n        \"temporalisation\": \"recent\"\n      },\n      \"When did the symptom appear\": \"recently\",\n      \"previous treatments\": \"\",\n      \"reaction to previous treaments\": \"\",\n      \"behaviour affecting the symptom\": \"unknown\"\n    },\n    {\n      \"name of the symptom\": \"dark urine\",\n      \"intensity of symptom\": \"unknown\",\n      \"specific attributes of the symptom\": {\n        \"location\": \"urinary\",\n        \"Quality of\": \"dark\",\n        \"temporalisation\": \"recent\"\n      },\n      \"When did the symptom appear\": \"recently\",\n      \"previous treatments\": \"\",\n      \"reaction to previous treaments\": \"\",\n      \"behaviour affecting the symptom\": \"unknown\"\n    },\n    {\n      \"name of the symptom\": \"lethargy\",\n      \"intensity of symptom\": \"moderate\",\n      \"specific attributes of the symptom\": {\n        \"location\": \"general\",\n        \"Quality of\": \"fatigue\",\n        \"temporalisation\": \"progressive\"\n      },\n      \"When did the symptom appear\": \"recently\",\n      \"previous treatments\": \"\",\n      \"reaction to previous treaments\": \"\",\n      \"behaviour affecting the symptom\": \"unknown\"\n    },\n    {\n      \"name of the symptom\": \"decline in feeding activity\",\n      \"intensity of symptom\": \"moderate\",\n      \"specific attributes of the symptom\": {\n        \"location\": \"oral\",\n        \"Quality of\": \"decreased\",\n        \"temporalisation\": \"progressive\"\n      },\n      \"When did the symptom appear\": \"recently\",\n      \"previous treatments\": \"\",\n      \"reaction to previous treaments\": \"\",\n      \"behaviour affecting the symptom\": \"unknown\"\n    }\n  ],\n  \"socio economic context\": {},\n  \"geographic_context\": {\n    \"location\": \"\",\n    \"recent travels\": \"\",\n    \"level of care\": \"\"\n  },\n  \"physiological context\": {},\n  \"psychological context\": {},\n  \"personal medical_history\": {},\n  \"family medical_history\": {},\n  \"current medication\": {},\n  \"lifestyle factors\": {},\n  \"results of recent medical tests\": {}\n}"}