{"condition_name": "discrete chondral defects of the knee", "guideline": "guideline_nice.jsonl_1115.json", "patient_nb": "1", "structured_patient": "{\n \"symptoms\": [\n  {\n   \"name of the symptom\": \"knee pain\",\n   \"intensity of symptom\": \"6/10\",\n   \"specific attributes of the symptom\": {\n    \"location\": \"medial aspect of right knee\",\n    \"Quality of\": \"persistent\",\n    \"temporalisation\": \"over the past six months\"\n   },\n   \"When did the symptom appear\": \"\",\n   \"previous treatments\": \"regimen of non-steroidal anti-inflammatory drugs\",\n   \"reaction to previous treatments\": \"symptoms have not subsided\",\n   \"behaviour affecting the symptom\": \"regular strenuous exercise, high-impact activities\"\n  },\n  {\n   \"name of the symptom\": \"swelling\",\n   \"intensity of symptom\": \"\",\n   \"specific attributes of the symptom\": {\n    \"location\": \"around the affected area\",\n    \"Quality of\": \"inflammation\",\n    \"temporalisation\": \"\"\n   },\n   \"When did the symptom appear\": \"\",\n   \"previous treatments\": \"regimen of non-steroidal anti-inflammatory drugs\",\n   \"reaction to previous treatments\": \"symptoms have not subsided\",\n   \"behaviour affecting the symptom\": \"regular strenuous exercise, high-impact activities\"\n  },\n  {\n   \"name of the symptom\": \"decreased knee joint function\",\n   \"intensity of symptom\": \"\",\n   \"specific attributes of the symptom\": {\n    \"location\": \"knee joint\",\n    \"Quality of\": \"gradual decrease\",\n    \"temporalisation\": \"over the past six months\"\n   },\n   \"When did the symptom appear\": \"\",\n   \"previous treatments\": \"regimen of non-steroidal anti-inflammatory drugs\",\n   \"reaction to previous treatments\": \"symptoms have not subsided\",\n   \"behaviour affecting the symptom\": \"regular strenuous exercise, high-impact activities\"\n  }\n ],\n \"socio economic context\": {},\n \"geographic_context\": {\n  \"location\": \"\",\n  \"recent travels\": \"\",\n  \"level of care\": \"\"\n },\n \"physiological context\": {},\n \"psychological context\": {},\n \"personal medical_history\": {},\n \"family medical_history\": {},\n \"current medication\": {},\n \"lifestyle factors\": {\n  \"regular strenuous exercise\": \"yes\",\n  \"high-impact activities\": \"yes\"\n },\n \"results of recent medical tests\": {}\n}"}