{"condition_name": "early Dupuytren\u2019s contractures", "guideline": "guideline_nice.jsonl_872.json", "patient_nb": "3", "structured_patient": "{\n    \"symptoms\": [\n        {\n            \"name of the symptom\": \"persistent, aching pain\",\n            \"intensity of symptom\": \"4/10\",\n            \"specific attributes of the symptom\": {\n                \"location\": \"palm and fingers\",\n                \"Quality of\": \"aching\",\n                \"temporalisation\": \"ongoing for the past 18 months\"\n            },\n            \"When did the symptom appear\": \"18 months ago\",\n            \"previous treatments\": \"\",\n            \"reaction to previous treatments\": \"\",\n            \"behaviour affecting the symptom\": \"denied any history of hand trauma or repetitive hand movements\"\n        },\n        {\n            \"name of the symptom\": \"reduction in hand function\",\n            \"intensity of symptom\": \"\",\n            \"specific attributes of the symptom\": {\n                \"location\": \"hand\",\n                \"Quality of\": \"impaired grip strength\",\n                \"temporalisation\": \"\"\n            },\n            \"When did the symptom appear\": \"ongoing for the past 18 months\",\n            \"previous treatments\": \"\",\n            \"reaction to previous treatments\": \"\",\n            \"behaviour affecting the symptom\": \"denied any history of hand trauma or repetitive hand movements\"\n        }\n    ],\n    \"socio economic context\": {},\n    \"geographic_context\": {\n        \"location\": \"\",\n        \"recent travels\": \"\",\n        \"level of care\": \"\"\n    },\n    \"physiological context\": {},\n    \"psychological context\": {},\n    \"personal medical_history\": {},\n    \"family medical_history\": {},\n    \"current medication\": {},\n    \"lifestyle factors\": {},\n    \"results of recent medical tests\": {}\n}"}