{"condition_name": "Valvular Heart Disease", "guideline": "guideline_gc.jsonl_3.json", "patient_nb": "1", "structured_patient": "{\n    \"symptoms\": [\n        {\n            \"name of the symptom\": \"dyspnea\",\n            \"intensity of symptom\": \"7/10\",\n            \"specific attributes of the symptom\": {\n                \"location\": \"respiratory system\",\n                \"Quality of\": \"difficulty breathing\",\n                \"temporalisation\": \"gradually worsening\"\n            },\n            \"When did the symptom appear\": \"persistently\",\n            \"previous treatments\": \"antihypertensive medication regimen\",\n            \"reaction to previous treaments\": \"symptoms have worsened\",\n            \"behaviour affecting the symptom\": \"exertion\"\n        },\n        {\n            \"name of the symptom\": \"fatigue\",\n            \"intensity of symptom\": \"severe\",\n            \"specific attributes of the symptom\": {\n                \"location\": \"generalized\",\n                \"Quality of\": \"extreme tiredness\",\n                \"temporalisation\": \"gradually worsening\"\n            },\n            \"When did the symptom appear\": \"persistently\",\n            \"previous treatments\": \"not specified\",\n            \"reaction to previous treaments\": \"not specified\",\n            \"behaviour affecting the symptom\": \"not specified\"\n        },\n        {\n            \"name of the symptom\": \"fluid retention\",\n            \"intensity of symptom\": \"noticeable\",\n            \"specific attributes of the symptom\": {\n                \"location\": \"lower extremities\",\n                \"Quality of\": \"swelling\",\n                \"temporalisation\": \"gradual onset\"\n            },\n            \"When did the symptom appear\": \"persistently\",\n            \"previous treatments\": \"not specified\",\n            \"reaction to previous treaments\": \"not specified\",\n            \"behaviour affecting the symptom\": \"not specified\"\n        }\n    ],\n    \"socio economic context\": {},\n    \"geographic_context\": {\n        \"location\": \"\",\n        \"recent travels\": \"\",\n        \"level of care\": \"\"\n    },\n    \"physiological context\": {},\n    \"psychological context\": {},\n    \"personal medical_history\": {\n        \"hypertension\": \"known medical history\"\n    },\n    \"family medical_history\": {},\n    \"current medication\": {\n        \"antihypertensive medication regimen\": \"adhering\"\n    },\n    \"lifestyle factors\": {},\n    \"results of recent medical tests\": {}\n}"}