{"condition_name": "Infection caused by improper reprocessing of flexible GI endoscopes", "guideline": "guideline_gc.jsonl_28.json", "patient_nb": "2", "structured_patient": "{\n    \"symptoms\": [\n        {\n            \"name of the symptom\": \"persistent abdominal discomfort\",\n            \"intensity of symptom\": \"5/10\",\n            \"specific attributes of the symptom\": {\n                \"location\": \"abdominal region\",\n                \"Quality of\": \"discomfort\",\n                \"temporalisation\": \"ongoing for two weeks\"\n            },\n            \"When did the symptom appear\": \"following recent endoscopy procedure\",\n            \"previous treatments\": \"over-the-counter antacids\",\n            \"reaction to previous treatments\": \"not alleviated\",\n            \"behaviour affecting the symptom\": \"\"\n        },\n        {\n            \"name of the symptom\": \"unexplained fatigue\",\n            \"intensity of symptom\": \"\",\n            \"specific attributes of the symptom\": {\n                \"location\": \"\",\n                \"Quality of\": \"fatigue\",\n                \"temporalisation\": \"\"\n            },\n            \"When did the symptom appear\": \"following recent endoscopy procedure\",\n            \"previous treatments\": \"\",\n            \"reaction to previous treatments\": \"\",\n            \"behaviour affecting the symptom\": \"\"\n        }\n    ],\n    \"socio economic context\": {},\n    \"geographic_context\": {\n        \"location\": \"\",\n        \"recent travels\": \"\",\n        \"level of care\": \"\"\n    },\n    \"physiological context\": {},\n    \"psychological context\": {},\n    \"personal medical_history\": {\n        \"history of recurrent gastrointestinal issues\": \"\"\n    },\n    \"family medical_history\": {},\n    \"current medication\": {},\n    \"lifestyle factors\": {},\n    \"results of recent medical tests\": {}\n}"}