{"condition_name": "Ovarian Cancer: Screening", "guideline": "guideline_usp.jsonl_71.json", "patient_nb": "2", "structured_patient": "{\n    \"symptoms\": [\n        {\n            \"name of the symptom\": \"persistent back pain\",\n            \"intensity of symptom\": \"7/10\",\n            \"specific attributes of the symptom\": {\n                \"location\": \"lower back region\",\n                \"Quality of\": \"sharp\",\n                \"temporalisation\": \"ongoing for six months\"\n            },\n            \"When did the symptom appear\": \"\",\n            \"previous treatments\": \"conservative measures, analgesics\",\n            \"reaction to previous treaments\": \"not alleviated\",\n            \"behaviour affecting the symptom\": \"\"\n        },\n        {\n            \"name of the symptom\": \"sporadic bloating sensation\",\n            \"intensity of symptom\": \"\",\n            \"specific attributes of the symptom\": {\n                \"location\": \"\",\n                \"Quality of\": \"\",\n                \"temporalisation\": \"sporadic\"\n            },\n            \"When did the symptom appear\": \"\",\n            \"previous treatments\": \"\",\n            \"reaction to previous treaments\": \"\",\n            \"behaviour affecting the symptom\": \"\"\n        }\n    ],\n    \"socio economic context\": {},\n    \"geographic_context\": {\n        \"location\": \"\",\n        \"recent travels\": \"\",\n        \"level of care\": \"\"\n    },\n    \"physiological context\": {},\n    \"psychological context\": {},\n    \"personal medical_history\": {\n        \"hereditary cancer syndrome\": \"present, family history\"\n    },\n    \"family medical_history\": {\n        \"hereditary cancer syndrome\": \"present\"\n    },\n    \"current medication\": {},\n    \"lifestyle factors\": {},\n    \"results of recent medical tests\": {}\n}"}