{"condition_name": "Opioid use disorder (OUD)", "guideline": "guideline_gc.jsonl_327.json", "patient_nb": "1", "structured_patient": "{\n  \"symptoms\": [\n    {\n      \"name of the symptom\": \"severe body aches\",\n      \"intensity of symptom\": \"8/10\",\n      \"specific attributes of the symptom\": {\n        \"location\": \"diffuse\",\n        \"Quality of\": \"painful\",\n        \"temporalisation\": \"\"\n      },\n      \"When did the symptom appear\": \"\",\n      \"previous treatments\": \"\",\n      \"reaction to previous treaments\": \"\",\n      \"behaviour affecting the symptom\": \"opioid use\"\n    },\n    {\n      \"name of the symptom\": \"cramping abdominal pain\",\n      \"intensity of symptom\": \"8/10\",\n      \"specific attributes of the symptom\": {\n        \"location\": \"abdominal\",\n        \"Quality of\": \"cramping\",\n        \"temporalisation\": \"\"\n      },\n      \"When did the symptom appear\": \"\",\n      \"previous treatments\": \"\",\n      \"reaction to previous treaments\": \"\",\n      \"behaviour affecting the symptom\": \"opioid use\"\n    }\n  ],\n  \"socio economic context\": {},\n  \"geographic_context\": {\n    \"location\": \"\",\n    \"recent travels\": \"\",\n    \"level of care\": \"\"\n  },\n  \"physiological context\": {},\n  \"psychological context\": {},\n  \"personal medical_history\": {},\n  \"family medical_history\": {},\n  \"current medication\": {},\n  \"lifestyle factors\": {},\n  \"results of recent medical tests\": {\n    \"urine toxicology results\": \"positive for opioids\"\n  }\n}"}