{"condition_name": "Long-term effects of COVID-19", "guideline": "guideline_nice.jsonl_284.json", "patient_nb": "4", "structured_patient": "{\n    \"symptoms\": [\n        {\n            \"name of the symptom\": \"chest pain\",\n            \"intensity of symptom\": \"5/10\",\n            \"specific attributes of the symptom\": {\n                \"location\": \"chest\",\n                \"Quality of\": \"intermittent\",\n                \"temporalisation\": \"persistent, ongoing for over six weeks\"\n            },\n            \"When did the symptom appear\": \"over six weeks since initial onset of COVID-19\",\n            \"previous treatments\": \"\",\n            \"reaction to previous treaments\": \"\",\n            \"behaviour affecting the symptom\": \"\"\n        },\n        {\n            \"name of the symptom\": \"palpitations\",\n            \"intensity of symptom\": \"\",\n            \"specific attributes of the symptom\": {\n                \"location\": \"\",\n                \"Quality of\": \"frequent episodes\",\n                \"temporalisation\": \"lingering\"\n            },\n            \"When did the symptom appear\": \"since the initial onset of COVID-19\",\n            \"previous treatments\": \"\",\n            \"reaction to previous treaments\": \"\",\n            \"behaviour affecting the symptom\": \"\"\n        },\n        {\n            \"name of the symptom\": \"shortness of breath\",\n            \"intensity of symptom\": \"\",\n            \"specific attributes of the symptom\": {\n                \"location\": \"\",\n                \"Quality of\": \"lingering sensation\",\n                \"temporalisation\": \"\"\n            },\n            \"When did the symptom appear\": \"since the initial onset of COVID-19\",\n            \"previous treatments\": \"as-needed bronchodilator use for mild asthma\",\n            \"reaction to previous treaments\": \"well-controlled\",\n            \"behaviour affecting the symptom\": \"\"\n        }\n    ],\n    \"socio economic context\": {},\n    \"geographic_context\": {\n        \"location\": \"\",\n        \"recent travels\": \"\",\n        \"level of care\": \"\"\n    },\n    \"physiological context\": {},\n    \"psychological context\": {\n        \"location\": \"\",\n        \"recent travels\": \"\",\n        \"level of care\": \"\"\n    },\n    \"personal medical_history\": {\n        \"mild asthma\": \"well-controlled with as-needed bronchodilator use\"\n    },\n    \"family medical_history\": {},\n    \"current medication\": {},\n    \"lifestyle factors\": {},\n    \"results of recent medical tests\": {}\n}"}