{"condition_name": "Transient Ischemic Attack (TIA)", "guideline": "guideline_gc.jsonl_584.json", "patient_nb": "1", "structured_patient": "{\n    \"symptoms\": [\n        {\n            \"name of the symptom\": \"focal neurologic deficits\",\n            \"intensity of symptom\": \"\",\n            \"specific attributes of the symptom\": {\n                \"location\": \"right arm and leg\",\n                \"Quality of\": \"temporary loss of strength\",\n                \"temporalisation\": \"lasted for approximately 15 minutes\"\n            },\n            \"When did the symptom appear\": \"sudden onset\",\n            \"previous treatments\": \"\",\n            \"reaction to previous treaments\": \"\",\n            \"behaviour affecting the symptom\": \"poorly controlled hypertension\"\n        }\n    ],\n    \"socio economic context\": {},\n    \"geographic_context\": {\n        \"location\": \"\",\n        \"recent travels\": \"\",\n        \"level of care\": \"\"\n    },\n    \"physiological context\": {},\n    \"psychological context\": {},\n    \"personal medical_history\": {\n        \"uncontrolled hypertension\": \"history of\"\n    },\n    \"family medical_history\": {},\n    \"current medication\": {},\n    \"lifestyle factors\": {},\n    \"results of recent medical tests\": {}\n}"}