{"condition_name": "Drug Allergy", "guideline": "guideline_rch.jsonl_42.json", "patient_nb": "1", "structured_patient": "{\n    \"symptoms\": [\n        {\n            \"name of the symptom\": \"non-specific maculopapular rash\",\n            \"intensity of symptom\": \"mild\",\n            \"specific attributes of the symptom\": {\n                \"location\": \"trunk and extremities\",\n                \"Quality of\": \"not provided\",\n                \"temporalisation\": \"appeared <1 hour after ingestion of amoxicillin\"\n            },\n            \"When did the symptom appear\": \"<1 hour after ingestion of amoxicillin\",\n            \"previous treatments\": \"no concurrent illness or use of other medications\",\n            \"reaction to previous treatments\": \"tolerated different antibiotics in the past\",\n            \"behaviour affecting the symptom\": \"not provided\"\n        },\n        {\n            \"name of the symptom\": \"urticarial lesions\",\n            \"intensity of symptom\": \"not provided\",\n            \"specific attributes of the symptom\": {\n                \"location\": \"\",\n                \"Quality of\": \"\",\n                \"temporalisation\": \"appeared <1 hour after ingestion of amoxicillin\"\n            },\n            \"When did the symptom appear\": \"<1 hour after ingestion of amoxicillin\",\n            \"previous treatments\": \"no concurrent illness or use of other medications\",\n            \"reaction to previous treatments\": \"tolerated different antibiotics in the past\",\n            \"behaviour affecting the symptom\": \"not provided\"\n        },\n        {\n            \"name of the symptom\": \"mild wheezing\",\n            \"intensity of symptom\": \"mild\",\n            \"specific attributes of the symptom\": {\n                \"location\": \"respiratory\",\n                \"Quality of\": \"\",\n                \"temporalisation\": \"appeared <1 hour after ingestion of amoxicillin\"\n            },\n            \"When did the symptom appear\": \"<1 hour after ingestion of amoxicillin\",\n            \"previous treatments\": \"no concurrent illness or use of other medications\",\n            \"reaction to previous treatments\": \"tolerated different antibiotics in the past\",\n            \"behaviour affecting the symptom\": \"not provided\"\n        },\n        {\n            \"name of the symptom\": \"increased work of breathing\",\n            \"intensity of symptom\": \"not provided\",\n            \"specific attributes of the symptom\": {\n                \"location\": \"respiratory\",\n                \"Quality of\": \"not provided\",\n                \"temporalisation\": \"appeared <1 hour after ingestion of amoxicillin\"\n            },\n            \"When did the symptom appear\": \"<1 hour after ingestion of amoxicillin\",\n            \"previous treatments\": \"no concurrent illness or use of other medications\",\n            \"reaction to previous treatments\": \"tolerated different antibiotics in the past\",\n            \"behaviour affecting the symptom\": \"not provided\"\n        },\n        {\n            \"name of the symptom\": \"dizziness\",\n            \"intensity of symptom\": \"not provided\",\n            \"specific attributes of the symptom\": {\n                \"location\": \"\",\n                \"Quality of\": \"sensation\",\n                \"temporalisation\": \"appeared <1 hour after ingestion of amoxicillin\"\n            },\n            \"When did the symptom appear\": \"<1 hour after ingestion of amoxicillin\",\n            \"previous treatments\": \"no concurrent illness or use of other medications\",\n            \"reaction to previous treatments\": \"tolerated different antibiotics in the past\",\n            \"behaviour affecting the symptom\": \"not provided\"\n        },\n        {\n            \"name of the symptom\": \"joint and muscle pain\",\n            \"intensity of symptom\": \"not provided\",\n            \"specific attributes of the symptom\": {\n                \"location\": \"joints and muscles\",\n                \"Quality of\": \"pain\",\n                \"temporalisation\": \"appeared <1 hour after ingestion of amoxicillin\"\n            },\n            \"When did the symptom appear\": \"<1 hour after ingestion of amoxicillin\",\n            \"previous treatments\": \"no concurrent illness or use of other medications\",\n            \"reaction to previous treatments\": \"tolerated different antibiotics in the past\",\n            \"behaviour affecting the symptom\": \"not provided\"\n        }\n    ],\n    \"socio economic context\": {},\n    \"geographic_context\": {\n        \"location\": \"\",\n        \"recent travels\": \"\",\n        \"level of care\": \"\"\n    },\n    \"physiological context\": {},\n    \"psychological context\": {},\n    \"personal medical_history\": {\n        \"history of atopic disease\": \"yes\"\n    },\n    \"family medical_history\": {},\n    \"current medication\": {\n        \"newly prescribed antibiotic\": \"amoxicillin\"\n    },\n    \"lifestyle factors\": {},\n    \"results of recent medical tests\": {}\n}"}