{"condition_name": "Colorectal carcinoma", "guideline": "guideline_gc.jsonl_877.json", "patient_nb": "3", "structured_patient": "{\n    \"symptoms\": [\n        {\n            \"name of the symptom\": \"severe crampy abdominal pain\",\n            \"intensity of symptom\": \"8/10\",\n            \"specific attributes of the symptom\": {\n                \"location\": \"right lower quadrant\",\n                \"Quality of\": \"recurrent\",\n                \"temporalisation\": \"persisted for six months\"\n            },\n            \"When did the symptom appear\": \"\",\n            \"previous treatments\": \"\",\n            \"reaction to previous treaments\": \"\",\n            \"behaviour affecting the symptom\": \"none reported\"\n        },\n        {\n            \"name of the symptom\": \"change in bowel habits\",\n            \"intensity of symptom\": \"\",\n            \"specific attributes of the symptom\": {\n                \"location\": \"\",\n                \"Quality of\": \"constipation alternating with episodes of diarrhea\",\n                \"temporalisation\": \"persisted for six months\"\n            },\n            \"When did the symptom appear\": \"\",\n            \"previous treatments\": \"\",\n            \"reaction to previous treaments\": \"\",\n            \"behaviour affecting the symptom\": \"none reported\"\n        },\n        {\n            \"name of the symptom\": \"sensation of bloating\",\n            \"intensity of symptom\": \"\",\n            \"specific attributes of the symptom\": {\n                \"location\": \"\",\n                \"Quality of\": \"\",\n                \"temporalisation\": \"persisted for six months\"\n            },\n            \"When did the symptom appear\": \"\",\n            \"previous treatments\": \"\",\n            \"reaction to previous treaments\": \"\",\n            \"behaviour affecting the symptom\": \"none reported\"\n        }\n    ],\n    \"socio economic context\": {},\n    \"geographic_context\": {\n        \"location\": \"\",\n        \"recent travels\": \"\",\n        \"level of care\": \"\"\n    },\n    \"physiological context\": {},\n    \"psychological context\": {},\n    \"personal medical_history\": {\n        \"prior history of gastrointestinal conditions\": \"no\"\n    },\n    \"family medical_history\": {},\n    \"current medication\": {},\n    \"lifestyle factors\": {},\n    \"results of recent medical tests\": {\n        \"RAS mutational testing\": \"\",\n        \"BRAF p.V600 mutational analysis\": \"\",\n        \"comprehensive assessment of MMR status\": \"\"\n    }\n}"}