{"condition_name": "Internal haemorrhoids", "guideline": "guideline_nice.jsonl_1634.json", "patient_nb": "3", "structured_patient": "{\n  \"symptoms\": [\n    {\n      \"name of the symptom\": \"recurrent bleeding from the anus\",\n      \"intensity of symptom\": \"\",\n      \"specific attributes of the symptom\": {\n        \"location\": \"anus\",\n        \"Quality of\": \"bleeding\",\n        \"temporalisation\": \"associated with bowel movements\"\n      },\n      \"When did the symptom appear\": \"\",\n      \"previous treatments\": \"\",\n      \"reaction to previous treatments\": \"\",\n      \"behaviour affecting the symptom\": \"sedentary lifestyle\"\n    },\n    {\n      \"name of the symptom\": \"pain\",\n      \"intensity of symptom\": \"5/10\",\n      \"specific attributes of the symptom\": {\n        \"location\": \"\",\n        \"Quality of\": \"pain\",\n        \"temporalisation\": \"occasional\"\n      },\n      \"When did the symptom appear\": \"\",\n      \"previous treatments\": \"\",\n      \"reaction to previous treatments\": \"\",\n      \"behaviour affecting the symptom\": \"sedentary lifestyle\"\n    },\n    {\n      \"name of the symptom\": \"faecal soiling\",\n      \"intensity of symptom\": \"\",\n      \"specific attributes of the symptom\": {\n        \"location\": \"anal region\",\n        \"Quality of\": \"\",\n        \"temporalisation\": \"persistent\"\n      },\n      \"When did the symptom appear\": \"\",\n      \"previous treatments\": \"\",\n      \"reaction to previous treatments\": \"\",\n      \"behaviour affecting the symptom\": \"sedentary lifestyle\"\n    },\n    {\n      \"name of the symptom\": \"itching\",\n      \"intensity of symptom\": \"\",\n      \"specific attributes of the symptom\": {\n        \"location\": \"anal region\",\n        \"Quality of\": \"itching\",\n        \"temporalisation\": \"persistent\"\n      },\n      \"When did the symptom appear\": \"\",\n      \"previous treatments\": \"\",\n      \"reaction to previous treatments\": \"\",\n      \"behaviour affecting the symptom\": \"sedentary lifestyle\"\n    }\n  ],\n  \"socio economic context\": {},\n  \"geographic_context\": {\n    \"location\": \"\",\n    \"recent travels\": \"\",\n    \"level of care\": \"\"\n  },\n  \"physiological context\": {},\n  \"psychological context\": {},\n  \"personal medical_history\": {},\n  \"family medical_history\": {},\n  \"current medication\": {},\n  \"lifestyle factors\": {\n    \"sedentary lifestyle\": \"yes\"\n  },\n  \"results of recent medical tests\": {}\n}"}