{"condition_name": "Renal cancer", "guideline": "guideline_nice.jsonl_1339.json", "patient_nb": "1", "structured_patient": "{\n    \"symptoms\": [\n        {\n            \"name of the symptom\": \"gross hematuria\",\n            \"intensity of symptom\": \"6/10\",\n            \"specific attributes of the symptom\": {\n                \"location\": \"urinary tract\",\n                \"Quality of\": \"blood in urine\",\n                \"temporalisation\": \"intermittent over past six weeks\"\n            },\n            \"When did the symptom appear\": \"six weeks ago\",\n            \"previous treatments\": \"none reported\",\n            \"reaction to previous treaments\": \"\",\n            \"behaviour affecting the symptom\": \"smoking\"\n        },\n        {\n            \"name of the symptom\": \"flank pain\",\n            \"intensity of symptom\": \"4/10\",\n            \"specific attributes of the symptom\": {\n                \"location\": \"right flank\",\n                \"Quality of\": \"dull pain\",\n                \"temporalisation\": \"persistent\"\n            },\n            \"When did the symptom appear\": \"recently\",\n            \"previous treatments\": \"over-the-counter analgesics\",\n            \"reaction to previous treaments\": \"not alleviated\",\n            \"behaviour affecting the symptom\": \"\"\n        }\n    ],\n    \"socio economic context\": {},\n    \"geographic_context\": {\n        \"location\": \"\",\n        \"recent travels\": \"\",\n        \"level of care\": \"\"\n    },\n    \"physiological context\": {},\n    \"psychological context\": {},\n    \"personal medical_history\": {\n        \"smoking history\": \"30-year history of smoking\"\n    },\n    \"family medical_history\": {},\n    \"current medication\": {},\n    \"lifestyle factors\": {},\n    \"results of recent medical tests\": {}\n}"}