{"condition_name": "Edema", "guideline": "guideline_mayo.jsonl_344.json", "patient_nb": "2", "structured_patient": "{\n    \"symptoms\": [\n        {\n            \"name of the symptom\": \"edema\",\n            \"intensity of symptom\": \"marked\",\n            \"specific attributes of the symptom\": {\n                \"location\": \"legs and arms\",\n                \"Quality of\": \"swelling and puffiness\",\n                \"temporalisation\": \"late stage of her pregnancy\"\n            },\n            \"When did the symptom appear\": \"in her third trimester\",\n            \"previous treatments\": \"\",\n            \"reaction to previous treaments\": \"\",\n            \"behaviour affecting the symptom\": \"followed recommended lifestyle modifications and elevation techniques\"\n        },\n        {\n            \"name of the symptom\": \"stretching and shiny skin\",\n            \"intensity of symptom\": \"\",\n            \"specific attributes of the symptom\": {\n                \"location\": \"legs and arms\",\n                \"Quality of\": \"stretched and shiny appearance\",\n                \"temporalisation\": \"late stage of her pregnancy\"\n            },\n            \"When did the symptom appear\": \"in her third trimester\",\n            \"previous treatments\": \"\",\n            \"reaction to previous treaments\": \"\",\n            \"behaviour affecting the symptom\": \"followed recommended lifestyle modifications and elevation techniques\"\n        },\n        {\n            \"name of the symptom\": \"pitting phenomenon\",\n            \"intensity of symptom\": \"\",\n            \"specific attributes of the symptom\": {\n                \"location\": \"legs and arms\",\n                \"Quality of\": \"clear pitting upon pressure\",\n                \"temporalisation\": \"late stage of her pregnancy\"\n            },\n            \"When did the symptom appear\": \"in her third trimester\",\n            \"previous treatments\": \"\",\n            \"reaction to previous treaments\": \"\",\n            \"behaviour affecting the symptom\": \"followed recommended lifestyle modifications and elevation techniques\"\n        },\n        {\n            \"name of the symptom\": \"heaviness in legs\",\n            \"intensity of symptom\": \"overall feeling of\",\n            \"specific attributes of the symptom\": {\n                \"location\": \"legs\",\n                \"Quality of\": \"heaviness\",\n                \"temporalisation\": \"late stage of her pregnancy\"\n            },\n            \"When did the symptom appear\": \"in her third trimester\",\n            \"previous treatments\": \"\",\n            \"reaction to previous treaments\": \"\",\n            \"behaviour affecting the symptom\": \"followed recommended lifestyle modifications and elevation techniques\"\n        }\n    ],\n    \"socio economic context\": {},\n    \"geographic_context\": {\n        \"location\": \"\",\n        \"recent travels\": \"\",\n        \"level of care\": \"\"\n    },\n    \"physiological context\": {},\n    \"psychological context\": {},\n    \"personal medical_history\": {},\n    \"family medical_history\": {},\n    \"current medication\": {},\n    \"lifestyle factors\": {},\n    \"results of recent medical tests\": {}\n}"}