{"condition_name": "Spontaneous coronary artery dissection", "guideline": "guideline_mayo.jsonl_953.json", "patient_nb": "3", "structured_patient": "{\n  \"symptoms\": [\n    {\n      \"name of the symptom\": \"severe chest pain\",\n      \"intensity of symptom\": \"9/10\",\n      \"specific attributes of the symptom\": {\n        \"location\": \"chest, arms, jaw\",\n        \"Quality of\": \"sudden onset, radiating\",\n        \"temporalisation\": \"possibly recurrent\"\n      },\n      \"When did the symptom appear\": \"sudden onset\",\n      \"previous treatments\": \"\",\n      \"reaction to previous treaments\": \"\",\n      \"behaviour affecting the symptom\": \"unknown\"\n    },\n    {\n      \"name of the symptom\": \"shortness of breath\",\n      \"intensity of symptom\": \"\",\n      \"specific attributes of the symptom\": {\n        \"location\": \"\",\n        \"Quality of\": \"unusual, extreme\",\n        \"temporalisation\": \"sudden onset\"\n      },\n      \"When did the symptom appear\": \"sudden onset\",\n      \"previous treatments\": \"\",\n      \"reaction to previous treaments\": \"\",\n      \"behaviour affecting the symptom\": \"unknown\"\n    },\n    {\n      \"name of the symptom\": \"extreme tiredness\",\n      \"intensity of symptom\": \"\",\n      \"specific attributes of the symptom\": {\n        \"location\": \"\",\n        \"Quality of\": \"unusual, extreme\",\n        \"temporalisation\": \"\"\n      },\n      \"When did the symptom appear\": \"sudden onset\",\n      \"previous treatments\": \"\",\n      \"reaction to previous treaments\": \"\",\n      \"behaviour affecting the symptom\": \"unknown\"\n    },\n    {\n      \"name of the symptom\": \"recurrent episodes of chest pain\",\n      \"intensity of symptom\": \"\",\n      \"specific attributes of the symptom\": {\n        \"location\": \"\",\n        \"Quality of\": \"possibly similar to severe chest pain\",\n        \"temporalisation\": \"recurrent\"\n      },\n      \"When did the symptom appear\": \"unknown\",\n      \"previous treatments\": \"\",\n      \"reaction to previous treaments\": \"\",\n      \"behaviour affecting the symptom\": \"unknown\"\n    },\n    {\n      \"name of the symptom\": \"sweating\",\n      \"intensity of symptom\": \"\",\n      \"specific attributes of the symptom\": {\n        \"location\": \"\",\n        \"Quality of\": \"\",\n        \"temporalisation\": \"\"\n      },\n      \"When did the symptom appear\": \"during chest pain episodes\",\n      \"previous treatments\": \"\",\n      \"reaction to previous treaments\": \"\",\n      \"behaviour affecting the symptom\": \"unknown\"\n    },\n    {\n      \"name of the symptom\": \"rapid heartbeat\",\n      \"intensity of symptom\": \"\",\n      \"specific attributes of the symptom\": {\n        \"location\": \"\",\n        \"Quality of\": \"\",\n        \"temporalisation\": \"\"\n      },\n      \"When did the symptom appear\": \"during chest pain episodes\",\n      \"previous treatments\": \"\",\n      \"reaction to previous treaments\": \"\",\n      \"behaviour affecting the symptom\": \"unknown\"\n    }\n  ],\n  \"socio economic context\": {},\n  \"geographic_context\": {\n    \"location\": \"\",\n    \"recent travels\": \"\",\n    \"level of care\": \"\"\n  },\n  \"physiological context\": {},\n  \"psychological context\": {},\n  \"personal medical_history\": {},\n  \"family medical_history\": {\n    \"inherited connective tissue disease\": \"present in family background\"\n  },\n  \"current medication\": {},\n  \"lifestyle factors\": {},\n  \"results of recent medical tests\": {}\n}"}