{"condition_name": "Internal haemorrhoids", "guideline": "guideline_nice.jsonl_1634.json", "patient_nb": "2", "structured_patient": "{\n    \"symptoms\": [\n        {\n            \"name of the symptom\": \"bleeding from the anus\",\n            \"intensity of symptom\": \"3/10\",\n            \"specific attributes of the symptom\": {\n                \"location\": \"anal area\",\n                \"Quality of\": \"bleeding\",\n                \"temporalisation\": \"intermittently\"\n            },\n            \"When did the symptom appear\": \"persisted for several months\",\n            \"previous treatments\": \"\",\n            \"reaction to previous treatments\": \"\",\n            \"behaviour affecting the symptom\": \"sedentary lifestyle, low-fiber diet\"\n        },\n        {\n            \"name of the symptom\": \"faecal soiling\",\n            \"intensity of symptom\": \"\",\n            \"specific attributes of the symptom\": {\n                \"location\": \"anal area\",\n                \"Quality of\": \"soiling\",\n                \"temporalisation\": \"chronic\"\n            },\n            \"When did the symptom appear\": \"persisted for several months\",\n            \"previous treatments\": \"\",\n            \"reaction to previous treatments\": \"\",\n            \"behaviour affecting the symptom\": \"sedentary lifestyle, low-fiber diet\"\n        },\n        {\n            \"name of the symptom\": \"chronic itching in the anal area\",\n            \"intensity of symptom\": \"\",\n            \"specific attributes of the symptom\": {\n                \"location\": \"anal area\",\n                \"Quality of\": \"itching\",\n                \"temporalisation\": \"chronic\"\n            },\n            \"When did the symptom appear\": \"persisted for several months\",\n            \"previous treatments\": \"\",\n            \"reaction to previous treatments\": \"\",\n            \"behaviour affecting the symptom\": \"sedentary lifestyle, low-fiber diet\"\n        }\n    ],\n    \"socio economic context\": {},\n    \"geographic_context\": {\n        \"location\": \"\",\n        \"recent travels\": \"\",\n        \"level of care\": \"\"\n    },\n    \"physiological context\": {},\n    \"psychological context\": {},\n    \"personal medical_history\": {\n        \"history of\": \"obesity\"\n    },\n    \"family medical_history\": {},\n    \"current medication\": {},\n    \"lifestyle factors\": {\n        \"lifestyle\": \"sedentary\",\n        \"diet\": \"low-fiber\"\n    },\n    \"results of recent medical tests\": {}\n}"}