{"condition_name": "Metastatic Merkel cell carcinoma in adults who have not had chemotherapy for metastatic disease", "guideline": "guideline_nice.jsonl_372.json", "patient_nb": "3", "structured_patient": "{\n    \"symptoms\": [\n        {\n            \"name of the symptom\": \"Visible skin lesions\",\n            \"intensity of symptom\": \"N/A\",\n            \"specific attributes of the symptom\": {\n                \"location\": \"Multiple\",\n                \"Quality of\": \"Rapidly evolving, potentially disfiguring\",\n                \"temporalisation\": \"Over the past two months\"\n            },\n            \"When did the symptom appear\": \"Two months ago\",\n            \"previous treatments\": \"\",\n            \"reaction to previous treaments\": \"\",\n            \"behaviour affecting the symptom\": \"Outdoor recreational activities\"\n        },\n        {\n            \"name of the symptom\": \"Pruritus\",\n            \"intensity of symptom\": \"Occasional\",\n            \"specific attributes of the symptom\": {\n                \"location\": \"Associated with the skin lesions\",\n                \"Quality of\": \"Itchy\",\n                \"temporalisation\": \"\"\n            },\n            \"When did the symptom appear\": \"Concurrent with the appearance of skin lesions\",\n            \"previous treatments\": \"\",\n            \"reaction to previous treaments\": \"\",\n            \"behaviour affecting the symptom\": \"\"\n        },\n        {\n            \"name of the symptom\": \"Dull pain\",\n            \"intensity of symptom\": \"5/10\",\n            \"specific attributes of the symptom\": {\n                \"location\": \"Localized to the affected skin area\",\n                \"Quality of\": \"Dull\",\n                \"temporalisation\": \"\"\n            },\n            \"When did the symptom appear\": \"Concurrent with the appearance of skin lesions\",\n            \"previous treatments\": \"\",\n            \"reaction to previous treaments\": \"\",\n            \"behaviour affecting the symptom\": \"\"\n        }\n    ],\n    \"socio economic context\": {},\n    \"geographic_context\": {\n        \"location\": \"\",\n        \"recent travels\": \"\",\n        \"level of care\": \"\"\n    },\n    \"physiological context\": {},\n    \"psychological context\": {},\n    \"personal medical_history\": {},\n    \"family medical_history\": {},\n    \"current medication\": {},\n    \"lifestyle factors\": {},\n    \"results of recent medical tests\": {}\n}"}