{"condition_name": "Ankyloglossia (tongue-tie) for breastfeeding", "guideline": "guideline_nice.jsonl_1542.json", "patient_nb": "1", "structured_patient": "{\n    \"symptoms\": [\n        {\n            \"name of the symptom\": \"severe nipple soreness\",\n            \"intensity of symptom\": \"8/10 for pain\",\n            \"specific attributes of the symptom\": {\n                \"location\": \"nipples\",\n                \"Quality of\": \"pain\",\n                \"temporalisation\": \"during and after feeding\"\n            },\n            \"When did the symptom appear\": \"persistent\",\n            \"previous treatments\": \"various breastfeeding techniques and nipple care\",\n            \"reaction to previous treaments\": \"no improvement\",\n            \"behaviour affecting the symptom\": \"breastfeeding\"\n        },\n        {\n            \"name of the symptom\": \"poor weight gain\",\n            \"intensity of symptom\": \"\",\n            \"specific attributes of the symptom\": {\n                \"location\": \"infant's weight\",\n                \"Quality of\": \"decline/growth restriction\",\n                \"temporalisation\": \"\"\n            },\n            \"When did the symptom appear\": \"ongoing\",\n            \"previous treatments\": \"\",\n            \"reaction to previous treaments\": \"\",\n            \"behaviour affecting the symptom\": \"feeding\"\n        }\n    ],\n    \"socio economic context\": {},\n    \"geographic_context\": {\n        \"location\": \"\",\n        \"recent travels\": \"\",\n        \"level of care\": \"\"\n    },\n    \"physiological context\": {},\n    \"psychological context\": {},\n    \"personal medical_history\": {},\n    \"family medical_history\": {},\n    \"current medication\": {},\n    \"lifestyle factors\": {},\n    \"results of recent medical tests\": {}\n}"}