{"condition_name": "Carotid Artery Stenosis", "guideline": "guideline_aafp.jsonl_50.json", "patient_nb": "3", "structured_patient": "{\n    \"symptoms\": [\n        {\n            \"name of the symptom\": \"transient speech difficulty\",\n            \"intensity of symptom\": \"\",\n            \"specific attributes of the symptom\": {\n                \"location\": \"\",\n                \"Quality of\": \"difficulty in speech\",\n                \"temporalisation\": \"episodic, recurring sporadically over the past two weeks\"\n            },\n            \"When did the symptom appear\": \"past two weeks\",\n            \"previous treatments\": \"None reported\",\n            \"reaction to previous treatments\": \"\",\n            \"behaviour affecting the symptom\": \"\"\n        },\n        {\n            \"name of the symptom\": \"right-sided weakness\",\n            \"intensity of symptom\": \"\",\n            \"specific attributes of the symptom\": {\n                \"location\": \"right side\",\n                \"Quality of\": \"weakness\",\n                \"temporalisation\": \"episodic, recurring sporadically over the past two weeks\"\n            },\n            \"When did the symptom appear\": \"past two weeks\",\n            \"previous treatments\": \"None reported\",\n            \"reaction to previous treatments\": \"\",\n            \"behaviour affecting the symptom\": \"\"\n        },\n        {\n            \"name of the symptom\": \"chest pain\",\n            \"intensity of symptom\": \"5/10\",\n            \"specific attributes of the symptom\": {\n                \"location\": \"chest, radiating to left arm\",\n                \"Quality of\": \"dull ache\",\n                \"temporalisation\": \"persistent\"\n            },\n            \"When did the symptom appear\": \"recently\",\n            \"previous treatments\": \"\",\n            \"reaction to previous treatments\": \"\",\n            \"behaviour affecting the symptom\": \"not consistently associated with physical activity\"\n        }\n    ],\n    \"socio economic context\": {},\n    \"geographic_context\": {\n        \"location\": \"\",\n        \"recent travels\": \"\",\n        \"level of care\": \"\"\n    },\n    \"physiological context\": {},\n    \"psychological context\": {},\n    \"personal medical_history\": {\n        \"diabetes mellitus\": \"ongoing pharmacological treatment\",\n        \"hyperlipidemia\": \"ongoing pharmacological treatment\"\n    },\n    \"family medical_history\": {},\n    \"current medication\": {},\n    \"lifestyle factors\": {},\n    \"results of recent medical tests\": {}\n}"}