{"condition_name": "Lower urinary tract symptoms caused by benign prostatic hyperplasia", "guideline": "guideline_nice.jsonl_674.json", "patient_nb": "3", "structured_patient": "{\n  \"symptoms\": [\n    {\n      \"name of the symptom\": \"persistent hesitancy during micturition\",\n      \"intensity of symptom\": \"troubling\",\n      \"specific attributes of the symptom\": {\n        \"location\": \"lower urinary tract\",\n        \"Quality of\": \"hesitancy\",\n        \"temporalisation\": \"persistent\"\n      },\n      \"When did the symptom appear\": \"\",\n      \"previous treatments\": \"\",\n      \"reaction to previous treaments\": \"\",\n      \"behaviour affecting the symptom\": \"reduced fluid intake in the evenings\"\n    },\n    {\n      \"name of the symptom\": \"interrupted and decreased urine stream\",\n      \"intensity of symptom\": \"troubling\",\n      \"specific attributes of the symptom\": {\n        \"location\": \"lower urinary tract\",\n        \"Quality of\": \"stream interruption and decreased flow rate\",\n        \"temporalisation\": \"\"\n      },\n      \"When did the symptom appear\": \"\",\n      \"previous treatments\": \"\",\n      \"reaction to previous treaments\": \"\",\n      \"behaviour affecting the symptom\": \"reduced fluid intake in the evenings\"\n    },\n    {\n      \"name of the symptom\": \"nocturia\",\n      \"intensity of symptom\": \"prominent\",\n      \"specific attributes of the symptom\": {\n        \"location\": \"\",\n        \"Quality of\": \"frequent urination during sleep\",\n        \"temporalisation\": \"\"\n      },\n      \"When did the symptom appear\": \"\",\n      \"previous treatments\": \"\",\n      \"reaction to previous treaments\": \"\",\n      \"behaviour affecting the symptom\": \"reduced fluid intake in the evenings\"\n    },\n    {\n      \"name of the symptom\": \"incomplete voiding\",\n      \"intensity of symptom\": \"troubling\",\n      \"specific attributes of the symptom\": {\n        \"location\": \"lower urinary tract\",\n        \"Quality of\": \"incomplete sensation\",\n        \"temporalisation\": \"\"\n      },\n      \"When did the symptom appear\": \"\",\n      \"previous treatments\": \"\",\n      \"reaction to previous treaments\": \"\",\n      \"behaviour affecting the symptom\": \"reduced fluid intake in the evenings\"\n    },\n    {\n      \"name of the symptom\": \"urinary urgency\",\n      \"intensity of symptom\": \"\",\n      \"specific attributes of the symptom\": {\n        \"location\": \"lower urinary tract\",\n        \"Quality of\": \"urgency\",\n        \"temporalisation\": \"\"\n      },\n      \"When did the symptom appear\": \"\",\n      \"previous treatments\": \"\",\n      \"reaction to previous treaments\": \"\",\n      \"behaviour affecting the symptom\": \"reduced fluid intake in the evenings\"\n    },\n    {\n      \"name of the symptom\": \"occasional episodes of retention\",\n      \"intensity of symptom\": \"\",\n      \"specific attributes of the symptom\": {\n        \"location\": \"lower urinary tract\",\n        \"Quality of\": \"retention\",\n        \"temporalisation\": \"occasional\"\n      },\n      \"When did the symptom appear\": \"\",\n      \"previous treatments\": \"\",\n      \"reaction to previous treaments\": \"\",\n      \"behaviour affecting the symptom\": \"reduced fluid intake in the evenings\"\n    }\n  ],\n  \"socio economic context\": {},\n  \"geographic_context\": {\n    \"location\": \"\",\n    \"recent travels\": \"\",\n    \"level of care\": \"\"\n  },\n  \"physiological context\": {},\n  \"psychological context\": {},\n  \"personal medical_history\": {\n    \"benign prostatic hyperplasia\": \"family history\"\n  },\n  \"family medical_history\": {\n    \"benign prostatic hyperplasia\": \"present in family\"\n  },\n  \"current medication\": {},\n  \"lifestyle factors\": {\n    \"fluid intake in the evenings\": \"reduced\"\n  },\n  \"results of recent medical tests\": {}\n}"}