{"condition_name": "Constipation", "guideline": "guideline_rch.jsonl_77.json", "patient_nb": "2", "structured_patient": "{\n    \"symptoms\": [\n        {\n            \"name of the symptom\": \"severe difficulty passing stools\",\n            \"intensity of symptom\": \"excruciating\",\n            \"specific attributes of the symptom\": {\n                \"location\": \"\",\n                \"Quality of\": \"hard stools\",\n                \"temporalisation\": \"since surgical procedure one week ago\"\n            },\n            \"When did the symptom appear\": \"following the surgical procedure\",\n            \"previous treatments\": \"regular use of aperients\",\n            \"reaction to previous treaments\": \"\",\n            \"behaviour affecting the symptom\": \"none reported\"\n        }\n    ],\n    \"socio economic context\": {},\n    \"geographic_context\": {\n        \"location\": \"\",\n        \"recent travels\": \"\",\n        \"level of care\": \"\"\n    },\n    \"physiological context\": {},\n    \"psychological context\": {},\n    \"personal medical_history\": {\n        \"history of constipation\": \"long-standing\"\n    },\n    \"family medical_history\": {},\n    \"current medication\": {},\n    \"lifestyle factors\": {},\n    \"results of recent medical tests\": {}\n}"}