{"condition_name": "Hip Labral Tear", "guideline": "guideline_mayo.jsonl_496.json", "patient_nb": "3", "structured_patient": "{\n    \"symptoms\": [\n        {\n            \"name of the symptom\": \"persistent sharp pain\",\n            \"intensity of symptom\": \"7/10\",\n            \"specific attributes of the symptom\": {\n                \"location\": \"right hip and groin area\",\n                \"Quality of\": \"sharp\",\n                \"temporalisation\": \"persistent\"\n            },\n            \"When did the symptom appear\": \"gradual onset\",\n            \"previous treatments\": \"\",\n            \"reaction to previous treatments\": \"\",\n            \"behaviour affecting the symptom\": \"prolonged sitting, running, weightlifting\"\n        },\n        {\n            \"name of the symptom\": \"clicking sensation\",\n            \"intensity of symptom\": \"\",\n            \"specific attributes of the symptom\": {\n                \"location\": \"hip joint\",\n                \"Quality of\": \"clicking\",\n                \"temporalisation\": \"\"\n            },\n            \"When did the symptom appear\": \"\",\n            \"previous treatments\": \"\",\n            \"reaction to previous treatments\": \"\",\n            \"behaviour affecting the symptom\": \"specific movements\"\n        },\n        {\n            \"name of the symptom\": \"sensation of \\\"catching\\\"\",\n            \"intensity of symptom\": \"\",\n            \"specific attributes of the symptom\": {\n                \"location\": \"\",\n                \"Quality of\": \"catching\",\n                \"temporalisation\": \"\"\n            },\n            \"When did the symptom appear\": \"\",\n            \"previous treatments\": \"\",\n            \"reaction to previous treatments\": \"\",\n            \"behaviour affecting the symptom\": \"specific movements\"\n        },\n        {\n            \"name of the symptom\": \"stiffness\",\n            \"intensity of symptom\": \"\",\n            \"specific attributes of the symptom\": {\n                \"location\": \"right hip\",\n                \"Quality of\": \"gradual onset\",\n                \"temporalisation\": \"noticeable limitation in range of motion\"\n            },\n            \"When did the symptom appear\": \"gradual onset\",\n            \"previous treatments\": \"\",\n            \"reaction to previous treatments\": \"\",\n            \"behaviour affecting the symptom\": \"\"\n        },\n        {\n            \"name of the symptom\": \"limited range of motion\",\n            \"intensity of symptom\": \"\",\n            \"specific attributes of the symptom\": {\n                \"location\": \"right hip\",\n                \"Quality of\": \"limited\",\n                \"temporalisation\": \"\"\n            },\n            \"When did the symptom appear\": \"gradual onset\",\n            \"previous treatments\": \"\",\n            \"reaction to previous treatments\": \"\",\n            \"behaviour affecting the symptom\": \"\"\n        }\n    ],\n    \"socio economic context\": {},\n    \"geographic_context\": {\n        \"location\": \"\",\n        \"recent travels\": \"\",\n        \"level of care\": \"\"\n    },\n    \"physiological context\": {},\n    \"psychological context\": {},\n    \"personal medical_history\": {},\n    \"family medical_history\": {},\n    \"current medication\": {},\n    \"lifestyle factors\": {},\n    \"results of recent medical tests\": {}\n}"}