{"condition_name": "Ovarian Cancer: Screening", "guideline": "guideline_usp.jsonl_71.json", "patient_nb": "1", "structured_patient": "{\n  \"symptoms\": [\n    {\n      \"name of the symptom\": \"abdominal pain\",\n      \"intensity of symptom\": \"6/10\",\n      \"specific attributes of the symptom\": {\n        \"location\": \"abdomen\",\n        \"Quality of\": \"persistent and worsening\",\n        \"temporalisation\": \"\"\n      },\n      \"When did the symptom appear\": \"ongoing\",\n      \"previous treatments\": \"\",\n      \"reaction to previous treaments\": \"\",\n      \"behaviour affecting the symptom\": \"unknown\"\n    },\n    {\n      \"name of the symptom\": \"pressure in lower abdomen\",\n      \"intensity of symptom\": \"\",\n      \"specific attributes of the symptom\": {\n        \"location\": \"lower abdomen\",\n        \"Quality of\": \"pressure\",\n        \"temporalisation\": \"\"\n      },\n      \"When did the symptom appear\": \"ongoing\",\n      \"previous treatments\": \"\",\n      \"reaction to previous treaments\": \"\",\n      \"behaviour affecting the symptom\": \"unknown\"\n    },\n    {\n      \"name of the symptom\": \"bothersome bloating\",\n      \"intensity of symptom\": \"\",\n      \"specific attributes of the symptom\": {\n        \"location\": \"\",\n        \"Quality of\": \"bothersome\",\n        \"temporalisation\": \"past three months\"\n      },\n      \"When did the symptom appear\": \"past three months\",\n      \"previous treatments\": \"dietary adjustments\",\n      \"reaction to previous treaments\": \"ineffective\",\n      \"behaviour affecting the symptom\": \"\"\n    },\n    {\n      \"name of the symptom\": \"recurrent constipation\",\n      \"intensity of symptom\": \"\",\n      \"specific attributes of the symptom\": {\n        \"location\": \"\",\n        \"Quality of\": \"recurrent\",\n        \"temporalisation\": \"\"\n      },\n      \"When did the symptom appear\": \"ongoing\",\n      \"previous treatments\": \"dietary adjustments\",\n      \"reaction to previous treaments\": \"ineffective\",\n      \"behaviour affecting the symptom\": \"\"\n    },\n    {\n      \"name of the symptom\": \"increased frequency of urination\",\n      \"intensity of symptom\": \"\",\n      \"specific attributes of the symptom\": {\n        \"location\": \"\",\n        \"Quality of\": \"increased frequency\",\n        \"temporalisation\": \"\"\n      },\n      \"When did the symptom appear\": \"recent onset\",\n      \"previous treatments\": \"\",\n      \"reaction to previous treaments\": \"\",\n      \"behaviour affecting the symptom\": \"\"\n    },\n    {\n      \"name of the symptom\": \"urinary urgency\",\n      \"intensity of symptom\": \"\",\n      \"specific attributes of the symptom\": {\n        \"location\": \"\",\n        \"Quality of\": \"urgency\",\n        \"temporalisation\": \"\"\n      },\n      \"When did the symptom appear\": \"recent onset\",\n      \"previous treatments\": \"\",\n      \"reaction to previous treaments\": \"\",\n      \"behaviour affecting the symptom\": \"\"\n    }\n  ],\n  \"socio economic context\": {},\n  \"geographic_context\": {\n    \"location\": \"\",\n    \"recent travels\": \"\",\n    \"level of care\": \"\"\n  },\n  \"physiological context\": {},\n  \"psychological context\": {},\n  \"personal medical_history\": {},\n  \"family medical_history\": {\n    \"ovarian cancer\": \"family history\"\n  },\n  \"current medication\": {},\n  \"lifestyle factors\": {\n    \"busy lifestyle\": \"fatigue attributed to\"\n  },\n  \"results of recent medical tests\": {}\n}"}