{"condition_name": "Mixed Connective Tissue Disease", "guideline": "guideline_mayo.jsonl_652.json", "patient_nb": "2", "structured_patient": "{\n  \"symptoms\": [\n    {\n      \"name of the symptom\": \"persistent general feeling of being unwell\",\n      \"intensity of symptom\": \"unspecified\",\n      \"specific attributes of the symptom\": {\n        \"location\": \"general\",\n        \"Quality of\": \"feeling unwell\",\n        \"temporalisation\": \"persistent\"\n      },\n      \"When did the symptom appear\": \"recently\",\n      \"previous treatments\": \"none\",\n      \"reaction to previous treatments\": \"n/a\",\n      \"behaviour affecting the symptom\": \"unknown\"\n    },\n    {\n      \"name of the symptom\": \"increased fatigue\",\n      \"intensity of symptom\": \"unspecified\",\n      \"specific attributes of the symptom\": {\n        \"location\": \"general\",\n        \"Quality of\": \"fatigue\",\n        \"temporalisation\": \"increased\"\n      },\n      \"When did the symptom appear\": \"recently\",\n      \"previous treatments\": \"none\",\n      \"reaction to previous treatments\": \"n/a\",\n      \"behaviour affecting the symptom\": \"unknown\"\n    },\n    {\n      \"name of the symptom\": \"mild fever\",\n      \"intensity of symptom\": \"mild\",\n      \"specific attributes of the symptom\": {\n        \"location\": \"general\",\n        \"Quality of\": \"fever\",\n        \"temporalisation\": \"recurrent\"\n      },\n      \"When did the symptom appear\": \"recently\",\n      \"previous treatments\": \"none\",\n      \"reaction to previous treatments\": \"n/a\",\n      \"behaviour affecting the symptom\": \"unknown\"\n    },\n    {\n      \"name of the symptom\": \"Raynaud's phenomenon\",\n      \"intensity of symptom\": \"unspecified\",\n      \"specific attributes of the symptom\": {\n        \"location\": \"fingers or toes\",\n        \"Quality of\": \"cold and numb\",\n        \"temporalisation\": \"recurrent\"\n      },\n      \"When did the symptom appear\": \"recently\",\n      \"previous treatments\": \"none\",\n      \"reaction to previous treatments\": \"n/a\",\n      \"behaviour affecting the symptom\": \"unknown\"\n    },\n    {\n      \"name of the symptom\": \"swollen hands\",\n      \"intensity of symptom\": \"unspecified\",\n      \"specific attributes of the symptom\": {\n        \"location\": \"hands\",\n        \"Quality of\": \"swollen\",\n        \"temporalisation\": \"recent\"\n      },\n      \"When did the symptom appear\": \"recently\",\n      \"previous treatments\": \"none\",\n      \"reaction to previous treatments\": \"n/a\",\n      \"behaviour affecting the symptom\": \"unknown\"\n    },\n    {\n      \"name of the symptom\": \"swollen joints\",\n      \"intensity of symptom\": \"unspecified\",\n      \"specific attributes of the symptom\": {\n        \"location\": \"joints\",\n        \"Quality of\": \"swollen\",\n        \"temporalisation\": \"recent\"\n      },\n      \"When did the symptom appear\": \"recently\",\n      \"previous treatments\": \"none\",\n      \"reaction to previous treatments\": \"n/a\",\n      \"behaviour affecting the symptom\": \"unknown\"\n    },\n    {\n      \"name of the symptom\": \"muscle and joint pain\",\n      \"intensity of symptom\": \"unspecified\",\n      \"specific attributes of the symptom\": {\n        \"location\": \"muscles and joints\",\n        \"Quality of\": \"pain\",\n        \"temporalisation\": \"recent\"\n      },\n      \"When did the symptom appear\": \"recently\",\n      \"previous treatments\": \"none\",\n      \"reaction to previous treatments\": \"n/a\",\n      \"behaviour affecting the symptom\": \"unknown\"\n    }\n  ],\n  \"socio economic context\": {},\n  \"geographic_context\": {\n    \"location\": \"\",\n    \"recent travels\": \"\",\n    \"level of care\": \"\"\n  },\n  \"physiological context\": {},\n  \"psychological context\": {},\n  \"personal medical_history\": {},\n  \"family medical_history\": {},\n  \"current medication\": {},\n  \"lifestyle factors\": {},\n  \"results of recent medical tests\": {}\n}"}