{"condition_name": "Parkinson\"s disease", "guideline": "guideline_nice.jsonl_1640.json", "patient_nb": "4", "structured_patient": "{\n    \"symptoms\": [\n        {\n            \"name of the symptom\": \"tremors\",\n            \"intensity of symptom\": \"mildly bothersome (2/10)\",\n            \"specific attributes of the symptom\": {\n                \"location\": \"primarily affecting right hand and arm\",\n                \"Quality of\": \"shaking rhythmic movement\",\n                \"temporalisation\": \"gradually worsened over the past year\"\n            },\n            \"When did the symptom appear\": \"insidious onset\",\n            \"previous treatments\": \"\",\n            \"reaction to previous treaments\": \"\",\n            \"behaviour affecting the symptom\": \"\"\n        },\n        {\n            \"name of the symptom\": \"muscle rigidity\",\n            \"intensity of symptom\": \"\",\n            \"specific attributes of the symptom\": {\n                \"location\": \"especially in upper limbs\",\n                \"Quality of\": \"stiffness\",\n                \"temporalisation\": \"\"\n            },\n            \"When did the symptom appear\": \"\",\n            \"previous treatments\": \"\",\n            \"reaction to previous treaments\": \"\",\n            \"behaviour affecting the symptom\": \"\"\n        },\n        {\n            \"name of the symptom\": \"difficulties in initiating and stopping movements\",\n            \"intensity of symptom\": \"\",\n            \"specific attributes of the symptom\": {\n                \"location\": \"\",\n                \"Quality of\": \"motor control impairment\",\n                \"temporalisation\": \"notably when getting up from a seated position or turning while walking\"\n            },\n            \"When did the symptom appear\": \"\",\n            \"previous treatments\": \"\",\n            \"reaction to previous treaments\": \"\",\n            \"behaviour affecting the symptom\": \"initiating and stopping movements\"\n        }\n    ],\n    \"socio economic context\": {},\n    \"geographic_context\": {\n        \"location\": \"\",\n        \"recent travels\": \"\",\n        \"level of care\": \"\"\n    },\n    \"physiological context\": {},\n    \"psychological context\": {},\n    \"personal medical_history\": {},\n    \"family medical_history\": {},\n    \"current medication\": {},\n    \"lifestyle factors\": {},\n    \"results of recent medical tests\": {}\n}"}