{"condition_name": "Burning mouth syndrome", "guideline": "guideline_mayo.jsonl_170.json", "patient_nb": "2", "structured_patient": "{\n    \"symptoms\": [\n        {\n            \"name of the symptom\": \"chronic burning sensation in mouth\",\n            \"intensity of symptom\": \"6/10\",\n            \"specific attributes of the symptom\": {\n                \"location\": \"tongue, gums, throat\",\n                \"Quality of\": \"burning\",\n                \"temporalisation\": \"worsening as the day progresses\"\n            },\n            \"When did the symptom appear\": \"chronic\",\n            \"previous treatments\": \"attempted to quit smoking\",\n            \"reaction to previous treaments\": \"symptoms have persisted\",\n            \"behaviour affecting the symptom\": \"smoking\"\n        },\n        {\n            \"name of the symptom\": \"persistent dry mouth\",\n            \"intensity of symptom\": \"\",\n            \"specific attributes of the symptom\": {\n                \"location\": \"\",\n                \"Quality of\": \"dryness\",\n                \"temporalisation\": \"persistent\"\n            },\n            \"When did the symptom appear\": \"chronic\",\n            \"previous treatments\": \"attempted to quit smoking\",\n            \"reaction to previous treaments\": \"symptoms have persisted\",\n            \"behaviour affecting the symptom\": \"smoking\"\n        },\n        {\n            \"name of the symptom\": \"increased thirst\",\n            \"intensity of symptom\": \"\",\n            \"specific attributes of the symptom\": {\n                \"location\": \"\",\n                \"Quality of\": \"thirst\",\n                \"temporalisation\": \"increased\"\n            },\n            \"When did the symptom appear\": \"chronic\",\n            \"previous treatments\": \"attempted to quit smoking\",\n            \"reaction to previous treaments\": \"symptoms have persisted\",\n            \"behaviour affecting the symptom\": \"smoking\"\n        },\n        {\n            \"name of the symptom\": \"changes in taste\",\n            \"intensity of symptom\": \"\",\n            \"specific attributes of the symptom\": {\n                \"location\": \"mouth\",\n                \"Quality of\": \"metallic taste\",\n                \"temporalisation\": \"\"\n            },\n            \"When did the symptom appear\": \"chronic\",\n            \"previous treatments\": \"attempted to quit smoking\",\n            \"reaction to previous treaments\": \"symptoms have persisted\",\n            \"behaviour affecting the symptom\": \"smoking\"\n        }\n    ],\n    \"socio economic context\": {},\n    \"geographic_context\": {\n        \"location\": \"\",\n        \"recent travels\": \"\",\n        \"level of care\": \"\"\n    },\n    \"physiological context\": {},\n    \"psychological context\": {},\n    \"personal medical_history\": {},\n    \"family medical_history\": {},\n    \"current medication\": {},\n    \"lifestyle factors\": {},\n    \"results of recent medical tests\": {}\n}"}