{"condition_name": "Breast reconstruction", "guideline": "guideline_nice.jsonl_1450.json", "patient_nb": "3", "structured_patient": "{\n    \"symptoms\": [\n        {\n            \"name of the symptom\": \"emotional distress\",\n            \"intensity of symptom\": \"\",\n            \"specific attributes of the symptom\": {\n                \"location\": \"\",\n                \"Quality of\": \"psychological\",\n                \"temporalisation\": \"\"\n            },\n            \"When did the symptom appear\": \"after left-sided mastectomy\",\n            \"previous treatments\": \"\",\n            \"reaction to previous treaments\": \"\",\n            \"behaviour affecting the symptom\": \"\"\n        },\n        {\n            \"name of the symptom\": \"diminished quality of life\",\n            \"intensity of symptom\": \"\",\n            \"specific attributes of the symptom\": {\n                \"location\": \"\",\n                \"Quality of\": \"psychological and physical\",\n                \"temporalisation\": \"\"\n            },\n            \"When did the symptom appear\": \"after left-sided mastectomy\",\n            \"previous treatments\": \"\",\n            \"reaction to previous treaments\": \"\",\n            \"behaviour affecting the symptom\": \"\"\n        }\n    ],\n    \"socio economic context\": {},\n    \"geographic_context\": {\n        \"location\": \"\",\n        \"recent travels\": \"\",\n        \"level of care\": \"\"\n    },\n    \"physiological context\": {},\n    \"psychological context\": {},\n    \"personal medical_history\": {\n        \"breast cancer\": \"history of\",\n        \"mastectomy\": \"left-sided\"\n    },\n    \"family medical_history\": {},\n    \"current medication\": {\n        \"hypertension\": \"antihypertensive medication\"\n    },\n    \"lifestyle factors\": {},\n    \"results of recent medical tests\": {}\n}"}