{"condition_name": "Asthma", "guideline": "guideline_rch.jsonl_5.json", "patient_nb": "2", "structured_patient": "{\n  \"symptoms\": [\n    {\n      \"name of the symptom\": \"chronic, intermittent nocturnal cough\",\n      \"intensity of symptom\": \"\",\n      \"specific attributes of the symptom\": {\n        \"location\": \"respiratory\",\n        \"Quality of\": \"productive or dry\",\n        \"temporalisation\": \"more pronounced at night\"\n      },\n      \"When did the symptom appear\": \"recently\",\n      \"previous treatments\": \"over-the-counter cough remedies\",\n      \"reaction to previous treatments\": \"no relief\",\n      \"behaviour affecting the symptom\": \"exposure to cold air\"\n    },\n    {\n      \"name of the symptom\": \"wheeze\",\n      \"intensity of symptom\": \"noticeable\",\n      \"specific attributes of the symptom\": {\n        \"location\": \"respiratory\",\n        \"Quality of\": \"\",\n        \"temporalisation\": \"during or after coughing episodes\"\n      },\n      \"When did the symptom appear\": \"recently\",\n      \"previous treatments\": \"over-the-counter cough remedies\",\n      \"reaction to previous treatments\": \"no relief\",\n      \"behaviour affecting the symptom\": \"exposure to cold air, exercise\"\n    },\n    {\n      \"name of the symptom\": \"exercise-induced wheezing\",\n      \"intensity of symptom\": \"\",\n      \"specific attributes of the symptom\": {\n        \"location\": \"respiratory\",\n        \"Quality of\": \"\",\n        \"temporalisation\": \"during or shortly after exercise\"\n      },\n      \"When did the symptom appear\": \"past history\",\n      \"previous treatments\": \"\",\n      \"reaction to previous treatments\": \"\",\n      \"behaviour affecting the symptom\": \"\"\n    }\n  ],\n  \"socio economic context\": {},\n  \"geographic_context\": {\n    \"location\": \"\",\n    \"recent travels\": \"\",\n    \"level of care\": \"\"\n  },\n  \"physiological context\": {},\n  \"psychological context\": {},\n  \"personal medical_history\": {},\n  \"family medical_history\": {\n    \"atopy\": \"family history\"\n  },\n  \"current medication\": {},\n  \"lifestyle factors\": {\n    \"occupation\": \"exposure to cold air\"\n  },\n  \"results of recent medical tests\": {\n    \"spirometry\": \"to be conducted\",\n    \"assessment for bronchiolitis\": \"to be conducted\"\n  }\n}"}