{"condition_name": "Farsightedness (hyperopia)", "guideline": "guideline_mayo.jsonl_387.json", "patient_nb": "2", "structured_patient": "{\n  \"symptoms\": [\n    {\n      \"name of the symptom\": \"blurriness\",\n      \"intensity of symptom\": \"persistent\",\n      \"specific attributes of the symptom\": {\n        \"location\": \"vision\",\n        \"Quality of\": \"visual clarity\",\n        \"temporalisation\": \"when attempting to view nearby objects\"\n      },\n      \"When did the symptom appear\": \"\",\n      \"previous treatments\": \"\",\n      \"reaction to previous treaments\": \"\",\n      \"behaviour affecting the symptom\": \"may improve with squinting\"\n    },\n    {\n      \"name of the symptom\": \"eyestrain\",\n      \"intensity of symptom\": \"notable\",\n      \"specific attributes of the symptom\": {\n        \"location\": \"eyes\",\n        \"Quality of\": \"aching\",\n        \"temporalisation\": \"often accompanied by burning sensation in eyes\"\n      },\n      \"When did the symptom appear\": \"\",\n      \"previous treatments\": \"\",\n      \"reaction to previous treaments\": \"\",\n      \"behaviour affecting the symptom\": \"prolonged engagement in close tasks\"\n    },\n    {\n      \"name of the symptom\": \"headaches\",\n      \"intensity of symptom\": \"recurrent\",\n      \"specific attributes of the symptom\": {\n        \"location\": \"head\",\n        \"Quality of\": \"\",\n        \"temporalisation\": \"especially after prolonged engagement in close tasks\"\n      },\n      \"When did the symptom appear\": \"\",\n      \"previous treatments\": \"\",\n      \"reaction to previous treaments\": \"\",\n      \"behaviour affecting the symptom\": \"prolonged engagement in close tasks\"\n    }\n  ],\n  \"socio economic context\": {},\n  \"geographic_context\": {\n    \"location\": \"\",\n    \"recent travels\": \"\",\n    \"level of care\": \"\"\n  },\n  \"physiological context\": {},\n  \"psychological context\": {},\n  \"personal medical_history\": {\n    \"hypertension\": \"known history of\"\n  },\n  \"family medical_history\": {},\n  \"current medication\": {},\n  \"lifestyle factors\": {},\n  \"results of recent medical tests\": {}\n}"}