{"condition_name": "Bleeding Disorder Patients Undergoing GI Endoscopy", "guideline": "guideline_gc.jsonl_30.json", "patient_nb": "1", "structured_patient": "{\n    \"symptoms\": [\n        {\n            \"name of the symptom\": \"recurrent gastrointestinal bleeding\",\n            \"intensity of symptom\": \"moderately severe\",\n            \"specific attributes of the symptom\": {\n                \"location\": \"gastrointestinal\",\n                \"Quality of\": \"bleeding\",\n                \"temporalisation\": \"recurrent\"\n            },\n            \"When did the symptom appear\": \"history of\",\n            \"previous treatments\": \"not on prophylaxis for bleeding disorder\",\n            \"reaction to previous treatments\": \"\",\n            \"behaviour affecting the symptom\": \"\"\n        }\n    ],\n    \"socio economic context\": {},\n    \"geographic_context\": {\n        \"location\": \"\",\n        \"recent travels\": \"\",\n        \"level of care\": \"\"\n    },\n    \"physiological context\": {},\n    \"psychological context\": {},\n    \"personal medical_history\": {\n        \"bleeding disorder\": \"known moderate bleeding disorder\"\n    },\n    \"family medical_history\": {},\n    \"current medication\": {},\n    \"lifestyle factors\": {},\n    \"results of recent medical tests\": {}\n}"}