{"condition_name": "Metastatic Merkel cell carcinoma in adults who have not had chemotherapy for metastatic disease", "guideline": "guideline_nice.jsonl_372.json", "patient_nb": "2", "structured_patient": "{\n    \"symptoms\": [\n        {\n            \"name of the symptom\": \"visible skin lesions\",\n            \"intensity of symptom\": \"distressing\",\n            \"specific attributes of the symptom\": {\n                \"location\": \"face and upper chest\",\n                \"Quality of\": \"raised and discolored patches\",\n                \"temporalisation\": \"rapidly changing in appearance\"\n            },\n            \"When did the symptom appear\": \"sudden onset\",\n            \"previous treatments\": \"\",\n            \"reaction to previous treaments\": \"\",\n            \"behaviour affecting the symptom\": \"prolonged sun exposure\"\n        },\n        {\n            \"name of the symptom\": \"pain\",\n            \"intensity of symptom\": \"6/10\",\n            \"specific attributes of the symptom\": {\n                \"location\": \"affected areas\",\n                \"Quality of\": \"constant\",\n                \"temporalisation\": \"\"\n            },\n            \"When did the symptom appear\": \"concurrent with skin lesions\",\n            \"previous treatments\": \"\",\n            \"reaction to previous treaments\": \"\",\n            \"behaviour affecting the symptom\": \"\"\n        }\n    ],\n    \"socio economic context\": {},\n    \"geographic_context\": {\n        \"location\": \"\",\n        \"recent travels\": \"\",\n        \"level of care\": \"\"\n    },\n    \"physiological context\": {},\n    \"psychological context\": {},\n    \"personal medical_history\": {},\n    \"family medical_history\": {},\n    \"current medication\": {},\n    \"lifestyle factors\": {},\n    \"results of recent medical tests\": {}\n}"}