{"condition_name": "Interstitial lung disease", "guideline": "guideline_mayo.jsonl_550.json", "patient_nb": "1", "structured_patient": "{\n    \"symptoms\": [\n        {\n            \"name of the symptom\": \"progressively worsening shortness of breath\",\n            \"intensity of symptom\": \"\",\n            \"specific attributes of the symptom\": {\n                \"location\": \"\",\n                \"Quality of\": \"difficulty breathing\",\n                \"temporalisation\": \"progressive\"\n            },\n            \"When did the symptom appear\": \"\",\n            \"previous treatments\": \"bronchodilators, inhaled corticosteroids\",\n            \"reaction to previous treatments\": \"symptoms have persisted\",\n            \"behaviour affecting the symptom\": \"\"\n        },\n        {\n            \"name of the symptom\": \"persistent dry cough\",\n            \"intensity of symptom\": \"\",\n            \"specific attributes of the symptom\": {\n                \"location\": \"\",\n                \"Quality of\": \"dryness and irritation\",\n                \"temporalisation\": \"persistent\"\n            },\n            \"When did the symptom appear\": \"\",\n            \"previous treatments\": \"bronchodilators, inhaled corticosteroids\",\n            \"reaction to previous treatments\": \"symptoms have persisted\",\n            \"behaviour affecting the symptom\": \"\"\n        },\n        {\n            \"name of the symptom\": \"bibasilar fine, dry crackles\",\n            \"intensity of symptom\": \"\",\n            \"specific attributes of the symptom\": {\n                \"location\": \"bilateral bases of the lungs\",\n                \"Quality of\": \"crackling sounds\",\n                \"temporalisation\": \"\"\n            },\n            \"When did the symptom appear\": \"\",\n            \"previous treatments\": \"\",\n            \"reaction to previous treatments\": \"\",\n            \"behaviour affecting the symptom\": \"\"\n        }\n    ],\n    \"socio economic context\": {},\n    \"geographic_context\": {\n        \"location\": \"\",\n        \"recent travels\": \"\",\n        \"level of care\": \"\"\n    },\n    \"physiological context\": {},\n    \"psychological context\": {},\n    \"personal medical_history\": {\n        \"occupational exposure to environmental toxins\": \"significant history\"\n    },\n    \"family medical_history\": {},\n    \"current medication\": {\n        \"bronchodilators\": \"previous treatment\",\n        \"inhaled corticosteroids\": \"previous treatment\"\n    },\n    \"lifestyle factors\": {\n        \"smoking history\": \"20-pack-year\"\n    },\n    \"results of recent medical tests\": {}\n}"}