{"condition_name": "Hydatid cysts", "guideline": "guideline_gc.jsonl_607.json", "patient_nb": "3", "structured_patient": "{\n    \"symptoms\": [\n        {\n            \"name of the symptom\": \"dull, intermittent abdominal pain\",\n            \"intensity of symptom\": \"5/10\",\n            \"specific attributes of the symptom\": {\n                \"location\": \"predominantly localized to the right upper quadrant\",\n                \"Quality of\": \"dull\",\n                \"temporalisation\": \"intermittent\"\n            },\n            \"When did the symptom appear\": \"one month ago\",\n            \"previous treatments\": \"\",\n            \"reaction to previous treatments\": \"\",\n            \"behaviour affecting the symptom\": \"regular contact with domesticated livestock\"\n        }\n    ],\n    \"socio economic context\": {},\n    \"geographic_context\": {\n        \"location\": \"rural\",\n        \"recent travels\": \"\",\n        \"level of care\": \"\"\n    },\n    \"physiological context\": {},\n    \"psychological context\": {},\n    \"personal medical_history\": {\n        \"prior episodes of similar abdominal pain\": \"no\",\n        \"relevant surgical procedures\": \"no\"\n    },\n    \"family medical_history\": {},\n    \"current medication\": {},\n    \"lifestyle factors\": {\n        \"occupation\": \"regular contact with domesticated livestock\",\n        \"lifestyle\": \"rural\"\n    },\n    \"results of recent medical tests\": {\n        \"physical examination\": \"hepatomegaly\",\n        \"imaging studies\": \"cystic lesions in the liver\"\n    }\n}"}