{"condition_name": "Posterior Vitreous Detachment, Retinal Breaks, and Lattice Degeneration", "guideline": "guideline_gc.jsonl_511.json", "patient_nb": "2", "structured_patient": "{\n    \"symptoms\": [\n        {\n            \"name of the symptom\": \"increase in floaters\",\n            \"intensity of symptom\": \"significantly impairing central vision\",\n            \"specific attributes of the symptom\": {\n                \"location\": \"right eye\",\n                \"Quality of\": \"dark spots and lines\",\n                \"temporalisation\": \"sudden\"\n            },\n            \"When did the symptom appear\": \"recently\",\n            \"previous treatments\": \"\",\n            \"reaction to previous treaments\": \"\",\n            \"behaviour affecting the symptom\": \"\"\n        },\n        {\n            \"name of the symptom\": \"intermittent flashes of light\",\n            \"intensity of symptom\": \"\",\n            \"specific attributes of the symptom\": {\n                \"location\": \"right eye\",\n                \"Quality of\": \"\",\n                \"temporalisation\": \"intermittent\"\n            },\n            \"When did the symptom appear\": \"recently\",\n            \"previous treatments\": \"\",\n            \"reaction to previous treaments\": \"\",\n            \"behaviour affecting the symptom\": \"\"\n        },\n        {\n            \"name of the symptom\": \"sensation of 'pulling' within her eye\",\n            \"intensity of symptom\": \"\",\n            \"specific attributes of the symptom\": {\n                \"location\": \"right eye\",\n                \"Quality of\": \"'pulling' sensation\",\n                \"temporalisation\": \"\"\n            },\n            \"When did the symptom appear\": \"recently\",\n            \"previous treatments\": \"\",\n            \"reaction to previous treaments\": \"\",\n            \"behaviour affecting the symptom\": \"\"\n        }\n    ],\n    \"socio economic context\": {},\n    \"geographic_context\": {\n        \"location\": \"\",\n        \"recent travels\": \"\",\n        \"level of care\": \"\"\n    },\n    \"physiological context\": {},\n    \"psychological context\": {},\n    \"personal medical_history\": {},\n    \"family medical_history\": {},\n    \"current medication\": {},\n    \"lifestyle factors\": {},\n    \"results of recent medical tests\": {}\n}"}