{"condition_name": "Mosquito bite", "guideline": "guideline_mayo.jsonl_663.json", "patient_nb": "3", "structured_patient": "{\n  \"symptoms\": [\n    {\n      \"name of the symptom\": \"swelling\",\n      \"intensity of symptom\": \"significant\",\n      \"specific attributes of the symptom\": {\n        \"location\": \"around the eyes\",\n        \"Quality of\": \"painful\",\n        \"temporalisation\": \"within 24 hours after being bitten\"\n      },\n      \"When did the symptom appear\": \"recently\",\n      \"previous treatments\": \"unknown\",\n      \"reaction to previous treatments\": \"unknown\",\n      \"behaviour affecting the symptom\": \"unknown\"\n    },\n    {\n      \"name of the symptom\": \"hive\",\n      \"intensity of symptom\": \"local\",\n      \"specific attributes of the symptom\": {\n        \"location\": \"at the site of a recent mosquito bite\",\n        \"Quality of\": \"painful\",\n        \"temporalisation\": \"within 24 hours after being bitten\"\n      },\n      \"When did the symptom appear\": \"recently\",\n      \"previous treatments\": \"unknown\",\n      \"reaction to previous treatments\": \"unknown\",\n      \"behaviour affecting the symptom\": \"unknown\"\n    },\n    {\n      \"name of the symptom\": \"rash\",\n      \"intensity of symptom\": \"unknown\",\n      \"specific attributes of the symptom\": {\n        \"location\": \"hive-like\",\n        \"Quality of\": \"unknown\",\n        \"temporalisation\": \"within 24 hours after being bitten\"\n      },\n      \"When did the symptom appear\": \"recently\",\n      \"previous treatments\": \"unknown\",\n      \"reaction to previous treatments\": \"unknown\",\n      \"behaviour affecting the symptom\": \"unknown\"\n    },\n    {\n      \"name of the symptom\": \"blisters\",\n      \"intensity of symptom\": \"unknown\",\n      \"specific attributes of the symptom\": {\n        \"location\": \"at the site of a recent mosquito bite\",\n        \"Quality of\": \"unknown\",\n        \"temporalisation\": \"within 24 hours after being bitten\"\n      },\n      \"When did the symptom appear\": \"recently\",\n      \"previous treatments\": \"unknown\",\n      \"reaction to previous treatments\": \"unknown\",\n      \"behaviour affecting the symptom\": \"unknown\"\n    }\n  ],\n  \"socio economic context\": {},\n  \"geographic_context\": {\n    \"location\": \"unknown\",\n    \"recent travels\": \"\",\n    \"level of care\": \"\"\n  },\n  \"physiological context\": {},\n  \"psychological context\": {},\n  \"personal medical_history\": {\n    \"mild allergic reactions to insect bites\": \"known history, less severe reactions to mosquito bites in the past\"\n  },\n  \"family medical_history\": {},\n  \"current medication\": {},\n  \"lifestyle factors\": {},\n  \"results of recent medical tests\": {}\n}"}