{"condition_name": "Drop foot of central neurological origin", "guideline": "guideline_nice.jsonl_1411.json", "patient_nb": "1", "structured_patient": "{\n    \"symptoms\": [\n        {\n            \"name of the symptom\": \"muscle weakness\",\n            \"intensity of symptom\": \"5/10\",\n            \"specific attributes of the symptom\": {\n                \"location\": \"predominantly affecting right leg\",\n                \"Quality of\": \"dull ache\",\n                \"temporalisation\": \"gradual onset\"\n            },\n            \"When did the symptom appear\": \"gradual onset\",\n            \"previous treatments\": \"\",\n            \"reaction to previous treaments\": \"\",\n            \"behaviour affecting the symptom\": \"\"\n        }\n    ],\n    \"socio economic context\": {},\n    \"geographic_context\": {\n        \"location\": \"\",\n        \"recent travels\": \"\",\n        \"level of care\": \"\"\n    },\n    \"physiological context\": {},\n    \"psychological context\": {},\n    \"personal medical_history\": {\n        \"previous stroke\": \"\"\n    },\n    \"family medical_history\": {},\n    \"current medication\": {},\n    \"lifestyle factors\": {},\n    \"results of recent medical tests\": {}\n}"}