{"condition_name": "Long-term effects of COVID-19", "guideline": "guideline_nice.jsonl_284.json", "patient_nb": "6", "structured_patient": "{\n  \"symptoms\": [\n    {\n      \"name of the symptom\": \"headache\",\n      \"intensity of symptom\": \"6/10\",\n      \"specific attributes of the symptom\": {\n        \"location\": \"head\",\n        \"Quality of\": \"dull\",\n        \"temporalisation\": \"constant\"\n      },\n      \"When did the symptom appear\": \"since the onset of acute COVID-19\",\n      \"previous treatments\": \"\",\n      \"reaction to previous treatments\": \"\",\n      \"behaviour affecting the symptom\": \"\"\n    },\n    {\n      \"name of the symptom\": \"dizziness\",\n      \"intensity of symptom\": \"\",\n      \"specific attributes of the symptom\": {\n        \"location\": \"\",\n        \"Quality of\": \"\",\n        \"temporalisation\": \"episodic\"\n      },\n      \"When did the symptom appear\": \"since the onset of acute COVID-19\",\n      \"previous treatments\": \"\",\n      \"reaction to previous treatments\": \"\",\n      \"behaviour affecting the symptom\": \"\"\n    },\n    {\n      \"name of the symptom\": \"brain fog\",\n      \"intensity of symptom\": \"\",\n      \"specific attributes of the symptom\": {\n        \"location\": \"\",\n        \"Quality of\": \"\",\n        \"temporalisation\": \"episodic\"\n      },\n      \"When did the symptom appear\": \"since the onset of acute COVID-19\",\n      \"previous treatments\": \"\",\n      \"reaction to previous treatments\": \"\",\n      \"behaviour affecting the symptom\": \"\"\n    },\n    {\n      \"name of the symptom\": \"challenges with concentration\",\n      \"intensity of symptom\": \"\",\n      \"specific attributes of the symptom\": {\n        \"location\": \"\",\n        \"Quality of\": \"\",\n        \"temporalisation\": \"\"\n      },\n      \"When did the symptom appear\": \"since the onset of acute COVID-19\",\n      \"previous treatments\": \"\",\n      \"reaction to previous treatments\": \"\",\n      \"behaviour affecting the symptom\": \"impacting work performance\"\n    },\n    {\n      \"name of the symptom\": \"memory difficulties\",\n      \"intensity of symptom\": \"\",\n      \"specific attributes of the symptom\": {\n        \"location\": \"\",\n        \"Quality of\": \"\",\n        \"temporalisation\": \"\"\n      },\n      \"When did the symptom appear\": \"since the onset of acute COVID-19\",\n      \"previous treatments\": \"\",\n      \"reaction to previous treatments\": \"\",\n      \"behaviour affecting the symptom\": \"impacting work performance\"\n    }\n  ],\n  \"socio economic context\": {},\n  \"geographic_context\": {\n    \"location\": \"\",\n    \"recent travels\": \"\",\n    \"level of care\": \"\"\n  },\n  \"physiological context\": {},\n  \"psychological context\": {},\n  \"personal medical_history\": {},\n  \"family medical_history\": {},\n  \"current medication\": {},\n  \"lifestyle factors\": {},\n  \"results of recent medical tests\": {}\n}"}