{"condition_name": "Menstrual cramps (dysmenorrhea)", "guideline": "guideline_mayo.jsonl_630.json", "patient_nb": "1", "structured_patient": "{\n  \"symptoms\": [\n    {\n      \"name of the symptom\": \"severe, throbbing lower abdominal pain\",\n      \"intensity of symptom\": \"debilitating\",\n      \"specific attributes of the symptom\": {\n        \"location\": \"lower abdomen\",\n        \"Quality of\": \"throbbing\",\n        \"temporalisation\": \"1 to 3 days before menstrual period, peaks within 24 hours of its onset, persists for 2 to 3 days\"\n      },\n      \"When did the symptom appear\": \"recurrent\",\n      \"previous treatments\": \"\",\n      \"reaction to previous treaments\": \"\",\n      \"behaviour affecting the symptom\": \"menstrual cycle\"\n    },\n    {\n      \"name of the symptom\": \"pain radiating to lower back and thighs\",\n      \"intensity of symptom\": \"\",\n      \"specific attributes of the symptom\": {\n        \"location\": \"lower back, thighs\",\n        \"Quality of\": \"dull, continuous ache\",\n        \"temporalisation\": \"during abdominal pain episodes\"\n      },\n      \"When did the symptom appear\": \"concurrent with abdominal pain\",\n      \"previous treatments\": \"\",\n      \"reaction to previous treaments\": \"\",\n      \"behaviour affecting the symptom\": \"menstrual cycle\"\n    },\n    {\n      \"name of the symptom\": \"nausea\",\n      \"intensity of symptom\": \"\",\n      \"specific attributes of the symptom\": {\n        \"location\": \"\",\n        \"Quality of\": \"\",\n        \"temporalisation\": \"during abdominal pain episodes\"\n      },\n      \"When did the symptom appear\": \"concurrent with abdominal pain\",\n      \"previous treatments\": \"\",\n      \"reaction to previous treaments\": \"\",\n      \"behaviour affecting the symptom\": \"menstrual cycle\"\n    },\n    {\n      \"name of the symptom\": \"loose stools\",\n      \"intensity of symptom\": \"\",\n      \"specific attributes of the symptom\": {\n        \"location\": \"\",\n        \"Quality of\": \"\",\n        \"temporalisation\": \"during abdominal pain episodes\"\n      },\n      \"When did the symptom appear\": \"concurrent with abdominal pain\",\n      \"previous treatments\": \"\",\n      \"reaction to previous treaments\": \"\",\n      \"behaviour affecting the symptom\": \"menstrual cycle\"\n    },\n    {\n      \"name of the symptom\": \"headaches\",\n      \"intensity of symptom\": \"\",\n      \"specific attributes of the symptom\": {\n        \"location\": \"\",\n        \"Quality of\": \"\",\n        \"temporalisation\": \"during abdominal pain episodes\"\n      },\n      \"When did the symptom appear\": \"concurrent with abdominal pain\",\n      \"previous treatments\": \"\",\n      \"reaction to previous treaments\": \"\",\n      \"behaviour affecting the symptom\": \"menstrual cycle\"\n    },\n    {\n      \"name of the symptom\": \"episodic dizziness\",\n      \"intensity of symptom\": \"\",\n      \"specific attributes of the symptom\": {\n        \"location\": \"\",\n        \"Quality of\": \"\",\n        \"temporalisation\": \"during abdominal pain episodes\"\n      },\n      \"When did the symptom appear\": \"concurrent with abdominal pain\",\n      \"previous treatments\": \"\",\n      \"reaction to previous treaments\": \"\",\n      \"behaviour affecting the symptom\": \"menstrual cycle\"\n    },\n    {\n      \"name of the symptom\": \"heavy menstrual bleeding\",\n      \"intensity of symptom\": \"\",\n      \"specific attributes of the symptom\": {\n        \"location\": \"\",\n        \"Quality of\": \"\",\n        \"temporalisation\": \"during menstrual period\"\n      },\n      \"When did the symptom appear\": \"during menstrual period\",\n      \"previous treatments\": \"\",\n      \"reaction to previous treaments\": \"\",\n      \"behaviour affecting the symptom\": \"menstrual cycle\"\n    }\n  ],\n  \"socio economic context\": {},\n  \"geographic_context\": {\n    \"location\": \"\",\n    \"recent travels\": \"\",\n    \"level of care\": \"\"\n  },\n  \"physiological context\": {},\n  \"psychological context\": {},\n  \"personal medical_history\": {},\n  \"family medical_history\": {\n    \"history of similar issues\": \"present\"\n  },\n  \"current medication\": {},\n  \"lifestyle factors\": {},\n  \"results of recent medical tests\": {}\n}"}