{"condition_name": "Castration-Resistant Prostate Cancer", "guideline": "guideline_gc.jsonl_179.json", "patient_nb": "1", "structured_patient": "{\n    \"symptoms\": [\n        {\n            \"name of the symptom\": \"lower back and hip pain\",\n            \"intensity of symptom\": \"6/10\",\n            \"specific attributes of the symptom\": {\n                \"location\": \"lower back and hip\",\n                \"Quality of\": \"persistent\",\n                \"temporalisation\": \"ongoing for the past three months\"\n            },\n            \"When did the symptom appear\": \"\",\n            \"previous treatments\": \"use of over-the-counter analgesics\",\n            \"reaction to previous treaments\": \"\",\n            \"behaviour affecting the symptom\": \"\"\n        },\n        {\n            \"name of the symptom\": \"decline in overall energy levels\",\n            \"intensity of symptom\": \"\",\n            \"specific attributes of the symptom\": {\n                \"location\": \"\",\n                \"Quality of\": \"\",\n                \"temporalisation\": \"gradual\"\n            },\n            \"When did the symptom appear\": \"\",\n            \"previous treatments\": \"\",\n            \"reaction to previous treaments\": \"\",\n            \"behaviour affecting the symptom\": \"\"\n        }\n    ],\n    \"socio economic context\": {},\n    \"geographic_context\": {\n        \"location\": \"\",\n        \"recent travels\": \"\",\n        \"level of care\": \"\"\n    },\n    \"physiological context\": {},\n    \"psychological context\": {},\n    \"personal medical_history\": {\n        \"localized prostate cancer\": \"treated with radical prostatectomy and radiation therapy\"\n    },\n    \"family medical_history\": {},\n    \"current medication\": {},\n    \"lifestyle factors\": {},\n    \"results of recent medical tests\": {\n        \"serum PSA levels\": \"steadily rising\",\n        \"imaging studies\": \"evidence of bone metastases\"\n    }\n}"}