{"condition_name": "Imaging to Assist Intravascular Catheter Insertion", "guideline": "guideline_gc.jsonl_805.json", "patient_nb": "2", "structured_patient": "{\n    \"symptoms\": [\n        {\n            \"name of the symptom\": \"abdominal pain\",\n            \"intensity of symptom\": \"4-6 on the pain scale\",\n            \"specific attributes of the symptom\": {\n                \"location\": \"right upper quadrant\",\n                \"Quality of\": \"dull, aching\",\n                \"temporalisation\": \"worsens after consuming fatty meals\"\n            },\n            \"When did the symptom appear\": \"last six months\",\n            \"previous treatments\": \"dietary modifications, oral hypoglycemic agents for diabetes\",\n            \"reaction to previous treaments\": \"persistent\",\n            \"behaviour affecting the symptom\": \"follows a high-fat diet\"\n        },\n        {\n            \"name of the symptom\": \"bloating\",\n            \"intensity of symptom\": \"\",\n            \"specific attributes of the symptom\": {\n                \"location\": \"\",\n                \"Quality of\": \"\",\n                \"temporalisation\": \"associated with abdominal pain\"\n            },\n            \"When did the symptom appear\": \"last six months\",\n            \"previous treatments\": \"dietary modifications\",\n            \"reaction to previous treaments\": \"persistent\",\n            \"behaviour affecting the symptom\": \"follows a high-fat diet\"\n        },\n        {\n            \"name of the symptom\": \"nausea\",\n            \"intensity of symptom\": \"occasional\",\n            \"specific attributes of the symptom\": {\n                \"location\": \"\",\n                \"Quality of\": \"\",\n                \"temporalisation\": \"associated with abdominal pain\"\n            },\n            \"When did the symptom appear\": \"last six months\",\n            \"previous treatments\": \"dietary modifications\",\n            \"reaction to previous treaments\": \"persistent\",\n            \"behaviour affecting the symptom\": \"follows a high-fat diet\"\n        }\n    ],\n    \"socio economic context\": {},\n    \"geographic_context\": {\n        \"location\": \"\",\n        \"recent travels\": \"\",\n        \"level of care\": \"\"\n    },\n    \"physiological context\": {},\n    \"psychological context\": {},\n    \"personal medical_history\": {\n        \"type 2 diabetes\": \"history of\",\n        \"obesity\": \"history of\"\n    },\n    \"family medical_history\": {},\n    \"current medication\": {\n        \"type 2 diabetes\": \"oral hypoglycemic agents\"\n    },\n    \"lifestyle factors\": {\n        \"diet\": \"high-fat\",\n        \"activity level\": \"sedentary\"\n    },\n    \"results of recent medical tests\": {}\n}"}