{"condition_name": "Niemann-Pick disease", "guideline": "guideline_mayo.jsonl_704.json", "patient_nb": "3", "structured_patient": "{\n    \"symptoms\": [\n        {\n            \"name of the symptom\": \"clumsiness\",\n            \"intensity of symptom\": \"pronounced\",\n            \"specific attributes of the symptom\": {\n                \"location\": \"general\",\n                \"Quality of\": \"difficulty with coordination and motor skills\",\n                \"temporalisation\": \"ongoing\"\n            },\n            \"When did the symptom appear\": \"recently\",\n            \"previous treatments\": \"\",\n            \"reaction to previous treaments\": \"\",\n            \"behaviour affecting the symptom\": \"\"\n        },\n        {\n            \"name of the symptom\": \"difficulty with walking\",\n            \"intensity of symptom\": \"pronounced\",\n            \"specific attributes of the symptom\": {\n                \"location\": \"lower extremities\",\n                \"Quality of\": \"unsteady gait\",\n                \"temporalisation\": \"ongoing\"\n            },\n            \"When did the symptom appear\": \"recently\",\n            \"previous treatments\": \"\",\n            \"reaction to previous treaments\": \"\",\n            \"behaviour affecting the symptom\": \"\"\n        },\n        {\n            \"name of the symptom\": \"excessive muscle contractions\",\n            \"intensity of symptom\": \"frequent\",\n            \"specific attributes of the symptom\": {\n                \"location\": \"various muscle groups\",\n                \"Quality of\": \"spasms and muscle stiffness\",\n                \"temporalisation\": \"episodic\"\n            },\n            \"When did the symptom appear\": \"recently\",\n            \"previous treatments\": \"\",\n            \"reaction to previous treaments\": \"\",\n            \"behaviour affecting the symptom\": \"\"\n        },\n        {\n            \"name of the symptom\": \"dystonia\",\n            \"intensity of symptom\": \"frequent\",\n            \"specific attributes of the symptom\": {\n                \"location\": \"different body parts\",\n                \"Quality of\": \"involuntary muscle contractions\",\n                \"temporalisation\": \"episodic\"\n            },\n            \"When did the symptom appear\": \"recently\",\n            \"previous treatments\": \"\",\n            \"reaction to previous treaments\": \"\",\n            \"behaviour affecting the symptom\": \"\"\n        },\n        {\n            \"name of the symptom\": \"abnormal eye movements\",\n            \"intensity of symptom\": \"not specified\",\n            \"specific attributes of the symptom\": {\n                \"location\": \"visual system\",\n                \"Quality of\": \"uncontrolled and irregular eye movements\",\n                \"temporalisation\": \"ongoing\"\n            },\n            \"When did the symptom appear\": \"recently\",\n            \"previous treatments\": \"\",\n            \"reaction to previous treaments\": \"\",\n            \"behaviour affecting the symptom\": \"\"\n        },\n        {\n            \"name of the symptom\": \"sleep disturbances\",\n            \"intensity of symptom\": \"not specified\",\n            \"specific attributes of the symptom\": {\n                \"location\": \"general\",\n                \"Quality of\": \"disrupted sleep patterns\",\n                \"temporalisation\": \"ongoing\"\n            },\n            \"When did the symptom appear\": \"recently\",\n            \"previous treatments\": \"\",\n            \"reaction to previous treaments\": \"\",\n            \"behaviour affecting the symptom\": \"\"\n        },\n        {\n            \"name of the symptom\": \"difficulty in swallowing\",\n            \"intensity of symptom\": \"not specified\",\n            \"specific attributes of the symptom\": {\n                \"location\": \"throat/esophagus\",\n                \"Quality of\": \"difficulty initiating and completing swallowing\",\n                \"temporalisation\": \"ongoing\"\n            },\n            \"When did the symptom appear\": \"recently\",\n            \"previous treatments\": \"\",\n            \"reaction to previous treaments\": \"\",\n            \"behaviour affecting the symptom\": \"\"\n        },\n        {\n            \"name of the symptom\": \"difficulty in eating\",\n            \"intensity of symptom\": \"not specified\",\n            \"specific attributes of the symptom\": {\n                \"location\": \"oral cavity\",\n                \"Quality of\": \"challenges with chewing and swallowing\",\n                \"temporalisation\": \"ongoing\"\n            },\n            \"When did the symptom appear\": \"recently\",\n            \"previous treatments\": \"\",\n            \"reaction to previous treaments\": \"\",\n            \"behaviour affecting the symptom\": \"\"\n        }\n    ],\n    \"socio economic context\": {},\n    \"geographic_context\": {\n        \"location\": \"\",\n        \"recent travels\": \"\",\n        \"level of care\": \"\"\n    },\n    \"physiological context\": {},\n    \"psychological context\": {},\n    \"personal medical_history\": {},\n    \"family medical_history\": {},\n    \"current medication\": {},\n    \"lifestyle factors\": {},\n    \"results of recent medical tests\": {}\n}"}