{"condition_name": "Cardiovascular Disease (CVD)", "guideline": "guideline_usp.jsonl_20.json", "patient_nb": "2", "structured_patient": "{\n    \"symptoms\": [\n        {\n            \"name of the symptom\": \"palpitations\",\n            \"intensity of symptom\": \"sudden onset\",\n            \"specific attributes of the symptom\": {\n                \"location\": \"chest\",\n                \"Quality of\": \"irregular\",\n                \"temporalisation\": \"persisted for the past 30 minutes\"\n            },\n            \"When did the symptom appear\": \"30 minutes ago\",\n            \"previous treatments\": \"unknown\",\n            \"reaction to previous treaments\": \"unknown\",\n            \"behaviour affecting the symptom\": \"unknown\"\n        },\n        {\n            \"name of the symptom\": \"chest discomfort\",\n            \"intensity of symptom\": \"8/10\",\n            \"specific attributes of the symptom\": {\n                \"location\": \"chest\",\n                \"Quality of\": \"heaviness\",\n                \"temporalisation\": \"persisted for the past 30 minutes\"\n            },\n            \"When did the symptom appear\": \"30 minutes ago\",\n            \"previous treatments\": \"unknown\",\n            \"reaction to previous treaments\": \"unknown\",\n            \"behaviour affecting the symptom\": \"unknown\"\n        },\n        {\n            \"name of the symptom\": \"lightheadedness\",\n            \"intensity of symptom\": \"unknown\",\n            \"specific attributes of the symptom\": {\n                \"location\": \"general\",\n                \"Quality of\": \"unknown\",\n                \"temporalisation\": \"unknown\"\n            },\n            \"When did the symptom appear\": \"30 minutes ago\",\n            \"previous treatments\": \"unknown\",\n            \"reaction to previous treaments\": \"unknown\",\n            \"behaviour affecting the symptom\": \"unknown\"\n        }\n    ],\n    \"socio economic context\": {},\n    \"geographic_context\": {\n        \"location\": \"\",\n        \"recent travels\": \"\",\n        \"level of care\": \"\"\n    },\n    \"physiological context\": {},\n    \"psychological context\": {},\n    \"personal medical_history\": {\n        \"hypertension\": \"known history\",\n        \"anticoagulant therapy\": \"currently on for prior history of deep vein thrombosis\"\n    },\n    \"family medical_history\": {\n        \"cardiovascular disease\": \"family background\"\n    },\n    \"current medication\": {},\n    \"lifestyle factors\": {},\n    \"results of recent medical tests\": {}\n}"}