{"condition_name": "Latex allergy", "guideline": "guideline_mayo.jsonl_582.json", "patient_nb": "3", "structured_patient": "{\n   \"symptoms\":[\n      {\n         \"name of the symptom\":\"itching\",\n         \"intensity of symptom\":\"severe\",\n         \"specific attributes of the symptom\":{\n            \"location\":\"skin\",\n            \"Quality of\":\"persistent\",\n            \"temporalisation\":\"recurrent\"\n         },\n         \"When did the symptom appear\":\"\",\n         \"previous treatments\":\"\",\n         \"reaction to previous treaments\":\"\",\n         \"behaviour affecting the symptom\":\"\"\n      },\n      {\n         \"name of the symptom\":\"skin redness\",\n         \"intensity of symptom\":\"severe\",\n         \"specific attributes of the symptom\":{\n            \"location\":\"skin\",\n            \"Quality of\":\"persistent\",\n            \"temporalisation\":\"recurrent\"\n         },\n         \"When did the symptom appear\":\"\",\n         \"previous treatments\":\"\",\n         \"reaction to previous treaments\":\"\",\n         \"behaviour affecting the symptom\":\"\"\n      },\n      {\n         \"name of the symptom\":\"hives\",\n         \"intensity of symptom\":\"severe\",\n         \"specific attributes of the symptom\":{\n            \"location\":\"skin\",\n            \"Quality of\":\"persistent\",\n            \"temporalisation\":\"recurrent\"\n         },\n         \"When did the symptom appear\":\"\",\n         \"previous treatments\":\"\",\n         \"reaction to previous treaments\":\"\",\n         \"behaviour affecting the symptom\":\"\"\n      },\n      {\n         \"name of the symptom\":\"sneezing\",\n         \"intensity of symptom\":\"frequent\",\n         \"specific attributes of the symptom\":{\n            \"location\":\"nasal\",\n            \"Quality of\":\"persistent\",\n            \"temporalisation\":\"recurrent\"\n         },\n         \"When did the symptom appear\":\"\",\n         \"previous treatments\":\"\",\n         \"reaction to previous treaments\":\"\",\n         \"behaviour affecting the symptom\":\"\"\n      },\n      {\n         \"name of the symptom\":\"runny nose\",\n         \"intensity of symptom\":\"frequent\",\n         \"specific attributes of the symptom\":{\n            \"location\":\"nasal\",\n            \"Quality of\":\"persistent\",\n            \"temporalisation\":\"recurrent\"\n         },\n         \"When did the symptom appear\":\"\",\n         \"previous treatments\":\"\",\n         \"reaction to previous treaments\":\"\",\n         \"behaviour affecting the symptom\":\"\"\n      },\n      {\n         \"name of the symptom\":\"itchy eyes\",\n         \"intensity of symptom\":\"frequent\",\n         \"specific attributes of the symptom\":{\n            \"location\":\"ocular\",\n            \"Quality of\":\"persistent\",\n            \"temporalisation\":\"recurrent\"\n         },\n         \"When did the symptom appear\":\"\",\n         \"previous treatments\":\"\",\n         \"reaction to previous treaments\":\"\",\n         \"behaviour affecting the symptom\":\"\"\n      },\n      {\n         \"name of the symptom\":\"watery eyes\",\n         \"intensity of symptom\":\"frequent\",\n         \"specific attributes of the symptom\":{\n            \"location\":\"ocular\",\n            \"Quality of\":\"persistent\",\n            \"temporalisation\":\"recurrent\"\n         },\n         \"When did the symptom appear\":\"\",\n         \"previous treatments\":\"\",\n         \"reaction to previous treaments\":\"\",\n         \"behaviour affecting the symptom\":\"\"\n      },\n      {\n         \"name of the symptom\":\"scratchy throat\",\n         \"intensity of symptom\":\"frequent\",\n         \"specific attributes of the symptom\":{\n            \"location\":\"throat\",\n            \"Quality of\":\"persistent\",\n            \"temporalisation\":\"recurrent\"\n         },\n         \"When did the symptom appear\":\"\",\n         \"previous treatments\":\"\",\n         \"reaction to previous treaments\":\"\",\n         \"behaviour affecting the symptom\":\"\"\n      },\n      {\n         \"name of the symptom\":\"difficulty in breathing\",\n         \"intensity of symptom\":\"severe\",\n         \"specific attributes of the symptom\":{\n            \"location\":\"respiratory\",\n            \"Quality of\":\"progressive\",\n            \"temporalisation\":\"recurrent\"\n         },\n         \"When did the symptom appear\":\"\",\n         \"previous treatments\":\"\",\n         \"reaction to previous treaments\":\"\",\n         \"behaviour affecting the symptom\":\"\"\n      },\n      {\n         \"name of the symptom\":\"wheezing\",\n         \"intensity of symptom\":\"severe\",\n         \"specific attributes of the symptom\":{\n            \"location\":\"respiratory\",\n            \"Quality of\":\"persistent\",\n            \"temporalisation\":\"recurrent\"\n         },\n         \"When did the symptom appear\":\"\",\n         \"previous treatments\":\"\",\n         \"reaction to previous treaments\":\"\",\n         \"behaviour affecting the symptom\":\"\"\n      },\n      {\n         \"name of the symptom\":\"coughing\",\n         \"intensity of symptom\":\"severe\",\n         \"specific attributes of the symptom\":{\n            \"location\":\"respiratory\",\n            \"Quality of\":\"productive\",\n            \"temporalisation\":\"recurrent\"\n         },\n         \"When did the symptom appear\":\"\",\n         \"previous treatments\":\"\",\n         \"reaction to previous treaments\":\"\",\n         \"behaviour affecting the symptom\":\"\"\n      },\n      {\n         \"name of the symptom\":\"low blood pressure\",\n         \"intensity of symptom\":\"severe\",\n         \"specific attributes of the symptom\":{\n            \"location\":\"systemic\",\n            \"Quality of\":\"sudden\",\n            \"temporalisation\":\"acute\"\n         },\n         \"When did the symptom appear\":\"\",\n         \"previous treatments\":\"\",\n         \"reaction to previous treaments\":\"\",\n         \"behaviour affecting the symptom\":\"\"\n      },\n      {\n         \"name of the symptom\":\"dizziness\",\n         \"intensity of symptom\":\"severe\",\n         \"specific attributes of the symptom\":{\n            \"location\":\"neurological\",\n            \"Quality of\":\"brief\",\n            \"temporalisation\":\"recurrent\"\n         },\n         \"When did the symptom appear\":\"\",\n         \"previous treatments\":\"\",\n         \"reaction to previous treaments\":\"\",\n         \"behaviour affecting the symptom\":\"\"\n      },\n      {\n         \"name of the symptom\":\"loss of consciousness\",\n         \"intensity of symptom\":\"severe\",\n         \"specific attributes of the symptom\":{\n            \"location\":\"neurological\",\n            \"Quality of\":\"transient\",\n            \"temporalisation\":\"acute\"\n         },\n         \"When did the symptom appear\":\"\",\n         \"previous treatments\":\"\",\n         \"reaction to previous treaments\":\"\",\n         \"behaviour affecting the symptom\":\"\"\n      }\n   ],\n   \"socio economic context\":{\n\n   },\n   \"geographic_context\":{\n      \"location\":\"\",\n      \"recent travels\":\"\",\n      \"level of care\":\"urgent\"\n   },\n   \"physiological context\":{\n\n   },\n   \"psychological context\":{\n\n   },\n   \"personal medical_history\":{\n      \"latex allergy\":\"history of\"\n   },\n   \"family medical_history\":{\n\n   },\n   \"current medication\":{\n\n   },\n   \"lifestyle factors\":{\n\n   },\n   \"results of recent medical tests\":{\n\n   }\n}"}