{"condition_name": "Vestibular Schwannomas", "guideline": "guideline_gc.jsonl_90.json", "patient_nb": "2", "structured_patient": "{\n    \"symptoms\": [\n        {\n            \"name of the symptom\": \"tinnitus\",\n            \"intensity of symptom\": \"untreated\",\n            \"specific attributes of the symptom\": {\n                \"location\": \"right ear\",\n                \"Quality of\": \"sound perception\",\n                \"temporalisation\": \"past two years\"\n            },\n            \"When did the symptom appear\": \"two years ago\",\n            \"previous treatments\": \"untreated\",\n            \"reaction to previous treatments\": \"N/A\",\n            \"behaviour affecting the symptom\": \"N/A\"\n        },\n        {\n            \"name of the symptom\": \"hearing loss\",\n            \"intensity of symptom\": \"5/10\",\n            \"specific attributes of the symptom\": {\n                \"location\": \"right ear\",\n                \"Quality of\": \"auditory perception\",\n                \"temporalisation\": \"recent onset\"\n            },\n            \"When did the symptom appear\": \"recent onset\",\n            \"previous treatments\": \"N/A\",\n            \"reaction to previous treatments\": \"N/A\",\n            \"behaviour affecting the symptom\": \"impacts ability to communicate in social settings\"\n        },\n        {\n            \"name of the symptom\": \"vertigo\",\n            \"intensity of symptom\": \"\",\n            \"specific attributes of the symptom\": {\n                \"location\": \"\",\n                \"Quality of\": \"sense of dizziness\",\n                \"temporalisation\": \"occasional spells\"\n            },\n            \"When did the symptom appear\": \"N/A\",\n            \"previous treatments\": \"N/A\",\n            \"reaction to previous treatments\": \"N/A\",\n            \"behaviour affecting the symptom\": \"N/A\"\n        }\n    ],\n    \"socio economic context\": {},\n    \"geographic_context\": {\n        \"location\": \"\",\n        \"recent travels\": \"\",\n        \"level of care\": \"\"\n    },\n    \"physiological context\": {},\n    \"psychological context\": {},\n    \"personal medical_history\": {},\n    \"family medical_history\": {},\n    \"current medication\": {},\n    \"lifestyle factors\": {},\n    \"results of recent medical tests\": {}\n}"}