{"condition_name": "Dental trauma", "guideline": "guideline_rch.jsonl_151.json", "patient_nb": "3", "structured_patient": "{\n    \"symptoms\": [\n        {\n            \"name of the symptom\": \"fractured tooth\",\n            \"intensity of symptom\": \"6/10\",\n            \"specific attributes of the symptom\": {\n                \"location\": \"affected area\",\n                \"Quality of\": \"dull\",\n                \"temporalisation\": \"persistent\"\n            },\n            \"When did the symptom appear\": \"following the motor vehicle accident\",\n            \"previous treatments\": \"\",\n            \"reaction to previous treatments\": \"\",\n            \"behaviour affecting the symptom\": \"motor vehicle accident\"\n        },\n        {\n            \"name of the symptom\": \"injury to oral mucosa\",\n            \"intensity of symptom\": \"6/10\",\n            \"specific attributes of the symptom\": {\n                \"location\": \"affected area\",\n                \"Quality of\": \"dull\",\n                \"temporalisation\": \"persistent\"\n            },\n            \"When did the symptom appear\": \"following the motor vehicle accident\",\n            \"previous treatments\": \"\",\n            \"reaction to previous treatments\": \"\",\n            \"behaviour affecting the symptom\": \"motor vehicle accident\"\n        },\n        {\n            \"name of the symptom\": \"gingival trauma\",\n            \"intensity of symptom\": \"6/10\",\n            \"specific attributes of the symptom\": {\n                \"location\": \"affected area\",\n                \"Quality of\": \"dull\",\n                \"temporalisation\": \"persistent\"\n            },\n            \"When did the symptom appear\": \"following the motor vehicle accident\",\n            \"previous treatments\": \"\",\n            \"reaction to previous treatments\": \"\",\n            \"behaviour affecting the symptom\": \"motor vehicle accident\"\n        }\n    ],\n    \"socio economic context\": {},\n    \"geographic_context\": {\n        \"location\": \"\",\n        \"recent travels\": \"\",\n        \"level of care\": \"\"\n    },\n    \"physiological context\": {},\n    \"psychological context\": {},\n    \"personal medical_history\": {\n        \"previous dental trauma\": \"unremarkable\"\n    },\n    \"family medical_history\": {},\n    \"current medication\": {},\n    \"lifestyle factors\": {},\n    \"results of recent medical tests\": {}\n}"}