{"condition_name": "Luteal Phase Deficiency", "guideline": "guideline_gc.jsonl_769.json", "patient_nb": "2", "structured_patient": "{\n    \"symptoms\": [\n        {\n            \"name of the symptom\": \"Luteal phase deficiency\",\n            \"intensity of symptom\": \"Severe\",\n            \"specific attributes of the symptom\": {\n                \"location\": \"Pelvic\",\n                \"Quality of\": \"Cyclic pain\",\n                \"temporalisation\": \"Consistently below 10 days\"\n            },\n            \"When did the symptom appear\": \"Unknown\",\n            \"previous treatments\": \"Over-the-counter pain medication\",\n            \"reaction to previous treatments\": \"Symptoms persist\",\n            \"behaviour affecting the symptom\": \"Unknown\"\n        }\n    ],\n    \"socio economic context\": {},\n    \"geographic_context\": {\n        \"location\": \"Unknown\",\n        \"recent travels\": \"\",\n        \"level of care\": \"\"\n    },\n    \"physiological context\": {},\n    \"psychological context\": {},\n    \"personal medical_history\": {},\n    \"family medical_history\": {},\n    \"current medication\": {},\n    \"lifestyle factors\": {\n        \"regular exercise\": \"Present\",\n        \"balanced diet\": \"Present\"\n    },\n    \"results of recent medical tests\": {}\n}"}