{"condition_name": "Essential Oil Poisoning", "guideline": "guideline_rch.jsonl_178.json", "patient_nb": "2", "structured_patient": "{\n    \"symptoms\": [\n        {\n            \"name of the symptom\": \"ataxia\",\n            \"intensity of symptom\": \"acute onset\",\n            \"specific attributes of the symptom\": {\n                \"location\": \"whole body\",\n                \"Quality of\": \"uncoordinated movements\",\n                \"temporalisation\": \"sudden\"\n            },\n            \"When did the symptom appear\": \"preceding episode\",\n            \"previous treatments\": \"unknown\",\n            \"reaction to previous treatments\": \"unknown\",\n            \"behaviour affecting the symptom\": \"use of essential oils for massage\"\n        },\n        {\n            \"name of the symptom\": \"seizures\",\n            \"intensity of symptom\": \"generalized tonic-clonic\",\n            \"specific attributes of the symptom\": {\n                \"location\": \"whole body\",\n                \"Quality of\": \"motor convulsions\",\n                \"temporalisation\": \"sudden\"\n            },\n            \"When did the symptom appear\": \"acute onset\",\n            \"previous treatments\": \"unknown\",\n            \"reaction to previous treatments\": \"unknown\",\n            \"behaviour affecting the symptom\": \"use of essential oils for massage\"\n        },\n        {\n            \"name of the symptom\": \"nausea\",\n            \"intensity of symptom\": \"\",\n            \"specific attributes of the symptom\": {\n                \"location\": \"stomach\",\n                \"Quality of\": \"\",\n                \"temporalisation\": \"\"\n            },\n            \"When did the symptom appear\": \"preceding episode\",\n            \"previous treatments\": \"\",\n            \"reaction to previous treatments\": \"\",\n            \"behaviour affecting the symptom\": \"use of essential oils for massage\"\n        },\n        {\n            \"name of the symptom\": \"vomiting\",\n            \"intensity of symptom\": \"\",\n            \"specific attributes of the symptom\": {\n                \"location\": \"\",\n                \"Quality of\": \"\",\n                \"temporalisation\": \"\"\n            },\n            \"When did the symptom appear\": \"preceding episode\",\n            \"previous treatments\": \"\",\n            \"reaction to previous treatments\": \"\",\n            \"behaviour affecting the symptom\": \"use of essential oils for massage\"\n        },\n        {\n            \"name of the symptom\": \"diarrhea\",\n            \"intensity of symptom\": \"\",\n            \"specific attributes of the symptom\": {\n                \"location\": \"intestinal\",\n                \"Quality of\": \"\",\n                \"temporalisation\": \"\"\n            },\n            \"When did the symptom appear\": \"preceding episode\",\n            \"previous treatments\": \"\",\n            \"reaction to previous treatments\": \"\",\n            \"behaviour affecting the symptom\": \"use of essential oils for massage\"\n        },\n        {\n            \"name of the symptom\": \"CNS depression\",\n            \"intensity of symptom\": \"\",\n            \"specific attributes of the symptom\": {\n                \"location\": \"central nervous system\",\n                \"Quality of\": \"decreased activity and responsiveness\",\n                \"temporalisation\": \"\"\n            },\n            \"When did the symptom appear\": \"on examination\",\n            \"previous treatments\": \"\",\n            \"reaction to previous treatments\": \"\",\n            \"behaviour affecting the symptom\": \"\"\n        },\n        {\n            \"name of the symptom\": \"bradycardia\",\n            \"intensity of symptom\": \"\",\n            \"specific attributes of the symptom\": {\n                \"location\": \"heart\",\n                \"Quality of\": \"slow heart rate\",\n                \"temporalisation\": \"\"\n            },\n            \"When did the symptom appear\": \"on examination\",\n            \"previous treatments\": \"\",\n            \"reaction to previous treatments\": \"\",\n            \"behaviour affecting the symptom\": \"\"\n        },\n        {\n            \"name of the symptom\": \"hypotension\",\n            \"intensity of symptom\": \"\",\n            \"specific attributes of the symptom\": {\n                \"location\": \"blood vessels\",\n                \"Quality of\": \"low blood pressure\",\n                \"temporalisation\": \"\"\n            },\n            \"When did the symptom appear\": \"on examination\",\n            \"previous treatments\": \"\",\n            \"reaction to previous treatments\": \"\",\n            \"behaviour affecting the symptom\": \"\"\n        }\n    ],\n    \"socio economic context\": {},\n    \"geographic_context\": {\n        \"location\": \"emergency department\",\n        \"recent travels\": \"\",\n        \"level of care\": \"emergency\"\n    },\n    \"physiological context\": {},\n    \"psychological context\": {},\n    \"personal medical_history\": {},\n    \"family medical_history\": {},\n    \"current medication\": {},\n    \"lifestyle factors\": {},\n    \"results of recent medical tests\": {}\n}"}