{"condition_name": "Vitamin D deficiency, COVID-19", "guideline": "guideline_nice.jsonl_167.json", "patient_nb": "1", "structured_patient": "{\n  \"symptoms\": [\n    {\n      \"name of the symptom\": \"bone and muscle pain\",\n      \"intensity of symptom\": \"7/10\",\n      \"specific attributes of the symptom\": {\n        \"location\": \"\",\n        \"Quality of\": \"persistent\",\n        \"temporalisation\": \"\"\n      },\n      \"When did the symptom appear\": \"\",\n      \"previous treatments\": \"over-the-counter vitamin D supplementation\",\n      \"reaction to previous treatments\": \"symptoms have persisted\",\n      \"behaviour affecting the symptom\": \"limited exposure to sunlight\"\n    },\n    {\n      \"name of the symptom\": \"muscle weakness\",\n      \"intensity of symptom\": \"\",\n      \"specific attributes of the symptom\": {\n        \"location\": \"\",\n        \"Quality of\": \"notable\",\n        \"temporalisation\": \"\"\n      },\n      \"When did the symptom appear\": \"\",\n      \"previous treatments\": \"over-the-counter vitamin D supplementation\",\n      \"reaction to previous treatments\": \"symptoms have persisted\",\n      \"behaviour affecting the symptom\": \"limited exposure to sunlight\"\n    }\n  ],\n  \"socio economic context\": {},\n  \"geographic_context\": {\n    \"location\": \"\",\n    \"recent travels\": \"\",\n    \"level of care\": \"\"\n  },\n  \"physiological context\": {},\n  \"psychological context\": {},\n  \"personal medical_history\": {\n    \"spending most of her time indoors\": \"due to remote work demands and adhering to COVID-19 safety precautions\"\n  },\n  \"family medical_history\": {},\n  \"current medication\": {},\n  \"lifestyle factors\": {\n    \"lack of exposure to sunlight\": \"due to spending most of her time indoors and dark skin color\"\n  },\n  \"results of recent medical tests\": {}\n}"}