{"condition_name": "Foot drop", "guideline": "guideline_mayo.jsonl_405.json", "patient_nb": "2", "structured_patient": "{\n  \"symptoms\": [\n    {\n      \"name of the symptom\": \"difficulty in lifting the front part of left foot\",\n      \"intensity of symptom\": \"consistent\",\n      \"specific attributes of the symptom\": {\n        \"location\": \"left foot\",\n        \"Quality of\": \"weakness or inability to dorsiflex\",\n        \"temporalisation\": \"ongoing\"\n      },\n      \"When did the symptom appear\": \"following wearing a leg cast\",\n      \"previous treatments\": \"leg cast\",\n      \"reaction to previous treaments\": \"unknown\",\n      \"behaviour affecting the symptom\": \"walking\"\n    },\n    {\n      \"name of the symptom\": \"foot dragging\",\n      \"intensity of symptom\": \"frequent\",\n      \"specific attributes of the symptom\": {\n        \"location\": \"left foot\",\n        \"Quality of\": \"discrepancy in mobility\",\n        \"temporalisation\": \"ongoing\"\n      },\n      \"When did the symptom appear\": \"following wearing a leg cast\",\n      \"previous treatments\": \"leg cast\",\n      \"reaction to previous treaments\": \"unknown\",\n      \"behaviour affecting the symptom\": \"walking\"\n    },\n    {\n      \"name of the symptom\": \"slapping sensation\",\n      \"intensity of symptom\": \"consistent\",\n      \"specific attributes of the symptom\": {\n        \"location\": \"left foot\",\n        \"Quality of\": \"audible sound during gait\",\n        \"temporalisation\": \"during foot contact with the floor\"\n      },\n      \"When did the symptom appear\": \"following wearing a leg cast\",\n      \"previous treatments\": \"leg cast\",\n      \"reaction to previous treaments\": \"unknown\",\n      \"behaviour affecting the symptom\": \"walking\"\n    },\n    {\n      \"name of the symptom\": \"numbness\",\n      \"intensity of symptom\": \"\",\n      \"specific attributes of the symptom\": {\n        \"location\": \"top of left foot and toes\",\n        \"Quality of\": \"loss of sensation\",\n        \"temporalisation\": \"ongoing\"\n      },\n      \"When did the symptom appear\": \"\",\n      \"previous treatments\": \"\",\n      \"reaction to previous treaments\": \"\",\n      \"behaviour affecting the symptom\": \"\"\n    }\n  ],\n  \"socio economic context\": {},\n  \"geographic_context\": {\n    \"location\": \"\",\n    \"recent travels\": \"\",\n    \"level of care\": \"\"\n  },\n  \"physiological context\": {},\n  \"psychological context\": {},\n  \"personal medical_history\": {\n    \"history of wearing a leg cast\": \"following a previous ankle fracture\"\n  },\n  \"family medical_history\": {},\n  \"current medication\": {},\n  \"lifestyle factors\": {},\n  \"results of recent medical tests\": {}\n}"}