{"condition_name": "Alcohol-Associated Liver Disease", "guideline": "guideline_gc.jsonl_582.json", "patient_nb": "2", "structured_patient": "{\n  \"symptoms\": [\n    {\n      \"name of the symptom\": \"fatigue\",\n      \"intensity of symptom\": \"\",\n      \"specific attributes of the symptom\": {\n        \"location\": \"\",\n        \"Quality of\": \"generalized\",\n        \"temporalisation\": \"chronic\"\n      },\n      \"When did the symptom appear\": \"prior to seeking medical attention\",\n      \"previous treatments\": \"\",\n      \"reaction to previous treaments\": \"\",\n      \"behaviour affecting the symptom\": \"unknown\"\n    },\n    {\n      \"name of the symptom\": \"right upper quadrant abdominal discomfort\",\n      \"intensity of symptom\": \"\",\n      \"specific attributes of the symptom\": {\n        \"location\": \"right upper abdomen\",\n        \"Quality of\": \"discomfort\",\n        \"temporalisation\": \"\"\n      },\n      \"When did the symptom appear\": \"prior to seeking medical attention\",\n      \"previous treatments\": \"\",\n      \"reaction to previous treaments\": \"\",\n      \"behaviour affecting the symptom\": \"\"\n    },\n    {\n      \"name of the symptom\": \"unexplained weight loss\",\n      \"intensity of symptom\": \"\",\n      \"specific attributes of the symptom\": {\n        \"location\": \"\",\n        \"Quality of\": \"weight loss\",\n        \"temporalisation\": \"progressive\"\n      },\n      \"When did the symptom appear\": \"prior to seeking medical attention\",\n      \"previous treatments\": \"\",\n      \"reaction to previous treaments\": \"\",\n      \"behaviour affecting the symptom\": \"unknown\"\n    }\n  ],\n  \"socio economic context\": {},\n  \"geographic_context\": {\n    \"location\": \"\",\n    \"recent travels\": \"\",\n    \"level of care\": \"\"\n  },\n  \"physiological context\": {},\n  \"psychological context\": {},\n  \"personal medical_history\": {\n    \"non-alcoholic fatty liver disease (NAFLD)\": \"history of\",\n    \"non-alcoholic steatohepatitis (NASH)\": \"history of\"\n  },\n  \"family medical_history\": {},\n  \"current medication\": {},\n  \"lifestyle factors\": {\n    \"diet\": \"efforts made to modify for NAFLD/NASH management\"\n  },\n  \"results of recent medical tests\": {\n    \"liver function tests\": \"abnormal, indicating liver function abnormalities\"\n  }\n}"}