{"condition_name": "Cardiovascular Disease and Cancer", "guideline": "guideline_usp.jsonl_16.json", "patient_nb": "1", "structured_patient": "{\n    \"symptoms\": [\n        {\n            \"name of the symptom\": \"Chest pain\",\n            \"intensity of symptom\": \"\",\n            \"specific attributes of the symptom\": {\n                \"location\": \"Chest\",\n                \"Quality of\": \"Pressure or tightness\",\n                \"temporalisation\": \"May occur during physical exertion or emotional stress\"\n            },\n            \"When did the symptom appear\": \"\",\n            \"previous treatments\": \"\",\n            \"reaction to previous treatments\": \"\",\n            \"behaviour affecting the symptom\": \"Physical exertion, emotional stress\"\n        },\n        {\n            \"name of the symptom\": \"Shortness of breath\",\n            \"intensity of symptom\": \"\",\n            \"specific attributes of the symptom\": {\n                \"location\": \"\",\n                \"Quality of\": \"Difficulty breathing or breathlessness\",\n                \"temporalisation\": \"May worsen with physical activity or when lying flat\"\n            },\n            \"When did the symptom appear\": \"\",\n            \"previous treatments\": \"\",\n            \"reaction to previous treatments\": \"\",\n            \"behaviour affecting the symptom\": \"Physical activity, lying flat\"\n        },\n        {\n            \"name of the symptom\": \"Persistent cough\",\n            \"intensity of symptom\": \"\",\n            \"specific attributes of the symptom\": {\n                \"location\": \"\",\n                \"Quality of\": \"Dry or productive cough\",\n                \"temporalisation\": \"\"\n            },\n            \"When did the symptom appear\": \"\",\n            \"previous treatments\": \"\",\n            \"reaction to previous treatments\": \"\",\n            \"behaviour affecting the symptom\": \"Smoking history\"\n        }\n    ],\n    \"socio economic context\": {\n        \"food insecurity\": \"Periods of food insecurity due to socioeconomic factors\"\n    },\n    \"geographic_context\": {\n        \"location\": \"\",\n        \"recent travels\": \"\",\n        \"level of care\": \"\"\n    },\n    \"physiological context\": {\n        \"smoking history\": \"20-year smoking habit\",\n        \"occupational exposure\": \"Exposure to asbestos\"\n    },\n    \"psychological context\": {},\n    \"personal medical_history\": {},\n    \"family medical_history\": {},\n    \"current medication\": {},\n    \"lifestyle factors\": {\n        \"smoking\": \"Former smoker with 20-year smoking history\"\n    },\n    \"results of recent medical tests\": {}\n}"}