{"condition_name": "Iron-deficiency anemia", "guideline": "guideline_gc.jsonl_740.json", "patient_nb": "1", "structured_patient": "{\n  \"symptoms\": [\n    {\n      \"name of the symptom\": \"abnormal hematological values\",\n      \"intensity of symptom\": \"unknown\",\n      \"specific attributes of the symptom\": {\n        \"location\": \"blood\",\n        \"Quality of\": \"low levels\",\n        \"temporalisation\": \"persisting\"\n      },\n      \"When did the symptom appear\": \"unknown\",\n      \"previous treatments\": \"increased dietary iron intake\",\n      \"reaction to previous treatments\": \"abnormalities persist\",\n      \"behaviour affecting the symptom\": \"exclusive consumption of non-fortified plant-based products\"\n    },\n    {\n      \"name of the symptom\": \"anthropometric growth issues\",\n      \"intensity of symptom\": \"unknown\",\n      \"specific attributes of the symptom\": {\n        \"location\": \"overall growth\",\n        \"Quality of\": \"concerning\",\n        \"temporalisation\": \"\"\n      },\n      \"When did the symptom appear\": \"unknown\",\n      \"previous treatments\": \"\",\n      \"reaction to previous treatments\": \"\",\n      \"behaviour affecting the symptom\": \"unknown\"\n    },\n    {\n      \"name of the symptom\": \"neurodevelopmental issues\",\n      \"intensity of symptom\": \"unknown\",\n      \"specific attributes of the symptom\": {\n        \"location\": \"neurological function\",\n        \"Quality of\": \"concerning\",\n        \"temporalisation\": \"\"\n      },\n      \"When did the symptom appear\": \"unknown\",\n      \"previous treatments\": \"\",\n      \"reaction to previous treatments\": \"\",\n      \"behaviour affecting the symptom\": \"unknown\"\n    }\n  ],\n  \"socio economic context\": {},\n  \"geographic_context\": {\n    \"location\": \"\",\n    \"recent travels\": \"\",\n    \"level of care\": \"\"\n  },\n  \"physiological context\": {},\n  \"psychological context\": {},\n  \"personal medical_history\": {},\n  \"family medical_history\": {},\n  \"current medication\": {},\n  \"lifestyle factors\": {},\n  \"results of recent medical tests\": {\n    \"hematological values\": \"abnormal - low serum iron, ferritin, iron binding capacity, decreased MCV and hemoglobin levels\"\n  }\n}"}