{"condition_name": "Antisocial personality disorder", "guideline": "guideline_mayo.jsonl_62.json", "patient_nb": "3", "structured_patient": "{\n    \"symptoms\": [\n        {\n            \"name of the symptom\": \"disregard for right and wrong\",\n            \"intensity of symptom\": \"pervasive\",\n            \"specific attributes of the symptom\": {\n                \"location\": \"behavioral\",\n                \"Quality of\": \"lack of sensitivity and respect for others\",\n                \"temporalisation\": \"chronic\"\n            },\n            \"When did the symptom appear\": \"\",\n            \"previous treatments\": \"\",\n            \"reaction to previous treaments\": \"\",\n            \"behaviour affecting the symptom\": \"manipulative behavior, exploitation of others\"\n        },\n        {\n            \"name of the symptom\": \"dishonesty\",\n            \"intensity of symptom\": \"frequent\",\n            \"specific attributes of the symptom\": {\n                \"location\": \"behavioral\",\n                \"Quality of\": \"resorting to theft and serious violations of rules\",\n                \"temporalisation\": \"chronic\"\n            },\n            \"When did the symptom appear\": \"\",\n            \"previous treatments\": \"\",\n            \"reaction to previous treaments\": \"\",\n            \"behaviour affecting the symptom\": \"\"\n        },\n        {\n            \"name of the symptom\": \"pronounced sense of superiority\",\n            \"intensity of symptom\": \"extremely\",\n            \"specific attributes of the symptom\": {\n                \"location\": \"cognitive\",\n                \"Quality of\": \"opinionated nature\",\n                \"temporalisation\": \"chronic\"\n            },\n            \"When did the symptom appear\": \"\",\n            \"previous treatments\": \"\",\n            \"reaction to previous treaments\": \"\",\n            \"behaviour affecting the symptom\": \"\"\n        },\n        {\n            \"name of the symptom\": \"hostility\",\n            \"intensity of symptom\": \"marked\",\n            \"specific attributes of the symptom\": {\n                \"location\": \"interpersonal\",\n                \"Quality of\": \"\",\n                \"temporalisation\": \"chronic\"\n            },\n            \"When did the symptom appear\": \"\",\n            \"previous treatments\": \"\",\n            \"reaction to previous treaments\": \"\",\n            \"behaviour affecting the symptom\": \"aggression, engagement in violent or threatening behavior\"\n        },\n        {\n            \"name of the symptom\": \"lack of guilt\",\n            \"intensity of symptom\": \"lack\",\n            \"specific attributes of the symptom\": {\n                \"location\": \"emotional\",\n                \"Quality of\": \"\",\n                \"temporalisation\": \"chronic\"\n            },\n            \"When did the symptom appear\": \"\",\n            \"previous treatments\": \"\",\n            \"reaction to previous treaments\": \"\",\n            \"behaviour affecting the symptom\": \"harming others without guilt\"\n        },\n        {\n            \"name of the symptom\": \"engagement in dangerous behaviors\",\n            \"intensity of symptom\": \"frequent\",\n            \"specific attributes of the symptom\": {\n                \"location\": \"behavioral\",\n                \"Quality of\": \"\",\n                \"temporalisation\": \"chronic\"\n            },\n            \"When did the symptom appear\": \"\",\n            \"previous treatments\": \"\",\n            \"reaction to previous treaments\": \"\",\n            \"behaviour affecting the symptom\": \"lack of consideration for safety\"\n        }\n    ],\n    \"socio economic context\": {},\n    \"geographic_context\": {\n        \"location\": \"\",\n        \"recent travels\": \"\",\n        \"level of care\": \"\"\n    },\n    \"physiological context\": {},\n    \"psychological context\": {},\n    \"personal medical_history\": {},\n    \"family medical_history\": {},\n    \"current medication\": {},\n    \"lifestyle factors\": {},\n    \"results of recent medical tests\": {}\n}"}