{"condition_name": "Fuchs\" dystrophy", "guideline": "guideline_mayo.jsonl_410.json", "patient_nb": "1", "structured_patient": "{\n    \"symptoms\": [\n        {\n            \"name of the symptom\": \"blurred vision\",\n            \"intensity of symptom\": \"persistent\",\n            \"specific attributes of the symptom\": {\n                \"location\": \"both eyes\",\n                \"Quality of\": \"cloudy\",\n                \"temporalisation\": \"gradual onset\"\n            },\n            \"When did the symptom appear\": \"over the past year\",\n            \"previous treatments\": \"\",\n            \"reaction to previous treaments\": \"\",\n            \"behaviour affecting the symptom\": \"difficulty driving at night due to glare\"\n        },\n        {\n            \"name of the symptom\": \"fluctuating clarity\",\n            \"intensity of symptom\": \"frequent\",\n            \"specific attributes of the symptom\": {\n                \"location\": \"both eyes\",\n                \"Quality of\": \"\",\n                \"temporalisation\": \"gradual onset\"\n            },\n            \"When did the symptom appear\": \"over the past year\",\n            \"previous treatments\": \"\",\n            \"reaction to previous treaments\": \"\",\n            \"behaviour affecting the symptom\": \"\"\n        },\n        {\n            \"name of the symptom\": \"halos around lights\",\n            \"intensity of symptom\": \"present\",\n            \"specific attributes of the symptom\": {\n                \"location\": \"\",\n                \"Quality of\": \"\",\n                \"temporalisation\": \"\"\n            },\n            \"When did the symptom appear\": \"over the past year\",\n            \"previous treatments\": \"\",\n            \"reaction to previous treaments\": \"\",\n            \"behaviour affecting the symptom\": \"\"\n        },\n        {\n            \"name of the symptom\": \"ocular pain\",\n            \"intensity of symptom\": \"mild\",\n            \"specific attributes of the symptom\": {\n                \"location\": \"\",\n                \"Quality of\": \"grittiness\",\n                \"temporalisation\": \"\"\n            },\n            \"When did the symptom appear\": \"over the past year\",\n            \"previous treatments\": \"\",\n            \"reaction to previous treaments\": \"\",\n            \"behaviour affecting the symptom\": \"\"\n        }\n    ],\n    \"socio economic context\": {},\n    \"geographic_context\": {\n        \"location\": \"\",\n        \"recent travels\": \"\",\n        \"level of care\": \"\"\n    },\n    \"physiological context\": {},\n    \"psychological context\": {},\n    \"personal medical_history\": {\n        \"mild hypertension\": \"well-managed with lifestyle modifications\"\n    },\n    \"family medical_history\": {\n        \"Fuchs' dystrophy\": \"present in the family\"\n    },\n    \"current medication\": {},\n    \"lifestyle factors\": {},\n    \"results of recent medical tests\": {}\n}"}