{"condition_name": "Symptomatic degenerative disc disease of the lumbar spine", "guideline": "guideline_nice.jsonl_1385.json", "patient_nb": "1", "structured_patient": "{\n    \"symptoms\": [\n        {\n            \"name of the symptom\": \"chronic lower back pain\",\n            \"intensity of symptom\": \"7/10\",\n            \"specific attributes of the symptom\": {\n                \"location\": \"lower back\",\n                \"Quality of\": \"dull, aching sensation\",\n                \"temporalisation\": \"persisting for the past 18 months\"\n            },\n            \"When did the symptom appear\": \"following a previous lower back injury from a sporting accident\",\n            \"previous treatments\": \"physical therapy, analgesic medications\",\n            \"reaction to previous treatments\": \"minimal relief\",\n            \"behaviour affecting the symptom\": \"worsens during prolonged standing or walking\"\n        },\n        {\n            \"name of the symptom\": \"radiating leg pain\",\n            \"intensity of symptom\": \"\",\n            \"specific attributes of the symptom\": {\n                \"location\": \"left leg\",\n                \"Quality of\": \"shooting pain\",\n                \"temporalisation\": \"\"\n            },\n            \"When did the symptom appear\": \"\",\n            \"previous treatments\": \"physical therapy, analgesic medications\",\n            \"reaction to previous treatments\": \"minimal relief\",\n            \"behaviour affecting the symptom\": \"worsens during prolonged standing or walking\"\n        }\n    ],\n    \"socio economic context\": {},\n    \"geographic_context\": {\n        \"location\": \"\",\n        \"recent travels\": \"\",\n        \"level of care\": \"\"\n    },\n    \"physiological context\": {},\n    \"psychological context\": {},\n    \"personal medical_history\": {\n        \"previous lower back injury\": \"from a sporting accident\"\n    },\n    \"family medical_history\": {},\n    \"current medication\": {},\n    \"lifestyle factors\": {},\n    \"results of recent medical tests\": {}\n}"}