{"condition_name": "Postoperative Pain", "guideline": "guideline_gc.jsonl_725.json", "patient_nb": "3", "structured_patient": "{\n\t\"symptoms\": [\n\t\t{\n\t\t\t\"name of the symptom\": \"pain\",\n\t\t\t\"intensity of symptom\": \"unknown\",\n\t\t\t\"specific attributes of the symptom\": {\n\t\t\t\t\"location\": \"throat area\",\n\t\t\t\t\"Quality of\": \"possibly sore or uncomfortable\",\n\t\t\t\t\"temporalisation\": \"postoperative\"\n\t\t\t},\n\t\t\t\"When did the symptom appear\": \"after tonsillectomy\",\n\t\t\t\"previous treatments\": \"\",\n\t\t\t\"reaction to previous treaments\": \"\",\n\t\t\t\"behaviour affecting the symptom\": \"increased irritability, frequent crying, reluctance to eat or drink\"\n\t\t}\n\t],\n\t\"socio economic context\": {},\n\t\"geographic_context\": {\n\t\t\"location\": \"\",\n\t\t\"recent travels\": \"\",\n\t\t\"level of care\": \"\"\n\t},\n\t\"physiological context\": {},\n\t\"psychological context\": {},\n\t\"personal medical_history\": {},\n\t\"family medical_history\": {\n\t\t\"substance abuse\": \"history in the family\"\n\t},\n\t\"current medication\": {},\n\t\"lifestyle factors\": {},\n\t\"results of recent medical tests\": {}\n}"}