{"condition_name": "Anal itching", "guideline": "guideline_mayo.jsonl_48.json", "patient_nb": "3", "structured_patient": "{\n    \"symptoms\": [\n        {\n            \"name of the symptom\": \"anal itching\",\n            \"intensity of symptom\": \"6/10\",\n            \"specific attributes of the symptom\": {\n                \"location\": \"anal area\",\n                \"Quality of\": \"intense and persistent itchiness, inflammation, recurring burning sensation\",\n                \"temporalisation\": \"chronic issue (ongoing for the past four months)\"\n            },\n            \"When did the symptom appear\": \"four months ago\",\n            \"previous treatments\": \"over-the-counter creams and ointments\",\n            \"reaction to previous treatments\": \"no long-term relief\",\n            \"behaviour affecting the symptom\": \"uses scented wet wipes for hygiene\"\n        },\n        {\n            \"name of the symptom\": \"anal bleeding\",\n            \"intensity of symptom\": \"\",\n            \"specific attributes of the symptom\": {\n                \"location\": \"anal area\",\n                \"Quality of\": \"occasional\",\n                \"temporalisation\": \"associated with anal itching\"\n            },\n            \"When did the symptom appear\": \"along with anal itching\",\n            \"previous treatments\": \"\",\n            \"reaction to previous treatments\": \"\",\n            \"behaviour affecting the symptom\": \"\"\n        },\n        {\n            \"name of the symptom\": \"stool leakage\",\n            \"intensity of symptom\": \"\",\n            \"specific attributes of the symptom\": {\n                \"location\": \"\",\n                \"Quality of\": \"occasional\",\n                \"temporalisation\": \"associated with anal itching\"\n            },\n            \"When did the symptom appear\": \"along with anal itching\",\n            \"previous treatments\": \"\",\n            \"reaction to previous treatments\": \"\",\n            \"behaviour affecting the symptom\": \"\"\n        }\n    ],\n    \"socio economic context\": {},\n    \"geographic_context\": {\n        \"location\": \"\",\n        \"recent travels\": \"\",\n        \"level of care\": \"\"\n    },\n    \"physiological context\": {},\n    \"psychological context\": {},\n    \"personal medical_history\": {},\n    \"family medical_history\": {},\n    \"current medication\": {},\n    \"lifestyle factors\": {},\n    \"results of recent medical tests\": {}\n}"}