{"condition_name": "Iritis", "guideline": "guideline_mayo.jsonl_557.json", "patient_nb": "2", "structured_patient": "{\n    \"symptoms\": [\n        {\n            \"name of the symptom\": \"eye redness\",\n            \"intensity of symptom\": \"mild\",\n            \"specific attributes of the symptom\": {\n                \"location\": \"in both eyes\",\n                \"Quality of\": \"achiness\",\n                \"temporalisation\": \"acute onset\"\n            },\n            \"When did the symptom appear\": \"two days ago\",\n            \"previous treatments\": \"unknown\",\n            \"reaction to previous treatments\": \"unknown\",\n            \"behaviour affecting the symptom\": \"unknown\"\n        },\n        {\n            \"name of the symptom\": \"discomfort\",\n            \"intensity of symptom\": \"mild\",\n            \"specific attributes of the symptom\": {\n                \"location\": \"in both eyes\",\n                \"Quality of\": \"achiness\",\n                \"temporalisation\": \"acute onset\"\n            },\n            \"When did the symptom appear\": \"two days ago\",\n            \"previous treatments\": \"unknown\",\n            \"reaction to previous treatments\": \"unknown\",\n            \"behaviour affecting the symptom\": \"unknown\"\n        },\n        {\n            \"name of the symptom\": \"heightened sensitivity to light\",\n            \"intensity of symptom\": \"unknown\",\n            \"specific attributes of the symptom\": {\n                \"location\": \"in both eyes\",\n                \"Quality of\": \"unknown\",\n                \"temporalisation\": \"unknown\"\n            },\n            \"When did the symptom appear\": \"two days ago\",\n            \"previous treatments\": \"unknown\",\n            \"reaction to previous treatments\": \"unknown\",\n            \"behaviour affecting the symptom\": \"unknown\"\n        }\n    ],\n    \"socio economic context\": {},\n    \"geographic_context\": {\n        \"location\": \"\",\n        \"recent travels\": \"\",\n        \"level of care\": \"\"\n    },\n    \"physiological context\": {},\n    \"psychological context\": {},\n    \"personal medical_history\": {\n        \"repeated information for multiple symptoms\": \"history of recurrent eye redness and light sensitivity\"\n    },\n    \"family medical_history\": {},\n    \"current medication\": {},\n    \"lifestyle factors\": {},\n    \"results of recent medical tests\": {}\n}"}