{"condition_name": "Cataract", "guideline": "guideline_nice.jsonl_1438.json", "patient_nb": "3", "structured_patient": "{\n    \"symptoms\": [\n        {\n            \"name of the symptom\": \"Decline in vision\",\n            \"intensity of symptom\": \"Not specified\",\n            \"specific attributes of the symptom\": {\n                \"location\": \"Central visual field\",\n                \"Quality of\": \"Blurriness and distortion\",\n                \"temporalisation\": \"Gradual worsening over the past year\"\n            },\n            \"When did the symptom appear\": \"Over the past year\",\n            \"previous treatments\": \"Treatment for macular degeneration, including anti-VEGF injections\",\n            \"reaction to previous treatments\": \"Visual symptoms persisted\",\n            \"behaviour affecting the symptom\": \"Not specified\"\n        },\n        {\n            \"name of the symptom\": \"Difficulty reading\",\n            \"intensity of symptom\": \"Not specified\",\n            \"specific attributes of the symptom\": {\n                \"location\": \"Central visual field\",\n                \"Quality of\": \"Impaired reading ability\",\n                \"temporalisation\": \"Gradual worsening over the past year\"\n            },\n            \"When did the symptom appear\": \"Over the past year\",\n            \"previous treatments\": \"Treatment for macular degeneration, including anti-VEGF injections\",\n            \"reaction to previous treatments\": \"Visual symptoms persisted\",\n            \"behaviour affecting the symptom\": \"Not specified\"\n        },\n        {\n            \"name of the symptom\": \"Difficulty recognizing faces\",\n            \"intensity of symptom\": \"Not specified\",\n            \"specific attributes of the symptom\": {\n                \"location\": \"Central visual field\",\n                \"Quality of\": \"Impaired face recognition\",\n                \"temporalisation\": \"Gradual worsening over the past year\"\n            },\n            \"When did the symptom appear\": \"Over the past year\",\n            \"previous treatments\": \"Treatment for macular degeneration, including anti-VEGF injections\",\n            \"reaction to previous treatments\": \"Visual symptoms persisted\",\n            \"behaviour affecting the symptom\": \"Not specified\"\n        },\n        {\n            \"name of the symptom\": \"Persistent blurriness\",\n            \"intensity of symptom\": \"Tolerable\",\n            \"specific attributes of the symptom\": {\n                \"location\": \"Not specified\",\n                \"Quality of\": \"Blurriness\",\n                \"temporalisation\": \"Persistent\"\n            },\n            \"When did the symptom appear\": \"Not specified\",\n            \"previous treatments\": \"Not specified\",\n            \"reaction to previous treatments\": \"Not applicable\",\n            \"behaviour affecting the symptom\": \"Not specified\"\n        },\n        {\n            \"name of the symptom\": \"Distorted vision\",\n            \"intensity of symptom\": \"Tolerable\",\n            \"specific attributes of the symptom\": {\n                \"location\": \"Not specified\",\n                \"Quality of\": \"Distortion\",\n                \"temporalisation\": \"Persistent\"\n            },\n            \"When did the symptom appear\": \"Not specified\",\n            \"previous treatments\": \"Not specified\",\n            \"reaction to previous treatments\": \"Not applicable\",\n            \"behaviour affecting the symptom\": \"Not specified\"\n        }\n    ],\n    \"socio economic context\": {},\n    \"geographic_context\": {\n        \"location\": \"\",\n        \"recent travels\": \"\",\n        \"level of care\": \"\"\n    },\n    \"physiological context\": {},\n    \"psychological context\": {},\n    \"personal medical_history\": {\n        \"age-related macular degeneration\": \"Present\"\n    },\n    \"family medical_history\": {},\n    \"current medication\": {},\n    \"lifestyle factors\": {},\n    \"results of recent medical tests\": {}\n}"}