{"condition_name": "Hypomagnesaemia", "guideline": "guideline_rch.jsonl_232.json", "patient_nb": "1", "structured_patient": "{\n  \"symptoms\": [\n    {\n      \"name of the symptom\": \"muscle tremors\",\n      \"intensity of symptom\": \"not specified\",\n      \"specific attributes of the symptom\": {\n        \"location\": \"muscles\",\n        \"Quality of\": \"shaking or rhythmic oscillations\",\n        \"temporalisation\": \"persistent or intermittent\"\n      },\n      \"When did the symptom appear\": \"not specified\",\n      \"previous treatments\": \"unknown\",\n      \"reaction to previous treaments\": \"unknown\",\n      \"behaviour affecting the symptom\": \"unknown\"\n    },\n    {\n      \"name of the symptom\": \"hyperreflexia\",\n      \"intensity of symptom\": \"not specified\",\n      \"specific attributes of the symptom\": {\n        \"location\": \"muscles\",\n        \"Quality of\": \"exaggerated reflex responses\",\n        \"temporalisation\": \"persistent\"\n      },\n      \"When did the symptom appear\": \"not specified\",\n      \"previous treatments\": \"unknown\",\n      \"reaction to previous treaments\": \"unknown\",\n      \"behaviour affecting the symptom\": \"unknown\"\n    },\n    {\n      \"name of the symptom\": \"muscle weakness\",\n      \"intensity of symptom\": \"6/10\",\n      \"specific attributes of the symptom\": {\n        \"location\": \"muscles\",\n        \"Quality of\": \"reduced strength\",\n        \"temporalisation\": \"persistent or intermittent\"\n      },\n      \"When did the symptom appear\": \"not specified\",\n      \"previous treatments\": \"unknown\",\n      \"reaction to previous treaments\": \"unknown\",\n      \"behaviour affecting the symptom\": \"unknown\"\n    },\n    {\n      \"name of the symptom\": \"muscle pain\",\n      \"intensity of symptom\": \"6/10\",\n      \"specific attributes of the symptom\": {\n        \"location\": \"muscles\",\n        \"Quality of\": \"aching or discomfort\",\n        \"temporalisation\": \"persistent\"\n      },\n      \"When did the symptom appear\": \"not specified\",\n      \"previous treatments\": \"unknown\",\n      \"reaction to previous treaments\": \"unknown\",\n      \"behaviour affecting the symptom\": \"unknown\"\n    },\n    {\n      \"name of the symptom\": \"paraesthesia\",\n      \"intensity of symptom\": \"not specified\",\n      \"specific attributes of the symptom\": {\n        \"location\": \"not specified\",\n        \"Quality of\": \"abnormal sensation or tingling\",\n        \"temporalisation\": \"persistent or intermittent\"\n      },\n      \"When did the symptom appear\": \"not specified\",\n      \"previous treatments\": \"unknown\",\n      \"reaction to previous treaments\": \"unknown\",\n      \"behaviour affecting the symptom\": \"unknown\"\n    },\n    {\n      \"name of the symptom\": \"palpitations\",\n      \"intensity of symptom\": \"not specified\",\n      \"specific attributes of the symptom\": {\n        \"location\": \"heart\",\n        \"Quality of\": \"awareness of heartbeat\",\n        \"temporalisation\": \"intermittent\"\n      },\n      \"When did the symptom appear\": \"not specified\",\n      \"previous treatments\": \"unknown\",\n      \"reaction to previous treaments\": \"unknown\",\n      \"behaviour affecting the symptom\": \"unknown\"\n    }\n  ],\n  \"socio economic context\": {},\n  \"geographic_context\": {\n    \"location\": \"\",\n    \"recent travels\": \"\",\n    \"level of care\": \"\"\n  },\n  \"physiological context\": {},\n  \"psychological context\": {},\n  \"personal medical_history\": {},\n  \"family medical_history\": {},\n  \"current medication\": {},\n  \"lifestyle factors\": {},\n  \"results of recent medical tests\": {\n    \"ECG\": \"prolonged QT interval\"\n  }\n}"}