{"condition_name": "Gastro-oesophageal reflux disease (GORD)", "guideline": "guideline_nice.jsonl_1484.json", "patient_nb": "1", "structured_patient": "{\n  \"symptoms\": [\n    {\n      \"name of the symptom\": \"frequent heartburn\",\n      \"intensity of symptom\": \"6/10\",\n      \"specific attributes of the symptom\": {\n        \"location\": \"behind the sternum\",\n        \"Quality of\": \"burning sensation\",\n        \"temporalisation\": \"worsens after meals and when lying down\"\n      },\n      \"When did the symptom appear\": \"\",\n      \"previous treatments\": \"lifestyle modifications, over-the-counter antacids\",\n      \"reaction to previous treaments\": \"symptoms persist\",\n      \"behaviour affecting the symptom\": \"eating meals, lying down\"\n    },\n    {\n      \"name of the symptom\": \"regurgitation of gastric contents\",\n      \"intensity of symptom\": \"\",\n      \"specific attributes of the symptom\": {\n        \"location\": \"mouth\",\n        \"Quality of\": \"sour-tasting\",\n        \"temporalisation\": \"\"\n      },\n      \"When did the symptom appear\": \"\",\n      \"previous treatments\": \"lifestyle modifications, over-the-counter antacids\",\n      \"reaction to previous treaments\": \"symptoms persist\",\n      \"behaviour affecting the symptom\": \"eating meals, lying down\"\n    },\n    {\n      \"name of the symptom\": \"waterbrash\",\n      \"intensity of symptom\": \"\",\n      \"specific attributes of the symptom\": {\n        \"location\": \"\",\n        \"Quality of\": \"unpleasant sensation\",\n        \"temporalisation\": \"\"\n      },\n      \"When did the symptom appear\": \"\",\n      \"previous treatments\": \"lifestyle modifications, over-the-counter antacids\",\n      \"reaction to previous treaments\": \"symptoms persist\",\n      \"behaviour affecting the symptom\": \"eating meals, lying down\"\n    },\n    {\n      \"name of the symptom\": \"retrosternal chest pain\",\n      \"intensity of symptom\": \"5/10\",\n      \"specific attributes of the symptom\": {\n        \"location\": \"retrosternal\",\n        \"Quality of\": \"pain\",\n        \"temporalisation\": \"intermittent\"\n      },\n      \"When did the symptom appear\": \"\",\n      \"previous treatments\": \"lifestyle modifications, over-the-counter antacids\",\n      \"reaction to previous treaments\": \"symptoms persist\",\n      \"behaviour affecting the symptom\": \"eating meals, lying down\"\n    },\n    {\n      \"name of the symptom\": \"odynophagia\",\n      \"intensity of symptom\": \"\",\n      \"specific attributes of the symptom\": {\n        \"location\": \"\",\n        \"Quality of\": \"painful swallowing\",\n        \"temporalisation\": \"occasional\"\n      },\n      \"When did the symptom appear\": \"\",\n      \"previous treatments\": \"lifestyle modifications, over-the-counter antacids\",\n      \"reaction to previous treaments\": \"symptoms persist\",\n      \"behaviour affecting the symptom\": \"eating meals, lying down\"\n    }\n  ],\n  \"socio economic context\": {},\n  \"geographic_context\": {\n    \"location\": \"\",\n    \"recent travels\": \"\",\n    \"level of care\": \"\"\n  },\n  \"physiological context\": {},\n  \"psychological context\": {},\n  \"personal medical_history\": {},\n  \"family medical_history\": {},\n  \"current medication\": {},\n  \"lifestyle factors\": {},\n  \"results of recent medical tests\": {}\n}"}