{"condition_name": "Skin cancer", "guideline": "guideline_usp.jsonl_70.json", "patient_nb": "3", "structured_patient": "{\n    \"symptoms\": [\n        {\n            \"name of the symptom\": \"new pigmented skin lesion\",\n            \"intensity of symptom\": \"\",\n            \"specific attributes of the symptom\": {\n                \"location\": \"lower leg\",\n                \"Quality of\": \"irregular borders, rapid changes in coloration\",\n                \"temporalisation\": \"\"\n            },\n            \"When did the symptom appear\": \"\",\n            \"previous treatments\": \"\",\n            \"reaction to previous treaments\": \"\",\n            \"behaviour affecting the symptom\": \"extended periods outdoors without adequate sun protection\"\n        }\n    ],\n    \"socio economic context\": {},\n    \"geographic_context\": {\n        \"location\": \"\",\n        \"recent travels\": \"\",\n        \"level of care\": \"\"\n    },\n    \"physiological context\": {},\n    \"psychological context\": {},\n    \"personal medical_history\": {\n        \"immunosuppressive therapy\": \"due to transplant\",\n        \"increased number of atypical nevi on the skin\"\n    },\n    \"family medical_history\": {},\n    \"current medication\": {},\n    \"lifestyle factors\": {\n        \"sun protection practices\": \"inadequate\"\n    },\n    \"results of recent medical tests\": {}\n}"}