{"condition_name": "Pulmonary Arterial Hypertension", "guideline": "guideline_gc.jsonl_384.json", "patient_nb": "1", "structured_patient": "{\n    \"symptoms\": [\n        {\n            \"name of the symptom\": \"dizziness\",\n            \"intensity of symptom\": \"recurrent\",\n            \"specific attributes of the symptom\": {\n                \"location\": \"\",\n                \"Quality of\": \"feeling lightheaded or unsteady\",\n                \"temporalisation\": \"appears during routine activities\"\n            },\n            \"When did the symptom appear\": \"\",\n            \"previous treatments\": \"\",\n            \"reaction to previous treatments\": \"\",\n            \"behaviour affecting the symptom\": \"\"\n        },\n        {\n            \"name of the symptom\": \"shortness of breath\",\n            \"intensity of symptom\": \"recurrent\",\n            \"specific attributes of the symptom\": {\n                \"location\": \"\",\n                \"Quality of\": \"breathlessness\",\n                \"temporalisation\": \"appears during routine activities\"\n            },\n            \"When did the symptom appear\": \"\",\n            \"previous treatments\": \"\",\n            \"reaction to previous treatments\": \"\",\n            \"behaviour affecting the symptom\": \"\"\n        },\n        {\n            \"name of the symptom\": \"exercise intolerance\",\n            \"intensity of symptom\": \"decreased exercise capacity\",\n            \"specific attributes of the symptom\": {\n                \"location\": \"\",\n                \"Quality of\": \"fatigue and breathlessness\",\n                \"temporalisation\": \"\"\n            },\n            \"When did the symptom appear\": \"\",\n            \"previous treatments\": \"\",\n            \"reaction to previous treatments\": \"\",\n            \"behaviour affecting the symptom\": \"\"\n        }\n    ],\n    \"socio economic context\": {},\n    \"geographic_context\": {\n        \"location\": \"\",\n        \"recent travels\": \"\",\n        \"level of care\": \"\"\n    },\n    \"physiological context\": {},\n    \"psychological context\": {},\n    \"personal medical_history\": {},\n    \"family medical_history\": {},\n    \"current medication\": {},\n    \"lifestyle factors\": {},\n    \"results of recent medical tests\": {\n        \"echocardiographic assessment\": {\n            \"results\": \"right ventricular dysfunction, right ventricular hypertrophy, right ventricular dilation\"\n        },\n        \"laboratory findings\": {\n            \"elevated levels\": \"brain natriuretic peptide (BNP)\"\n        },\n        \"hemodynamic profile\": {\n            \"mean pulmonary arterial pressure\": \"increased\"\n        }\n    }\n}"}