{"condition_name": "Refractive errors following non-refractive ophthalmic surgery", "guideline": "guideline_nice.jsonl_1284.json", "patient_nb": "2", "structured_patient": "{\n  \"symptoms\": [\n    {\n      \"name of the symptom\": \"gradual improvement in visual acuity\",\n      \"intensity of symptom\": \"moderate\",\n      \"specific attributes of the symptom\": {\n        \"location\": \"both eyes\",\n        \"Quality of\": \"improved clarity\",\n        \"temporalisation\": \"gradual\"\n      },\n      \"When did the symptom appear\": \"post-surgery\",\n      \"previous treatments\": \"\",\n      \"reaction to previous treatments\": \"\",\n      \"behaviour affecting the symptom\": \"\"\n    },\n    {\n      \"name of the symptom\": \"dryness\",\n      \"intensity of symptom\": \"moderate\",\n      \"specific attributes of the symptom\": {\n        \"location\": \"both eyes\",\n        \"Quality of\": \"sensation of dryness\",\n        \"temporalisation\": \"persistent\"\n      },\n      \"When did the symptom appear\": \"post-surgery\",\n      \"previous treatments\": \"\",\n      \"reaction to previous treatments\": \"\",\n      \"behaviour affecting the symptom\": \"\"\n    },\n    {\n      \"name of the symptom\": \"discomfort\",\n      \"intensity of symptom\": \"occasional\",\n      \"specific attributes of the symptom\": {\n        \"location\": \"\",\n        \"Quality of\": \"discomfort and irritation\",\n        \"temporalisation\": \"episodic\"\n      },\n      \"When did the symptom appear\": \"post-surgery\",\n      \"previous treatments\": \"\",\n      \"reaction to previous treatments\": \"\",\n      \"behaviour affecting the symptom\": \"\"\n    }\n  ],\n  \"socio economic context\": {},\n  \"geographic_context\": {\n    \"location\": \"\",\n    \"recent travels\": \"\",\n    \"level of care\": \"\"\n  },\n  \"physiological context\": {},\n  \"psychological context\": {},\n  \"personal medical_history\": {\n    \"recurrent epithelial erosion syndrome\": \"history of\",\n    \"interface debris\": \"observed\"\n  },\n  \"family medical_history\": {},\n  \"current medication\": {},\n  \"lifestyle factors\": {},\n  \"results of recent medical tests\": {}\n}"}