{"condition_name": "Anal Fissures", "guideline": "guideline_gc.jsonl_456.json", "patient_nb": "2", "structured_patient": "{\n    \"symptoms\": [\n        {\n            \"name of the symptom\": \"sharp, tearing pain during bowel movements\",\n            \"intensity of symptom\": \"6/10\",\n            \"specific attributes of the symptom\": {\n                \"location\": \"localized to the anal area\",\n                \"Quality of\": \"sharp, tearing\",\n                \"temporalisation\": \"lingers for a few hours post-defecation\"\n            },\n            \"When did the symptom appear\": \"last four weeks\",\n            \"previous treatments\": \"\",\n            \"reaction to previous treatments\": \"\",\n            \"behaviour affecting the symptom\": \"increased anxiety and avoidance of bowel movements\"\n        },\n        {\n            \"name of the symptom\": \"recurrent episodes of bleeding\",\n            \"intensity of symptom\": \"\",\n            \"specific attributes of the symptom\": {\n                \"location\": \"visible bright red blood on toilet tissue and in the stool\",\n                \"Quality of\": \"\",\n                \"temporalisation\": \"\"\n            },\n            \"When did the symptom appear\": \"last four weeks\",\n            \"previous treatments\": \"\",\n            \"reaction to previous treatments\": \"\",\n            \"behaviour affecting the symptom\": \"\"\n        }\n    ],\n    \"socio economic context\": {},\n    \"geographic_context\": {\n        \"location\": \"\",\n        \"recent travels\": \"\",\n        \"level of care\": \"\"\n    },\n    \"physiological context\": {},\n    \"psychological context\": {},\n    \"personal medical_history\": {\n        \"history of irritable bowel syndrome (IBS)\": \"\"\n    },\n    \"family medical_history\": {},\n    \"current medication\": {},\n    \"lifestyle factors\": {\n        \"high-fiber diet\": \"\",\n        \"hydration\": \"\"\n    },\n    \"results of recent medical tests\": {}\n}"}