{"condition_name": "Schizoaffective disorder", "guideline": "guideline_mayo.jsonl_895.json", "patient_nb": "3", "structured_patient": "{\n    \"symptoms\": [\n        {\n            \"name of the symptom\": \"Persistent and distressing hallucinations\",\n            \"intensity of symptom\": \"Unknown\",\n            \"specific attributes of the symptom\": {\n                \"location\": \"Auditory\",\n                \"Quality of\": \"N/A\",\n                \"temporalisation\": \"Persistent\"\n            },\n            \"When did the symptom appear\": \"Not specified\",\n            \"previous treatments\": \"Not specified\",\n            \"reaction to previous treatments\": \"Not specified\",\n            \"behaviour affecting the symptom\": \"N/A\"\n        },\n        {\n            \"name of the symptom\": \"Delusions of grandeur\",\n            \"intensity of symptom\": \"Unknown\",\n            \"specific attributes of the symptom\": {\n                \"location\": \"N/A\",\n                \"Quality of\": \"Grandiosity\",\n                \"temporalisation\": \"Persistent\"\n            },\n            \"When did the symptom appear\": \"Not specified\",\n            \"previous treatments\": \"Not specified\",\n            \"reaction to previous treatments\": \"Not specified\",\n            \"behaviour affecting the symptom\": \"N/A\"\n        },\n        {\n            \"name of the symptom\": \"Delusions of persecution\",\n            \"intensity of symptom\": \"Unknown\",\n            \"specific attributes of the symptom\": {\n                \"location\": \"N/A\",\n                \"Quality of\": \"Paranoia\",\n                \"temporalisation\": \"Persistent\"\n            },\n            \"When did the symptom appear\": \"Not specified\",\n            \"previous treatments\": \"Not specified\",\n            \"reaction to previous treatments\": \"Not specified\",\n            \"behaviour affecting the symptom\": \"Confrontations with others\"\n        },\n        {\n            \"name of the symptom\": \"Impaired communication and speech\",\n            \"intensity of symptom\": \"Unknown\",\n            \"specific attributes of the symptom\": {\n                \"location\": \"N/A\",\n                \"Quality of\": \"Disorganized thought patterns and incomprehensible speech\",\n                \"temporalisation\": \"Persistent\"\n            },\n            \"When did the symptom appear\": \"Not specified\",\n            \"previous treatments\": \"Not specified\",\n            \"reaction to previous treatments\": \"Not specified\",\n            \"behaviour affecting the symptom\": \"N/A\"\n        },\n        {\n            \"name of the symptom\": \"Bizarre and unusual behaviors\",\n            \"intensity of symptom\": \"Unknown\",\n            \"specific attributes of the symptom\": {\n                \"location\": \"N/A\",\n                \"Quality of\": \"Bizarre and unusual\",\n                \"temporalisation\": \"Persistent\"\n            },\n            \"When did the symptom appear\": \"Not specified\",\n            \"previous treatments\": \"Not specified\",\n            \"reaction to previous treatments\": \"Not specified\",\n            \"behaviour affecting the symptom\": \"N/A\"\n        },\n        {\n            \"name of the symptom\": \"Feeling empty, sad, and worthless\",\n            \"intensity of symptom\": \"Unknown\",\n            \"specific attributes of the symptom\": {\n                \"location\": \"Emotional\",\n                \"Quality of\": \"Depression\",\n                \"temporalisation\": \"Recurrent\"\n            },\n            \"When did the symptom appear\": \"Not specified\",\n            \"previous treatments\": \"Not specified\",\n            \"reaction to previous treatments\": \"Not specified\",\n            \"behaviour affecting the symptom\": \"N/A\"\n        },\n        {\n            \"name of the symptom\": \"Recurrent periods of manic mood\",\n            \"intensity of symptom\": \"Unknown\",\n            \"specific attributes of the symptom\": {\n                \"location\": \"Emotional\",\n                \"Quality of\": \"Mania\",\n                \"temporalisation\": \"Recurrent\"\n            },\n            \"When did the symptom appear\": \"Not specified\",\n            \"previous treatments\": \"Not specified\",\n            \"reaction to previous treatments\": \"Not specified\",\n            \"behaviour affecting the symptom\": \"N/A\"\n        }\n    ],\n    \"socio economic context\": {},\n    \"geographic_context\": {\n        \"location\": \"\",\n        \"recent travels\": \"\",\n        \"level of care\": \"\"\n    },\n    \"physiological context\": {},\n    \"psychological context\": {},\n    \"personal medical_history\": {},\n    \"family medical_history\": {},\n    \"current medication\": {},\n    \"lifestyle factors\": {},\n    \"results of recent medical tests\": {}\n}"}