{"condition_name": "Giardia infection (giardiasis)", "guideline": "guideline_mayo.jsonl_432.json", "patient_nb": "1", "structured_patient": "{\n    \"symptoms\": [\n        {\n            \"name of the symptom\": \"Persistent watery diarrhea\",\n            \"intensity of symptom\": \"Moderate\",\n            \"specific attributes of the symptom\": {\n                \"location\": \"Gastrointestinal\",\n                \"Quality of\": \"Watery, greasy\",\n                \"temporalisation\": \"Alternates with soft stools\"\n            },\n            \"When did the symptom appear\": \"Recent\",\n            \"previous treatments\": \"\",\n            \"reaction to previous treaments\": \"\",\n            \"behaviour affecting the symptom\": \"\"\n        },\n        {\n            \"name of the symptom\": \"Foul-smelling diarrhea\",\n            \"intensity of symptom\": \"\",\n            \"specific attributes of the symptom\": {\n                \"location\": \"Gastrointestinal\",\n                \"Quality of\": \"Foul smell\",\n                \"temporalisation\": \"\"\n            },\n            \"When did the symptom appear\": \"Recent\",\n            \"previous treatments\": \"\",\n            \"reaction to previous treaments\": \"\",\n            \"behaviour affecting the symptom\": \"\"\n        },\n        {\n            \"name of the symptom\": \"Stomach cramps\",\n            \"intensity of symptom\": \"Moderate\",\n            \"specific attributes of the symptom\": {\n                \"location\": \"Abdominal\",\n                \"Quality of\": \"Cramping\",\n                \"temporalisation\": \"\"\n            },\n            \"When did the symptom appear\": \"Recent\",\n            \"previous treatments\": \"\",\n            \"reaction to previous treaments\": \"\",\n            \"behaviour affecting the symptom\": \"\"\n        },\n        {\n            \"name of the symptom\": \"Bloating\",\n            \"intensity of symptom\": \"\",\n            \"specific attributes of the symptom\": {\n                \"location\": \"Abdominal\",\n                \"Quality of\": \"Feeling of fullness\",\n                \"temporalisation\": \"\"\n            },\n            \"When did the symptom appear\": \"Recent\",\n            \"previous treatments\": \"\",\n            \"reaction to previous treaments\": \"\",\n            \"behaviour affecting the symptom\": \"\"\n        },\n        {\n            \"name of the symptom\": \"Gas\",\n            \"intensity of symptom\": \"\",\n            \"specific attributes of the symptom\": {\n                \"location\": \"Gastrointestinal\",\n                \"Quality of\": \"Excessive\",\n                \"temporalisation\": \"\"\n            },\n            \"When did the symptom appear\": \"Recent\",\n            \"previous treatments\": \"\",\n            \"reaction to previous treaments\": \"\",\n            \"behaviour affecting the symptom\": \"\"\n        },\n        {\n            \"name of the symptom\": \"Fatigue\",\n            \"intensity of symptom\": \"\",\n            \"specific attributes of the symptom\": {\n                \"location\": \"\",\n                \"Quality of\": \"Feeling tired\",\n                \"temporalisation\": \"\"\n            },\n            \"When did the symptom appear\": \"Recent\",\n            \"previous treatments\": \"\",\n            \"reaction to previous treaments\": \"\",\n            \"behaviour affecting the symptom\": \"\"\n        },\n        {\n            \"name of the symptom\": \"Nausea\",\n            \"intensity of symptom\": \"\",\n            \"specific attributes of the symptom\": {\n                \"location\": \"\",\n                \"Quality of\": \"Feeling of queasiness\",\n                \"temporalisation\": \"\"\n            },\n            \"When did the symptom appear\": \"Recent\",\n            \"previous treatments\": \"\",\n            \"reaction to previous treaments\": \"\",\n            \"behaviour affecting the symptom\": \"\"\n        },\n        {\n            \"name of the symptom\": \"Weight loss\",\n            \"intensity of symptom\": \"Gradual\",\n            \"specific attributes of the symptom\": {\n                \"location\": \"\",\n                \"Quality of\": \"Loss of body weight\",\n                \"temporalisation\": \"Over the past few weeks\"\n            },\n            \"When did the symptom appear\": \"Recent\",\n            \"previous treatments\": \"\",\n            \"reaction to previous treaments\": \"\",\n            \"behaviour affecting the symptom\": \"\"\n        }\n    ],\n    \"socio economic context\": {},\n    \"geographic_context\": {\n        \"location\": \"Unknown\",\n        \"recent travels\": \"Tropical region\",\n        \"level of care\": \"\"\n    },\n    \"physiological context\": {},\n    \"psychological context\": {},\n    \"personal medical_history\": {},\n    \"family medical_history\": {},\n    \"current medication\": {},\n    \"lifestyle factors\": {},\n    \"results of recent medical tests\": {}\n}"}