{"condition_name": "Plantar fasciitis", "guideline": "guideline_nice.jsonl_1198.json", "patient_nb": "1", "structured_patient": "{\n    \"symptoms\": [\n        {\n            \"name of the symptom\": \"Heel pain\",\n            \"intensity of symptom\": \"7/10\",\n            \"specific attributes of the symptom\": {\n                \"location\": \"Underside of right heel\",\n                \"Quality of\": \"Sharp and stabbing\",\n                \"temporalisation\": \"Persistent, ongoing for the past six months\"\n            },\n            \"When did the symptom appear\": \"Six months ago\",\n            \"previous treatments\": \"Over-the-counter orthotic inserts, non-steroidal anti-inflammatory drugs\",\n            \"reaction to previous treaments\": \"No significant improvement\",\n            \"behaviour affecting the symptom\": \"Engagement in high-impact aerobic activities, running\"\n        }\n    ],\n    \"socio economic context\": {},\n    \"geographic_context\": {\n        \"location\": \"\",\n        \"recent travels\": \"\",\n        \"level of care\": \"\"\n    },\n    \"physiological context\": {},\n    \"psychological context\": {},\n    \"personal medical_history\": {},\n    \"family medical_history\": {},\n    \"current medication\": {},\n    \"lifestyle factors\": {},\n    \"results of recent medical tests\": {}\n}"}