{"condition_name": "Wilms tumor", "guideline": "guideline_mayo.jsonl_1092.json", "patient_nb": "2", "structured_patient": "{\n    \"symptoms\": [\n        {\n            \"name of the symptom\": \"enlarging abdominal mass\",\n            \"intensity of symptom\": \"unknown\",\n            \"specific attributes of the symptom\": {\n                \"location\": \"stomach area\",\n                \"Quality of\": \"unknown\",\n                \"temporalisation\": \"progressive\"\n            },\n            \"When did the symptom appear\": \"unknown\",\n            \"previous treatments\": \"unknown\",\n            \"reaction to previous treaments\": \"unknown\",\n            \"behaviour affecting the symptom\": \"unknown\"\n        },\n        {\n            \"name of the symptom\": \"abdominal pain\",\n            \"intensity of symptom\": \"unknown\",\n            \"specific attributes of the symptom\": {\n                \"location\": \"abdominal\",\n                \"Quality of\": \"unknown\",\n                \"temporalisation\": \"unknown\"\n            },\n            \"When did the symptom appear\": \"unknown\",\n            \"previous treatments\": \"unknown\",\n            \"reaction to previous treaments\": \"unknown\",\n            \"behaviour affecting the symptom\": \"unknown\"\n        },\n        {\n            \"name of the symptom\": \"low-grade fever\",\n            \"intensity of symptom\": \"persistent\",\n            \"specific attributes of the symptom\": {\n                \"location\": \"unknown\",\n                \"Quality of\": \"unknown\",\n                \"temporalisation\": \"unknown\"\n            },\n            \"When did the symptom appear\": \"unknown\",\n            \"previous treatments\": \"unknown\",\n            \"reaction to previous treaments\": \"unknown\",\n            \"behaviour affecting the symptom\": \"unknown\"\n        },\n        {\n            \"name of the symptom\": \"blood in urine\",\n            \"intensity of symptom\": \"unknown\",\n            \"specific attributes of the symptom\": {\n                \"location\": \"urinary tract\",\n                \"Quality of\": \"hematuria\",\n                \"temporalisation\": \"unknown\"\n            },\n            \"When did the symptom appear\": \"unknown\",\n            \"previous treatments\": \"unknown\",\n            \"reaction to previous treaments\": \"unknown\",\n            \"behaviour affecting the symptom\": \"unknown\"\n        },\n        {\n            \"name of the symptom\": \"mild hypertension\",\n            \"intensity of symptom\": \"unknown\",\n            \"specific attributes of the symptom\": {\n                \"location\": \"unknown\",\n                \"Quality of\": \"elevated blood pressure\",\n                \"temporalisation\": \"unknown\"\n            },\n            \"When did the symptom appear\": \"unknown\",\n            \"previous treatments\": \"unknown\",\n            \"reaction to previous treaments\": \"unknown\",\n            \"behaviour affecting the symptom\": \"unknown\"\n        }\n    ],\n    \"socio economic context\": {},\n    \"geographic_context\": {\n        \"location\": \"unknown\",\n        \"recent travels\": \"\",\n        \"level of care\": \"\"\n    },\n    \"physiological context\": {},\n    \"psychological context\": {},\n    \"personal medical_history\": {\n        \"aniridia\": \"\"\n    },\n    \"family medical_history\": {\n        \"Wilms tumor\": \"present in family\"\n    },\n    \"current medication\": {},\n    \"lifestyle factors\": {},\n    \"results of recent medical tests\": {}\n}"}