{"condition_name": "Infection caused by improper reprocessing of flexible GI endoscopes", "guideline": "guideline_gc.jsonl_28.json", "patient_nb": "4", "structured_patient": "{\n    \"symptoms\": [\n        {\n            \"name of the symptom\": \"persistent abdominal pain\",\n            \"intensity of symptom\": \"4/10\",\n            \"specific attributes of the symptom\": {\n                \"location\": \"abdomen\",\n                \"Quality of\": \"dull\",\n                \"temporalisation\": \"persistent\"\n            },\n            \"When did the symptom appear\": \"three weeks ago\",\n            \"previous treatments\": \"over-the-counter medications\",\n            \"reaction to previous treaments\": \"symptom not relieved\",\n            \"behaviour affecting the symptom\": \"\"\n        },\n        {\n            \"name of the symptom\": \"low-grade fever\",\n            \"intensity of symptom\": \"\",\n            \"specific attributes of the symptom\": {\n                \"location\": \"\",\n                \"Quality of\": \"occasional\",\n                \"temporalisation\": \"\"\n            },\n            \"When did the symptom appear\": \"recently\",\n            \"previous treatments\": \"\",\n            \"reaction to previous treaments\": \"\",\n            \"behaviour affecting the symptom\": \"\"\n        }\n    ],\n    \"socio economic context\": {},\n    \"geographic_context\": {\n        \"location\": \"\",\n        \"recent travels\": \"\",\n        \"level of care\": \"\"\n    },\n    \"physiological context\": {},\n    \"psychological context\": {},\n    \"personal medical_history\": {\n        \"underwent endoscopy\": \"yes\"\n    },\n    \"family medical_history\": {},\n    \"current medication\": {},\n    \"lifestyle factors\": {},\n    \"results of recent medical tests\": {\n        \"endoscopy\": \"performed\"\n    }\n}"}