{"condition_name": "Ectropion", "guideline": "guideline_mayo.jsonl_343.json", "patient_nb": "2", "structured_patient": "{\n    \"symptoms\": [\n        {\n            \"name of the symptom\": \"excessive tearing\",\n            \"intensity of symptom\": \"\",\n            \"specific attributes of the symptom\": {\n                \"location\": \"affected eye\",\n                \"Quality of\": \"excessive tear production\",\n                \"temporalisation\": \"often followed by episodes of excessive dryness and irritation\"\n            },\n            \"When did the symptom appear\": \"\",\n            \"previous treatments\": \"use of lubricating eye drops\",\n            \"reaction to previous treatments\": \"\",\n            \"behaviour affecting the symptom\": \"prolonged reading or screen time\"\n        },\n        {\n            \"name of the symptom\": \"rapidly increasing redness\",\n            \"intensity of symptom\": \"\",\n            \"specific attributes of the symptom\": {\n                \"location\": \"eye\",\n                \"Quality of\": \"redness\",\n                \"temporalisation\": \"especially after prolonged periods of reading or screen time\"\n            },\n            \"When did the symptom appear\": \"\",\n            \"previous treatments\": \"use of lubricating eye drops\",\n            \"reaction to previous treatments\": \"\",\n            \"behaviour affecting the symptom\": \"prolonged reading or screen time\"\n        },\n        {\n            \"name of the symptom\": \"progressively decreasing vision\",\n            \"intensity of symptom\": \"\",\n            \"specific attributes of the symptom\": {\n                \"location\": \"affected eye\",\n                \"Quality of\": \"visual acuity\",\n                \"temporalisation\": \"progressively\"\n            },\n            \"When did the symptom appear\": \"\",\n            \"previous treatments\": \"use of lubricating eye drops\",\n            \"reaction to previous treatments\": \"\",\n            \"behaviour affecting the symptom\": \"not specified\"\n        }\n    ],\n    \"socio economic context\": {},\n    \"geographic_context\": {\n        \"location\": \"\",\n        \"recent travels\": \"\",\n        \"level of care\": \"\"\n    },\n    \"physiological context\": {},\n    \"psychological context\": {},\n    \"personal medical_history\": {\n        \"history of\": [\n            \"ocular trauma\",\n            \"multiple ocular surgeries\"\n        ],\n        \"specific surgeries and treatments undergone\": \"not specified\"\n    },\n    \"family medical_history\": {},\n    \"current medication\": {},\n    \"lifestyle factors\": {},\n    \"results of recent medical tests\": {}\n}"}