{"condition_name": "Intrinsic Circadian Rhythm Sleep-Wake Disorders", "guideline": "guideline_gc.jsonl_281.json", "patient_nb": "6", "structured_patient": "{\n    \"symptoms\": [\n        {\n            \"name of the symptom\": \"disturbed sleep pattern\",\n            \"intensity of symptom\": \"\",\n            \"specific attributes of the symptom\": {\n                \"location\": \"\",\n                \"Quality of\": \"fragmented sleep-wake cycle\",\n                \"temporalisation\": \"multiple naps and nighttime awakenings\"\n            },\n            \"When did the symptom appear\": \"\",\n            \"previous treatments\": \"\",\n            \"reaction to previous treaments\": \"\",\n            \"behaviour affecting the symptom\": \"napping for short intervals, irregular sleep-wake rhythm\"\n        },\n        {\n            \"name of the symptom\": \"confusion\",\n            \"intensity of symptom\": \"\",\n            \"specific attributes of the symptom\": {\n                \"location\": \"\",\n                \"Quality of\": \"disorientation\",\n                \"temporalisation\": \"during nighttime awakenings\"\n            },\n            \"When did the symptom appear\": \"\",\n            \"previous treatments\": \"\",\n            \"reaction to previous treaments\": \"\",\n            \"behaviour affecting the symptom\": \"\"\n        }\n    ],\n    \"socio economic context\": {},\n    \"geographic_context\": {\n        \"location\": \"long-term care facility\",\n        \"recent travels\": \"\",\n        \"level of care\": \"\"\n    },\n    \"physiological context\": {},\n    \"psychological context\": {},\n    \"personal medical_history\": {\n        \"dementia\": \"documented history\"\n    },\n    \"family medical_history\": {},\n    \"current medication\": {},\n    \"lifestyle factors\": {},\n    \"results of recent medical tests\": {}\n}"}