{"condition_name": "", "guideline": "guideline_rch.jsonl_309.json", "patient_nb": "1", "structured_patient": "{\n  \"symptoms\": [\n    {\n      \"name of the symptom\": \"lower back pain\",\n      \"intensity of symptom\": \"5/10\",\n      \"specific attributes of the symptom\": {\n        \"location\": \"lower back\",\n        \"Quality of\": \"dull ache\",\n        \"temporalisation\": \"persistent\"\n      },\n      \"When did the symptom appear\": \"\",\n      \"previous treatments\": \"regular stretching exercises, over-the-counter nonsteroidal anti-inflammatory drugs\",\n      \"reaction to previous treatments\": \"symptoms have not subsided\",\n      \"behaviour affecting the symptom\": \"prolonged standing, heavy lifting\"\n    },\n    {\n      \"name of the symptom\": \"numbness\",\n      \"intensity of symptom\": \"\",\n      \"specific attributes of the symptom\": {\n        \"location\": \"right leg\",\n        \"Quality of\": \"tingling sensation\",\n        \"temporalisation\": \"intermittent\"\n      },\n      \"When did the symptom appear\": \"\",\n      \"previous treatments\": \"regular stretching exercises, over-the-counter nonsteroidal anti-inflammatory drugs\",\n      \"reaction to previous treatments\": \"symptoms have not subsided\",\n      \"behaviour affecting the symptom\": \"prolonged standing, heavy lifting\"\n    }\n  ],\n  \"socio economic context\": {},\n  \"geographic_context\": {\n    \"location\": \"\",\n    \"recent travels\": \"\",\n    \"level of care\": \"\"\n  },\n  \"physiological context\": {},\n  \"psychological context\": {},\n  \"personal medical_history\": {\n    \"occupational exposure\": \"repetitive heavy lifting\",\n    \"sedentary lifestyle\": \"outside of work\"\n  },\n  \"family medical_history\": {},\n  \"current medication\": {},\n  \"lifestyle factors\": {},\n  \"results of recent medical tests\": {}\n}"}