{"condition_name": "Healthcare-Associated Infections A", "guideline": "guideline_gc.jsonl_789.json", "patient_nb": "3", "structured_patient": "{\n    \"symptoms\": [\n        {\n            \"name of the symptom\": \"fever\",\n            \"intensity of symptom\": \"\",\n            \"specific attributes of the symptom\": {\n                \"location\": \"\",\n                \"Quality of\": \"high temperature\",\n                \"temporalisation\": \"continuous\"\n            },\n            \"When did the symptom appear\": \"after the third day of ventilation\",\n            \"previous treatments\": \"\",\n            \"reaction to previous treaments\": \"\",\n            \"behaviour affecting the symptom\": \"prolonged intubation\"\n        },\n        {\n            \"name of the symptom\": \"purulent sputum\",\n            \"intensity of symptom\": \"\",\n            \"specific attributes of the symptom\": {\n                \"location\": \"respiratory system\",\n                \"Quality of\": \"presence of pus\",\n                \"temporalisation\": \"continuous\"\n            },\n            \"When did the symptom appear\": \"after the third day of ventilation\",\n            \"previous treatments\": \"\",\n            \"reaction to previous treaments\": \"\",\n            \"behaviour affecting the symptom\": \"prolonged intubation\"\n        },\n        {\n            \"name of the symptom\": \"new or progressive infiltrate on chest X-ray\",\n            \"intensity of symptom\": \"\",\n            \"specific attributes of the symptom\": {\n                \"location\": \"chest\",\n                \"Quality of\": \"infiltration/opacity\",\n                \"temporalisation\": \"continuous\"\n            },\n            \"When did the symptom appear\": \"after the third day of ventilation\",\n            \"previous treatments\": \"\",\n            \"reaction to previous treaments\": \"\",\n            \"behaviour affecting the symptom\": \"prolonged intubation\"\n        },\n        {\n            \"name of the symptom\": \"respiratory distress\",\n            \"intensity of symptom\": \"\",\n            \"specific attributes of the symptom\": {\n                \"location\": \"respiratory system\",\n                \"Quality of\": \"difficulty breathing\",\n                \"temporalisation\": \"continuous\"\n            },\n            \"When did the symptom appear\": \"after the third day of ventilation\",\n            \"previous treatments\": \"\",\n            \"reaction to previous treaments\": \"\",\n            \"behaviour affecting the symptom\": \"prolonged intubation\"\n        }\n    ],\n    \"socio economic context\": {},\n    \"geographic_context\": {\n        \"location\": \"\",\n        \"recent travels\": \"\",\n        \"level of care\": \"intensive care unit\"\n    },\n    \"physiological context\": {},\n    \"psychological context\": {},\n    \"personal medical_history\": {},\n    \"family medical_history\": {},\n    \"current medication\": {},\n    \"lifestyle factors\": {},\n    \"results of recent medical tests\": {}\n}"}