{"condition_name": "Sunburn", "guideline": "guideline_mayo.jsonl_975.json", "patient_nb": "3", "structured_patient": "{\n    \"symptoms\": [\n        {\n            \"name of the symptom\": \"skin discomfort\",\n            \"intensity of symptom\": \"7/10\",\n            \"specific attributes of the symptom\": {\n                \"location\": \"affected areas\",\n                \"Quality of\": \"painful, warm, tender, itchy\",\n                \"temporalisation\": \"following prolonged sun exposure\"\n            },\n            \"When did the symptom appear\": \"following prolonged sun exposure\",\n            \"previous treatments\": \"\",\n            \"reaction to previous treaments\": \"\",\n            \"behaviour affecting the symptom\": \"prolonged sun exposure\"\n        },\n        {\n            \"name of the symptom\": \"headache\",\n            \"intensity of symptom\": \"\",\n            \"specific attributes of the symptom\": {\n                \"location\": \"\",\n                \"Quality of\": \"suggestive of sunburn-related headache\",\n                \"temporalisation\": \"following prolonged sun exposure\"\n            },\n            \"When did the symptom appear\": \"following prolonged sun exposure\",\n            \"previous treatments\": \"\",\n            \"reaction to previous treaments\": \"\",\n            \"behaviour affecting the symptom\": \"prolonged sun exposure\"\n        },\n        {\n            \"name of the symptom\": \"fatigue\",\n            \"intensity of symptom\": \"\",\n            \"specific attributes of the symptom\": {\n                \"location\": \"\",\n                \"Quality of\": \"related to sunburn\",\n                \"temporalisation\": \"following prolonged sun exposure\"\n            },\n            \"When did the symptom appear\": \"following prolonged sun exposure\",\n            \"previous treatments\": \"\",\n            \"reaction to previous treaments\": \"\",\n            \"behaviour affecting the symptom\": \"prolonged sun exposure\"\n        },\n        {\n            \"name of the symptom\": \"nausea\",\n            \"intensity of symptom\": \"\",\n            \"specific attributes of the symptom\": {\n                \"location\": \"\",\n                \"Quality of\": \"related to sunburn\",\n                \"temporalisation\": \"following prolonged sun exposure\"\n            },\n            \"When did the symptom appear\": \"following prolonged sun exposure\",\n            \"previous treatments\": \"\",\n            \"reaction to previous treaments\": \"\",\n            \"behaviour affecting the symptom\": \"prolonged sun exposure\"\n        }\n    ],\n    \"socio economic context\": {},\n    \"geographic_context\": {\n        \"location\": \"\",\n        \"recent travels\": \"\",\n        \"level of care\": \"\"\n    },\n    \"physiological context\": {},\n    \"psychological context\": {},\n    \"personal medical_history\": {},\n    \"family medical_history\": {},\n    \"current medication\": {},\n    \"lifestyle factors\": {},\n    \"results of recent medical tests\": {}\n}"}