{"condition_name": "Lumbar Disc Herniation With Radiculopathy", "guideline": "guideline_gc.jsonl_704.json", "patient_nb": "6", "structured_patient": "{\n  \"symptoms\": [\n    {\n      \"name of the symptom\": \"dull, aching sensation\",\n      \"intensity of symptom\": \"5/10\",\n      \"specific attributes of the symptom\": {\n        \"location\": \"lower back\",\n        \"Quality of\": \"dull, aching\",\n        \"temporalisation\": \"recurring for the past four months\"\n      },\n      \"When did the symptom appear\": \"four months ago\",\n      \"previous treatments\": \"heat packs, gentle stretching exercises\",\n      \"reaction to previous treaments\": \"temporary relief\",\n      \"behaviour affecting the symptom\": \"prolonged standing or walking\"\n    },\n    {\n      \"name of the symptom\": \"tingling\",\n      \"intensity of symptom\": \"\",\n      \"specific attributes of the symptom\": {\n        \"location\": \"right leg (L4 dermatomal distribution)\",\n        \"Quality of\": \"tingling\",\n        \"temporalisation\": \"occurs with pain\"\n      },\n      \"When did the symptom appear\": \"alongside pain\",\n      \"previous treatments\": \"heat packs, gentle stretching exercises\",\n      \"reaction to previous treaments\": \"temporary relief\",\n      \"behaviour affecting the symptom\": \"prolonged standing or walking\"\n    },\n    {\n      \"name of the symptom\": \"numbness\",\n      \"intensity of symptom\": \"\",\n      \"specific attributes of the symptom\": {\n        \"location\": \"right leg (L4 dermatomal distribution)\",\n        \"Quality of\": \"numbness\",\n        \"temporalisation\": \"occurs with pain\"\n      },\n      \"When did the symptom appear\": \"alongside pain\",\n      \"previous treatments\": \"heat packs, gentle stretching exercises\",\n      \"reaction to previous treaments\": \"temporary relief\",\n      \"behaviour affecting the symptom\": \"prolonged standing or walking\"\n    },\n    {\n      \"name of the symptom\": \"muscle weakness\",\n      \"intensity of symptom\": \"mild\",\n      \"specific attributes of the symptom\": {\n        \"location\": \"right leg\",\n        \"Quality of\": \"muscle weakness\",\n        \"temporalisation\": \"\"\n      },\n      \"When did the symptom appear\": \"\",\n      \"previous treatments\": \"heat packs, gentle stretching exercises\",\n      \"reaction to previous treaments\": \"temporary relief\",\n      \"behaviour affecting the symptom\": \"prolonged standing or walking\"\n    }\n  ],\n  \"socio economic context\": {},\n  \"geographic_context\": {\n    \"location\": \"\",\n    \"recent travels\": \"\",\n    \"level of care\": \"\"\n  },\n  \"physiological context\": {},\n  \"psychological context\": {},\n  \"personal medical_history\": {\n    \"occasional episodes of lower back pain\": \"managed conservatively\"\n  },\n  \"family medical_history\": {},\n  \"current medication\": {},\n  \"lifestyle factors\": {},\n  \"results of recent medical tests\": {}\n}"}