{"condition_name": "Leptospirosis", "guideline": "guideline_cdc_diseases.jsonl_22.json", "patient_nb": "1", "structured_patient": "{\n    \"symptoms\": [\n        {\n            \"name of the symptom\": \"fever\",\n            \"intensity of symptom\": \"recurrent\",\n            \"specific attributes of the symptom\": {\n                \"location\": \"\",\n                \"Quality of\": \"\",\n                \"temporalisation\": \"5 days\"\n            },\n            \"When did the symptom appear\": \"5 days ago\",\n            \"previous treatments\": \"\",\n            \"reaction to previous treaments\": \"\",\n            \"behaviour affecting the symptom\": \"engaged in outdoor recreational activities\"\n        },\n        {\n            \"name of the symptom\": \"headache\",\n            \"intensity of symptom\": \"severe\",\n            \"specific attributes of the symptom\": {\n                \"location\": \"\",\n                \"Quality of\": \"7/10\",\n                \"temporalisation\": \"\"\n            },\n            \"When did the symptom appear\": \"5 days ago\",\n            \"previous treatments\": \"\",\n            \"reaction to previous treaments\": \"\",\n            \"behaviour affecting the symptom\": \"engaged in outdoor recreational activities\"\n        },\n        {\n            \"name of the symptom\": \"chills\",\n            \"intensity of symptom\": \"\",\n            \"specific attributes of the symptom\": {\n                \"location\": \"\",\n                \"Quality of\": \"\",\n                \"temporalisation\": \"\"\n            },\n            \"When did the symptom appear\": \"5 days ago\",\n            \"previous treatments\": \"\",\n            \"reaction to previous treaments\": \"\",\n            \"behaviour affecting the symptom\": \"engaged in outdoor recreational activities\"\n        },\n        {\n            \"name of the symptom\": \"muscle aches\",\n            \"intensity of symptom\": \"pronounced\",\n            \"specific attributes of the symptom\": {\n                \"location\": \"calves and lower back\",\n                \"Quality of\": \"\",\n                \"temporalisation\": \"\"\n            },\n            \"When did the symptom appear\": \"5 days ago\",\n            \"previous treatments\": \"\",\n            \"reaction to previous treaments\": \"\",\n            \"behaviour affecting the symptom\": \"engaged in outdoor recreational activities\"\n        },\n        {\n            \"name of the symptom\": \"vomiting\",\n            \"intensity of symptom\": \"\",\n            \"specific attributes of the symptom\": {\n                \"location\": \"\",\n                \"Quality of\": \"\",\n                \"temporalisation\": \"\"\n            },\n            \"When did the symptom appear\": \"5 days ago\",\n            \"previous treatments\": \"\",\n            \"reaction to previous treaments\": \"\",\n            \"behaviour affecting the symptom\": \"\"\n        },\n        {\n            \"name of the symptom\": \"jaundice\",\n            \"intensity of symptom\": \"\",\n            \"specific attributes of the symptom\": {\n                \"location\": \"eyes and skin\",\n                \"Quality of\": \"yellowing\",\n                \"temporalisation\": \"\"\n            },\n            \"When did the symptom appear\": \"5 days ago\",\n            \"previous treatments\": \"\",\n            \"reaction to previous treaments\": \"\",\n            \"behaviour affecting the symptom\": \"\"\n        },\n        {\n            \"name of the symptom\": \"red eyes\",\n            \"intensity of symptom\": \"\",\n            \"specific attributes of the symptom\": {\n                \"location\": \"\",\n                \"Quality of\": \"\",\n                \"temporalisation\": \"\"\n            },\n            \"When did the symptom appear\": \"5 days ago\",\n            \"previous treatments\": \"\",\n            \"reaction to previous treaments\": \"\",\n            \"behaviour affecting the symptom\": \"\"\n        },\n        {\n            \"name of the symptom\": \"stomach pain\",\n            \"intensity of symptom\": \"moderate\",\n            \"specific attributes of the symptom\": {\n                \"location\": \"\",\n                \"Quality of\": \"5/10\",\n                \"temporalisation\": \"\"\n            },\n            \"When did the symptom appear\": \"5 days ago\",\n            \"previous treatments\": \"\",\n            \"reaction to previous treaments\": \"\",\n            \"behaviour affecting the symptom\": \"\"\n        },\n        {\n            \"name of the symptom\": \"diarrhea\",\n            \"intensity of symptom\": \"\",\n            \"specific attributes of the symptom\": {\n                \"location\": \"\",\n                \"Quality of\": \"\",\n                \"temporalisation\": \"\"\n            },\n            \"When did the symptom appear\": \"5 days ago\",\n            \"previous treatments\": \"\",\n            \"reaction to previous treaments\": \"\",\n            \"behaviour affecting the symptom\": \"\"\n        }\n    ],\n    \"socio economic context\": {\n\n    },\n    \"geographic_context\": {\n        \"location\": \"\",\n        \"recent travels\": \"engaged in outdoor recreational activities (swimming, kayaking) in a freshwater body\",\n        \"level of care\": \"\"\n    },\n    \"physiological context\": {\n\n    },\n    \"psychological context\": {\n\n    },\n    \"personal medical_history\": {\n\n    },\n    \"family medical_history\": {\n\n    },\n    \"current medication\": {\n\n    },\n    \"lifestyle factors\": {\n\n    },\n    \"results of recent medical tests\": {\n\n    }\n}"}