{"condition_name": "Nonvalvular atrial fibrillation with high thromboembolic risk who are not suited for long-term oral anticoagulation and who have adequate life expectancy (minimum >1 year) and quality of life to benefit from LAAC", "guideline": "guideline_gc.jsonl_632.json", "patient_nb": "3", "structured_patient": "{\n  \"symptoms\": [\n    {\n      \"name of the symptom\": \"intermittent palpitations\",\n      \"intensity of symptom\": \"4/10\",\n      \"specific attributes of the symptom\": {\n        \"location\": \"\",\n        \"Quality of\": \"\",\n        \"temporalisation\": \"intermittent\"\n      },\n      \"When did the symptom appear\": \"\",\n      \"previous treatments\": \"\",\n      \"reaction to previous treaments\": \"\",\n      \"behaviour affecting the symptom\": \"anxiety during travel\"\n    },\n    {\n      \"name of the symptom\": \"occasional chest pain\",\n      \"intensity of symptom\": \"4/10\",\n      \"specific attributes of the symptom\": {\n        \"location\": \"\",\n        \"Quality of\": \"\",\n        \"temporalisation\": \"occasional\"\n      },\n      \"When did the symptom appear\": \"\",\n      \"previous treatments\": \"\",\n      \"reaction to previous treaments\": \"\",\n      \"behaviour affecting the symptom\": \"anxiety during travel\"\n    }\n  ],\n  \"socio economic context\": {},\n  \"geographic_context\": {\n    \"location\": \"\",\n    \"recent travels\": \"frequent international travel\",\n    \"level of care\": \"\"\n  },\n  \"physiological context\": {},\n  \"psychological context\": {\n    \"Overall quality of life impact\": \"heightened anxiety during travel\"\n  },\n  \"personal medical_history\": {\n    \"history of nonvalvular atrial fibrillation\": \"present\"\n  },\n  \"family medical_history\": {},\n  \"current medication\": {\n    \"oral anticoagulants\": \"concerns about long-term use and medication adherence\"\n  },\n  \"lifestyle factors\": {\n    \"lifestyle as a frequent traveler\": \"looking for treatment options accommodating travel\"\n  },\n  \"results of recent medical tests\": {}\n}"}