{"condition_name": "Tetanus", "guideline": "guideline_rch.jsonl_273.json", "patient_nb": "1", "structured_patient": "{\n    \"symptoms\": [\n        {\n            \"name of the symptom\": \"excruciating pain\",\n            \"intensity of symptom\": \"8/10\",\n            \"specific attributes of the symptom\": {\n                \"location\": \"site of compound fracture in left forearm\",\n                \"Quality of\": \"severe, unbearable\",\n                \"temporalisation\": \"present\"\n            },\n            \"When did the symptom appear\": \"after sustaining the compound fracture\",\n            \"previous treatments\": \"none reported\",\n            \"reaction to previous treatments\": \"n/a\",\n            \"behaviour affecting the symptom\": \"possibly aggravated by delay in seeking medical attention\"\n        },\n        {\n            \"name of the symptom\": \"purulent discharge\",\n            \"intensity of symptom\": \"not applicable\",\n            \"specific attributes of the symptom\": {\n                \"location\": \"site of wound\",\n                \"Quality of\": \"presence of infection\",\n                \"temporalisation\": \"present\"\n            },\n            \"When did the symptom appear\": \"after the work-related accident\",\n            \"previous treatments\": \"none reported\",\n            \"reaction to previous treatments\": \"n/a\",\n            \"behaviour affecting the symptom\": \"n/a\"\n        }\n    ],\n    \"socio economic context\": {},\n    \"geographic_context\": {\n        \"location\": \"not specified\",\n        \"recent travels\": \"not specified\",\n        \"level of care\": \"not specified\"\n    },\n    \"physiological context\": {},\n    \"psychological context\": {},\n    \"personal medical_history\": {\n        \"tetanus immunization history\": \"not up to date\"\n    },\n    \"family medical_history\": {},\n    \"current medication\": {},\n    \"lifestyle factors\": {},\n    \"results of recent medical tests\": {}\n}"}