{"condition_name": "Degenerative Lumbar Spondylolisthesis", "guideline": "guideline_gc.jsonl_916.json", "patient_nb": "1", "structured_patient": "{\n   \"symptoms\":[\n      {\n         \"name of the symptom\":\"Chronic lower back pain\",\n         \"intensity of symptom\":\"Dull ache with intermittent sharp episodes\",\n         \"specific attributes of the symptom\":{\n            \"location\":\"Lumbar region\",\n            \"Quality of\":\"Pain\",\n            \"temporalisation\":\"Ongoing for the past three years, exacerbated during prolonged standing or walking\"\n         },\n         \"When did the symptom appear\":\"\",\n         \"previous treatments\":\"\",\n         \"reaction to previous treaments\":\"\",\n         \"behaviour affecting the symptom\":\"Engagement in physically demanding work\"\n      },\n      {\n         \"name of the symptom\":\"Tingling and numbness\",\n         \"intensity of symptom\":\"Sporadic\",\n         \"specific attributes of the symptom\":{\n            \"location\":\"Bilateral lower extremities\",\n            \"Quality of\":\"Sensation\",\n            \"temporalisation\":\"Correlates with radicular symptoms\"\n         },\n         \"When did the symptom appear\":\"\",\n         \"previous treatments\":\"\",\n         \"reaction to previous treaments\":\"\",\n         \"behaviour affecting the symptom\":\"\"\n      }\n   ],\n   \"socio economic context\":{},\n   \"geographic_context\":{\n      \"location\":\"\",\n      \"recent travels\":\"\",\n      \"level of care\":\"\"\n   },\n   \"physiological context\":{},\n   \"psychological context\":{},\n   \"personal medical_history\":{},\n   \"family medical_history\":{},\n   \"current medication\":{},\n   \"lifestyle factors\":{},\n   \"results of recent medical tests\":{\n      \"lateral radiographs\":\"Showed anterior displacement of one vertebra over the subjacent vertebra\",\n      \"MRI\":\"Showed degenerative changes and stenosis in the lumbar spine\"\n   }\n}"}