{"condition_name": "Molar pregnancy", "guideline": "guideline_mayo.jsonl_653.json", "patient_nb": "3", "structured_patient": "{\n    \"symptoms\": [\n        {\n            \"name of the symptom\": \"vaginal bleeding\",\n            \"intensity of symptom\": \"dark brown to bright red\",\n            \"specific attributes of the symptom\": {\n                \"location\": \"vaginal\",\n                \"Quality of\": \"bleeding\",\n                \"temporalisation\": \"during the first trimester\"\n            },\n            \"When did the symptom appear\": \"\",\n            \"previous treatments\": \"\",\n            \"reaction to previous treaments\": \"\",\n            \"behaviour affecting the symptom\": \"\"\n        },\n        {\n            \"name of the symptom\": \"nausea\",\n            \"intensity of symptom\": \"severe\",\n            \"specific attributes of the symptom\": {\n                \"location\": \"general\",\n                \"Quality of\": \"nausea\",\n                \"temporalisation\": \"\"\n            },\n            \"When did the symptom appear\": \"\",\n            \"previous treatments\": \"\",\n            \"reaction to previous treaments\": \"\",\n            \"behaviour affecting the symptom\": \"vomiting\"\n        },\n        {\n            \"name of the symptom\": \"vomiting\",\n            \"intensity of symptom\": \"severe\",\n            \"specific attributes of the symptom\": {\n                \"location\": \"general\",\n                \"Quality of\": \"vomiting\",\n                \"temporalisation\": \"\"\n            },\n            \"When did the symptom appear\": \"\",\n            \"previous treatments\": \"\",\n            \"reaction to previous treaments\": \"\",\n            \"behaviour affecting the symptom\": \"nausea\"\n        },\n        {\n            \"name of the symptom\": \"pelvic pressure\",\n            \"intensity of symptom\": \"\",\n            \"specific attributes of the symptom\": {\n                \"location\": \"pelvic\",\n                \"Quality of\": \"pressure\",\n                \"temporalisation\": \"\"\n            },\n            \"When did the symptom appear\": \"\",\n            \"previous treatments\": \"\",\n            \"reaction to previous treaments\": \"\",\n            \"behaviour affecting the symptom\": \"\"\n        },\n        {\n            \"name of the symptom\": \"pelvic pain\",\n            \"intensity of symptom\": \"severe\",\n            \"specific attributes of the symptom\": {\n                \"location\": \"pelvic\",\n                \"Quality of\": \"pain\",\n                \"temporalisation\": \"\"\n            },\n            \"When did the symptom appear\": \"\",\n            \"previous treatments\": \"\",\n            \"reaction to previous treaments\": \"\",\n            \"behaviour affecting the symptom\": \"\"\n        },\n        {\n            \"name of the symptom\": \"rapid uterine growth\",\n            \"intensity of symptom\": \"exceeding expected size\",\n            \"specific attributes of the symptom\": {\n                \"location\": \"uterine\",\n                \"Quality of\": \"growth\",\n                \"temporalisation\": \"during the first trimester\"\n            },\n            \"When did the symptom appear\": \"\",\n            \"previous treatments\": \"\",\n            \"reaction to previous treaments\": \"\",\n            \"behaviour affecting the symptom\": \"\"\n        }\n    ],\n    \"socio economic context\": {},\n    \"geographic_context\": {\n        \"location\": \"\",\n        \"recent travels\": \"\",\n        \"level of care\": \"\"\n    },\n    \"physiological context\": {},\n    \"psychological context\": {},\n    \"personal medical_history\": {\n        \"ovarian cysts\": \"history of\",\n        \"hyperthyroidism\": \"known diagnosis of\"\n    },\n    \"family medical_history\": {},\n    \"current medication\": {},\n    \"lifestyle factors\": {},\n    \"results of recent medical tests\": {}\n}"}