{"condition_name": "Pancreatic Cancer", "guideline": "guideline_gc.jsonl_946.json", "patient_nb": "3", "structured_patient": "{\n    \"symptoms\": [\n        {\n            \"name of the symptom\": \"persistent upper abdominal pain\",\n            \"intensity of symptom\": \"8/10 on the visual analog scale\",\n            \"specific attributes of the symptom\": {\n                \"location\": \"upper abdomen\",\n                \"Quality of\": \"pain often radiates to his back\",\n                \"temporalisation\": \"persistent\"\n            },\n            \"When did the symptom appear\": \"three months ago\",\n            \"previous treatments\": \"\",\n            \"reaction to previous treatments\": \"\",\n            \"behaviour affecting the symptom\": \"\"\n        },\n        {\n            \"name of the symptom\": \"unexplained weight loss\",\n            \"intensity of symptom\": \"20 pounds\",\n            \"specific attributes of the symptom\": {\n                \"location\": \"\",\n                \"Quality of\": \"unexplained\",\n                \"temporalisation\": \"\"\n            },\n            \"When did the symptom appear\": \"three months ago\",\n            \"previous treatments\": \"\",\n            \"reaction to previous treatments\": \"\",\n            \"behaviour affecting the symptom\": \"\"\n        },\n        {\n            \"name of the symptom\": \"steatorrhea\",\n            \"intensity of symptom\": \"\",\n            \"specific attributes of the symptom\": {\n                \"location\": \"\",\n                \"Quality of\": \"pale, foul-smelling stools\",\n                \"temporalisation\": \"\"\n            },\n            \"When did the symptom appear\": \"associated with abdominal pain\",\n            \"previous treatments\": \"enzyme replacement therapy\",\n            \"reaction to previous treatments\": \"persisted\",\n            \"behaviour affecting the symptom\": \"\"\n        }\n    ],\n    \"socio economic context\": {},\n    \"geographic_context\": {\n        \"location\": \"\",\n        \"recent travels\": \"\",\n        \"level of care\": \"\"\n    },\n    \"physiological context\": {},\n    \"psychological context\": {},\n    \"personal medical_history\": {\n        \"family history of pancreatic cancer\": \"positive\",\n        \"genetic predisposition syndrome\": \"present\"\n    },\n    \"family medical_history\": {\n        \"pancreatic cancer\": \"family history\"\n    },\n    \"current medication\": {},\n    \"lifestyle factors\": {},\n    \"results of recent medical tests\": {}\n}"}