{"condition_name": "Benign Paroxysmal Positional Vertigo", "guideline": "guideline_gc.jsonl_640.json", "patient_nb": "3", "structured_patient": "{\n    \"symptoms\": [\n        {\n            \"name of the symptom\": \"Vertigo\",\n            \"intensity of symptom\": \"8/10\",\n            \"specific attributes of the symptom\": {\n                \"location\": \"\",\n                \"Quality of\": \"spinning sensation\",\n                \"temporalisation\": \"episodic, lasting several minutes\"\n            },\n            \"When did the symptom appear\": \"Recurrent episodes\",\n            \"previous treatments\": \"\",\n            \"reaction to previous treaments\": \"\",\n            \"behaviour affecting the symptom\": \"position changes\"\n        },\n        {\n            \"name of the symptom\": \"Nystagmus\",\n            \"intensity of symptom\": \"\",\n            \"specific attributes of the symptom\": {\n                \"location\": \"\",\n                \"Quality of\": \"torsional, up-beating\",\n                \"temporalisation\": \"occurring during vertigo episodes\"\n            },\n            \"When did the symptom appear\": \"Concurrently with vertigo episodes\",\n            \"previous treatments\": \"\",\n            \"reaction to previous treaments\": \"\",\n            \"behaviour affecting the symptom\": \"\"\n        }\n    ],\n    \"socio economic context\": {},\n    \"geographic_context\": {\n        \"location\": \"\",\n        \"recent travels\": \"\",\n        \"level of care\": \"\"\n    },\n    \"physiological context\": {},\n    \"psychological context\": {},\n    \"personal medical_history\": {\n        \"hypertension\": \"present\",\n        \"cerebrovascular accident\": \"recent\"\n    },\n    \"family medical_history\": {},\n    \"current medication\": {},\n    \"lifestyle factors\": {},\n    \"results of recent medical tests\": {}\n}"}