{"condition_name": "Pouchitis", "guideline": "guideline_mayo.jsonl_809.json", "patient_nb": "2", "structured_patient": "{\n    \"symptoms\": [\n        {\n            \"name of the symptom\": \"diarrhea\",\n            \"intensity of symptom\": \"ongoing\",\n            \"specific attributes of the symptom\": {\n                \"location\": \"bowels\",\n                \"Quality of\": \"loose stools\",\n                \"temporalisation\": \"persisting\"\n            },\n            \"When did the symptom appear\": \"\",\n            \"previous treatments\": \"high-fiber diet, lifestyle modifications\",\n            \"reaction to previous treatments\": \"symptoms persisted\",\n            \"behaviour affecting the symptom\": \"\"\n        },\n        {\n            \"name of the symptom\": \"increased frequency of bowel movements\",\n            \"intensity of symptom\": \"increased\",\n            \"specific attributes of the symptom\": {\n                \"location\": \"bowels\",\n                \"Quality of\": \"normal consistency\",\n                \"temporalisation\": \"persisting\"\n            },\n            \"When did the symptom appear\": \"\",\n            \"previous treatments\": \"high-fiber diet, lifestyle modifications\",\n            \"reaction to previous treatments\": \"symptoms persisted\",\n            \"behaviour affecting the symptom\": \"\"\n        },\n        {\n            \"name of the symptom\": \"nighttime stool leakage\",\n            \"intensity of symptom\": \"6/10\",\n            \"specific attributes of the symptom\": {\n                \"location\": \"anus\",\n                \"Quality of\": \"leakage\",\n                \"temporalisation\": \"persisting\"\n            },\n            \"When did the symptom appear\": \"\",\n            \"previous treatments\": \"high-fiber diet, lifestyle modifications\",\n            \"reaction to previous treatments\": \"symptoms persisted\",\n            \"behaviour affecting the symptom\": \"\"\n        },\n        {\n            \"name of the symptom\": \"abdominal cramps\",\n            \"intensity of symptom\": \"unknown\",\n            \"specific attributes of the symptom\": {\n                \"location\": \"abdomen\",\n                \"Quality of\": \"cramping\",\n                \"temporalisation\": \"persisting\"\n            },\n            \"When did the symptom appear\": \"\",\n            \"previous treatments\": \"\",\n            \"reaction to previous treatments\": \"\",\n            \"behaviour affecting the symptom\": \"\"\n        },\n        {\n            \"name of the symptom\": \"difficulty controlling bowel movements\",\n            \"intensity of symptom\": \"unknown\",\n            \"specific attributes of the symptom\": {\n                \"location\": \"anus\",\n                \"Quality of\": \"loss of control\",\n                \"temporalisation\": \"persisting\"\n            },\n            \"When did the symptom appear\": \"\",\n            \"previous treatments\": \"\",\n            \"reaction to previous treatments\": \"\",\n            \"behaviour affecting the symptom\": \"\"\n        },\n        {\n            \"name of the symptom\": \"joint pain\",\n            \"intensity of symptom\": \"unknown\",\n            \"specific attributes of the symptom\": {\n                \"location\": \"joints\",\n                \"Quality of\": \"pain\",\n                \"temporalisation\": \"episodic\"\n            },\n            \"When did the symptom appear\": \"\",\n            \"previous treatments\": \"\",\n            \"reaction to previous treatments\": \"\",\n            \"behaviour affecting the symptom\": \"\"\n        },\n        {\n            \"name of the symptom\": \"low-grade fever\",\n            \"intensity of symptom\": \"unknown\",\n            \"specific attributes of the symptom\": {\n                \"location\": \"body\",\n                \"Quality of\": \"fever\",\n                \"temporalisation\": \"episodic\"\n            },\n            \"When did the symptom appear\": \"\",\n            \"previous treatments\": \"\",\n            \"reaction to previous treatments\": \"\",\n            \"behaviour affecting the symptom\": \"\"\n        }\n    ],\n    \"socio economic context\": {},\n    \"geographic_context\": {\n        \"location\": \"\",\n        \"recent travels\": \"\",\n        \"level of care\": \"\"\n    },\n    \"physiological context\": {},\n    \"psychological context\": {},\n    \"personal medical_history\": {},\n    \"family medical_history\": {},\n    \"current medication\": {},\n    \"lifestyle factors\": {},\n    \"results of recent medical tests\": {}\n}"}