{"condition_name": "Antiphospholipid syndrome", "guideline": "guideline_mayo.jsonl_61.json", "patient_nb": "2", "structured_patient": "{\n  \"symptoms\": [\n    {\n      \"name of the symptom\": \"recurrent transient ischemic attacks (TIAs)\",\n      \"intensity of symptom\": \"\",\n      \"specific attributes of the symptom\": {\n        \"location\": \"speech impairment, left-sided weakness\",\n        \"Quality of\": \"temporary\",\n        \"temporalisation\": \"episodic\"\n      },\n      \"When did the symptom appear\": \"over the past year\",\n      \"previous treatments\": \"unknown\",\n      \"reaction to previous treatments\": \"unknown\",\n      \"behaviour affecting the symptom\": \"\"\n    },\n    {\n      \"name of the symptom\": \"past stroke\",\n      \"intensity of symptom\": \"\",\n      \"specific attributes of the symptom\": {\n        \"location\": \"\",\n        \"Quality of\": \"unknown\",\n        \"temporalisation\": \"resolved\"\n      },\n      \"When did the symptom appear\": \"unknown\",\n      \"previous treatments\": \"rehabilitation\",\n      \"reaction to previous treatments\": \"completed\",\n      \"behaviour affecting the symptom\": \"\"\n    },\n    {\n      \"name of the symptom\": \"rash\",\n      \"intensity of symptom\": \"\",\n      \"specific attributes of the symptom\": {\n        \"location\": \"chest, back\",\n        \"Quality of\": \"unknown\",\n        \"temporalisation\": \"present\"\n      },\n      \"When did the symptom appear\": \"unknown\",\n      \"previous treatments\": \"unknown\",\n      \"reaction to previous treatments\": \"unknown\",\n      \"behaviour affecting the symptom\": \"\"\n    }\n  ],\n  \"socio economic context\": {},\n  \"geographic_context\": {\n    \"location\": \"\",\n    \"recent travels\": \"\",\n    \"level of care\": \"\"\n  },\n  \"physiological context\": {},\n  \"psychological context\": {},\n  \"personal medical_history\": {\n    \"cardiovascular disease\": \"myocardial infarction, coronary artery stenting\",\n    \"antiphospholipid antibodies\": \"detected in blood tests\"\n  },\n  \"family medical_history\": {},\n  \"current medication\": {\n    \"secondary stroke prevention therapy\": \"being taken\"\n  },\n  \"lifestyle factors\": {},\n  \"results of recent medical tests\": {\n    \"antiphospholipid antibodies\": \"presence confirmed\"\n  }\n}"}