{"condition_name": "Hypertension", "guideline": "guideline_aafp.jsonl_19.json", "patient_nb": "1", "structured_patient": "{\n    \"symptoms\": [\n        {\n            \"name of the symptom\": \"headaches\",\n            \"intensity of symptom\": \"6/10\",\n            \"specific attributes of the symptom\": {\n                \"location\": \"back of the head\",\n                \"Quality of\": \"persistent\",\n                \"temporalisation\": \"often\"\n            },\n            \"When did the symptom appear\": \"\",\n            \"previous treatments\": \"\",\n            \"reaction to previous treatments\": \"\",\n            \"behaviour affecting the symptom\": \"sedentary lifestyle, high-sodium diet\"\n        },\n        {\n            \"name of the symptom\": \"dizziness\",\n            \"intensity of symptom\": \"\",\n            \"specific attributes of the symptom\": {\n                \"location\": \"\",\n                \"Quality of\": \"occasional\",\n                \"temporalisation\": \"\"\n            },\n            \"When did the symptom appear\": \"\",\n            \"previous treatments\": \"\",\n            \"reaction to previous treatments\": \"\",\n            \"behaviour affecting the symptom\": \"sedentary lifestyle, high-sodium diet\"\n        },\n        {\n            \"name of the symptom\": \"feeling of pulsations in neck\",\n            \"intensity of symptom\": \"\",\n            \"specific attributes of the symptom\": {\n                \"location\": \"neck\",\n                \"Quality of\": \"pulsations\",\n                \"temporalisation\": \"\"\n            },\n            \"When did the symptom appear\": \"\",\n            \"previous treatments\": \"\",\n            \"reaction to previous treatments\": \"\",\n            \"behaviour affecting the symptom\": \"sedentary lifestyle, high-sodium diet\"\n        },\n        {\n            \"name of the symptom\": \"elevated blood pressure\",\n            \"intensity of symptom\": \"averaging 150/95 mmHg\",\n            \"specific attributes of the symptom\": {\n                \"location\": \"\",\n                \"Quality of\": \"\",\n                \"temporalisation\": \"\"\n            },\n            \"When did the symptom appear\": \"regular check-ups\",\n            \"previous treatments\": \"dietary modifications\",\n            \"reaction to previous treatments\": \"not effective\",\n            \"behaviour affecting the symptom\": \"sedentary lifestyle, high-sodium diet\"\n        }\n    ],\n    \"socio economic context\": {},\n    \"geographic_context\": {\n        \"location\": \"\",\n        \"recent travels\": \"\",\n        \"level of care\": \"\"\n    },\n    \"physiological context\": {},\n    \"psychological context\": {},\n    \"personal medical_history\": {},\n    \"family medical_history\": {\n        \"cardiovascular diseases\": \"present in family history\"\n    },\n    \"current medication\": {},\n    \"lifestyle factors\": {\n        \"activity level\": \"sedentary\",\n        \"diet\": \"high-sodium\"\n    },\n    \"results of recent medical tests\": {}\n}"}